report_id,location_id,location_name,active,country,bu_rc_id,bu_rc_name,fiscal_year,fiscal_quarter,status,currency,env_installation_id,name,number_installations,impact_environment,relevance,legal_norm,remark,env_installations_remark,source_last_updated,load_date
3000,1,Synthetic Site 001,True,DE,3001,SI_D_DI,2022,Y,Approved,EUR,8562.0,,,Air polluting installations,Notifiable,4. BImSchV,,,2022-03-09 00:00:00.000,2026-07-10 08:00:00.000
3000,1,Synthetic Site 001,True,DE,3001,SI_D_DI,2022,Y,Approved,EUR,8563.0,Fuel burning boiler,2.0,Air polluting installations,Subject to authorization,BImSchV,Documentation updated following last audit.,,2022-03-09 00:00:00.000,2026-07-10 08:00:00.000
3000,1,Synthetic Site 001,True,DE,3001,SI_D_DI,2022,Y,Approved,EUR,8564.0,Air compressor,1.0,Air polluting installations,Environmental relevant,BImSchV,Annual review: installation within permitted limits.,,2022-03-09 00:00:00.000,2026-07-10 08:00:00.000
3001,1,Synthetic Site 001,True,DE,3001,SI_D_DI,2023,Y,Approved,EUR,8565.0,,,Air polluting installations,Notifiable,4. BImSchV,Routine inspection completed; no non-conformities found.,,2023-07-15 00:00:00.000,2026-07-10 08:00:00.000
3001,1,Synthetic Site 001,True,DE,3001,SI_D_DI,2023,Y,Approved,EUR,8566.0,Fuel burning boiler,3.0,Air polluting installations,Subject to authorization,,,,,2026-07-10 08:00:00.000
3001,1,Synthetic Site 001,True,DE,3001,SI_D_DI,2023,Y,Approved,EUR,8567.0,Air compressor,1.0,Air polluting installations,Environmental relevant,BImSchV,Annual review: installation within permitted limits.,,2023-07-15 00:00:00.000,2026-07-10 08:00:00.000
3002,1,Synthetic Site 001,True,DE,3001,SI_D_DI,2024,Y,Approved,EUR,8568.0,Diesel generator,1.0,Air polluting installations,Notifiable,,,,2024-04-17 00:00:00.000,2026-07-10 08:00:00.000
3002,1,Synthetic Site 001,True,DE,3001,SI_D_DI,2024,Y,Approved,EUR,8569.0,Fuel burning boiler,4.0,Air polluting installations,Subject to authorization,BImSchV,,,2024-04-17 00:00:00.000,2026-07-10 08:00:00.000
3002,1,Synthetic Site 001,True,DE,3001,SI_D_DI,2024,Y,Approved,EUR,8570.0,Air compressor,1.0,Air polluting installations,Environmental relevant,,,,2024-04-17 00:00:00.000,2026-07-10 08:00:00.000
3003,1,Synthetic Site 001,True,DE,3001,SI_D_DI,2025,Y,Approved,EUR,8571.0,Diesel generator,2.0,Air polluting installations,Notifiable,,,,2025-04-15 00:00:00.000,2026-07-10 08:00:00.000
3003,1,Synthetic Site 001,True,DE,3001,SI_D_DI,2025,Y,Approved,EUR,8572.0,Fuel burning boiler,1.0,Air polluting installations,Subject to authorization,,,,2025-04-15 00:00:00.000,2026-07-10 08:00:00.000
3003,1,Synthetic Site 001,True,DE,3001,SI_D_DI,2025,Y,Approved,EUR,8573.0,Air compressor,2.0,Air polluting installations,Environmental relevant,,,,2025-04-15 00:00:00.000,2026-07-10 08:00:00.000
3004,1,Synthetic Site 001,True,DE,3001,SI_D_DI,2026,Y,Approved,EUR,8574.0,Diesel generator,3.0,Air polluting installations,Notifiable,,,,2026-06-26 00:00:00.000,2026-07-10 08:00:00.000
3004,1,Synthetic Site 001,True,DE,3001,SI_D_DI,2026,Y,Approved,EUR,8575.0,Fuel burning boiler,1.0,Air polluting installations,Subject to authorization,,Documentation updated following last audit.,,2026-06-26 00:00:00.000,2026-07-10 08:00:00.000
3004,1,Synthetic Site 001,True,DE,3001,SI_D_DI,2026,Y,Approved,EUR,8576.0,,,Air polluting installations,Environmental relevant,,,,2026-06-26 00:00:00.000,2026-07-10 08:00:00.000
3005,2,Synthetic Site 002,True,BE,3012,SI_D_PM,2022,Y,Approved,EUR,8577.0,,,Air polluting installations,Environmental relevant,BImSchV,,,2021-12-21 00:00:00.000,2026-07-10 08:00:00.000
3005,2,Synthetic Site 002,True,BE,3012,SI_D_PM,2022,Y,Approved,EUR,8578.0,Selective soldering unit,3.0,Air polluting installations,Notifiable,,,,2021-12-21 00:00:00.000,2026-07-10 08:00:00.000
3005,2,Synthetic Site 002,True,BE,3012,SI_D_PM,2022,Y,Approved,EUR,8579.0,Chiller,2.0,Cooling installation with HCFC/CFC,Notifiable,42. BImSchV,,,2021-12-21 00:00:00.000,2026-07-10 08:00:00.000
3006,2,Synthetic Site 002,True,BE,3012,SI_D_PM,2023,Y,Approved,EUR,8580.0,,,Air polluting installations,Environmental relevant,BImSchV,Routine inspection completed; no non-conformities found.,,2022-11-20 00:00:00.000,2026-07-10 08:00:00.000
3006,2,Synthetic Site 002,True,BE,3012,SI_D_PM,2023,Y,Approved,EUR,8581.0,,,Air polluting installations,Notifiable,,,,2022-11-20 00:00:00.000,2026-07-10 08:00:00.000
3006,2,Synthetic Site 002,True,BE,3012,SI_D_PM,2023,Y,Approved,EUR,8582.0,Chiller,2.0,Cooling installation with HCFC/CFC,Notifiable,,Minor maintenance scheduled for next quarter.,,2022-11-20 00:00:00.000,2026-07-10 08:00:00.000
3007,2,Synthetic Site 002,True,BE,3012,SI_D_PM,2024,Y,Approved,EUR,8583.0,Air compressor,1.0,Air polluting installations,Environmental relevant,BImSchV,Routine inspection completed; no non-conformities found.,,2024-07-06 00:00:00.000,2026-07-10 08:00:00.000
3007,2,Synthetic Site 002,True,BE,3012,SI_D_PM,2024,Y,Approved,EUR,8584.0,Selective soldering unit,1.0,Air polluting installations,Notifiable,,Minor maintenance scheduled for next quarter.,,2024-07-06 00:00:00.000,2026-07-10 08:00:00.000
3007,2,Synthetic Site 002,True,BE,3012,SI_D_PM,2024,Y,Approved,EUR,8585.0,Chiller,4.0,Cooling installation with HCFC/CFC,Notifiable,42. BImSchV,,,2024-07-06 00:00:00.000,2026-07-10 08:00:00.000
3008,2,Synthetic Site 002,True,BE,3012,SI_D_PM,2025,Y,Approved,EUR,8586.0,,,Air polluting installations,Environmental relevant,,,,2025-07-10 00:00:00.000,2026-07-10 08:00:00.000
3008,2,Synthetic Site 002,True,BE,3012,SI_D_PM,2025,Y,Approved,EUR,8587.0,,,Air polluting installations,Notifiable,,Minor maintenance scheduled for next quarter.,,2025-07-10 00:00:00.000,2026-07-10 08:00:00.000
3008,2,Synthetic Site 002,True,BE,3012,SI_D_PM,2025,Y,Approved,EUR,8588.0,Chiller,1.0,Cooling installation with HCFC/CFC,Notifiable,42. BImSchV,Minor maintenance scheduled for next quarter.,,2025-07-10 00:00:00.000,2026-07-10 08:00:00.000
3009,2,Synthetic Site 002,False,BE,3012,SI_D_PM,2026,Y,Approved,EUR,8589.0,Air compressor,1.0,Air polluting installations,Environmental relevant,,,,2026-07-02 00:00:00.000,2026-07-10 08:00:00.000
3009,2,Synthetic Site 002,False,BE,3012,SI_D_PM,2026,Y,Approved,EUR,8590.0,Selective soldering unit,3.0,Air polluting installations,Notifiable,,,,2026-07-02 00:00:00.000,2026-07-10 08:00:00.000
3009,2,Synthetic Site 002,False,BE,3012,SI_D_PM,2026,Y,Approved,EUR,8591.0,Chiller,1.0,Cooling installation with HCFC/CFC,Notifiable,42. BImSchV,Minor maintenance scheduled for next quarter.,,2026-07-02 00:00:00.000,2026-07-10 08:00:00.000
3010,3,Synthetic Site 003,True,FR,3010,SI_D_IN,2022,Y,Approved,EUR,8592.0,Emergency power unit,1.0,Other plants,Notifiable,BetrSichV,,,2022-06-25 00:00:00.000,2026-07-10 08:00:00.000
3010,3,Synthetic Site 003,True,FR,3010,SI_D_IN,2022,Y,Approved,EUR,8593.0,,,Plants for handling with waterpolluting substances,Notifiable,AwSV,Minor maintenance scheduled for next quarter.,,2022-06-25 00:00:00.000,2026-07-10 08:00:00.000
3010,3,Synthetic Site 003,True,FR,3010,SI_D_IN,2022,Y,Approved,EUR,8594.0,,,Air polluting installations,Environmental relevant,BImSchV,,,2022-06-25 00:00:00.000,2026-07-10 08:00:00.000
3011,3,Synthetic Site 003,True,FR,3010,SI_D_IN,2023,Y,Approved,EUR,8595.0,,,Other plants,Notifiable,BetrSichV,,,2023-08-11 00:00:00.000,2026-07-10 08:00:00.000
3011,3,Synthetic Site 003,True,FR,3010,SI_D_IN,2023,Y,Approved,EUR,8596.0,Underground storage tank,1.0,Plants for handling with waterpolluting substances,Notifiable,,,,2023-08-11 00:00:00.000,2026-07-10 08:00:00.000
3011,3,Synthetic Site 003,True,FR,3010,SI_D_IN,2023,Y,Approved,EUR,8597.0,Air compressor,1.0,Air polluting installations,Environmental relevant,,Minor maintenance scheduled for next quarter.,,2023-08-11 00:00:00.000,2026-07-10 08:00:00.000
3012,3,Synthetic Site 003,True,FR,3010,SI_D_IN,2024,Y,Approved,EUR,8598.0,Emergency power unit,1.0,Other plants,Notifiable,BetrSichV,,,2024-08-10 00:00:00.000,2026-07-10 08:00:00.000
3012,3,Synthetic Site 003,True,FR,3010,SI_D_IN,2024,Y,Approved,EUR,8599.0,Underground storage tank,1.0,Plants for handling with waterpolluting substances,Notifiable,AwSV,Minor maintenance scheduled for next quarter.,,2024-08-10 00:00:00.000,2026-07-10 08:00:00.000
3012,3,Synthetic Site 003,True,FR,3010,SI_D_IN,2024,Y,Approved,EUR,8600.0,,,Air polluting installations,Environmental relevant,BImSchV,Minor maintenance scheduled for next quarter.,,2024-08-10 00:00:00.000,2026-07-10 08:00:00.000
3013,3,Synthetic Site 003,True,FR,3010,SI_D_IN,2025,Y,Approved,EUR,8601.0,,,Other plants,Notifiable,,,,2025-08-07 00:00:00.000,
3013,3,Synthetic Site 003,True,FR,3010,SI_D_IN,2025,Y,Approved,EUR,,,,Plants for handling with waterpolluting substances,Notifiable,AwSV,Minor maintenance scheduled for next quarter.,,2025-08-07 00:00:00.000,2026-07-10 08:00:00.000
3013,3,Synthetic Site 003,True,FR,3010,SI_D_IN,2025,Y,Approved,EUR,8603.0,Air compressor,3.0,,,,Minor maintenance scheduled for next quarter.,,2025-08-07 00:00:00.000,2026-07-10 08:00:00.000
3014,3,Synthetic Site 003,True,FR,3010,SI_D_IN,2026,Y,Approved,EUR,8604.0,Emergency power unit,2.0,Other plants,Notifiable,,,,2025-11-15 00:00:00.000,2026-07-10 08:00:00.000
3014,3,Synthetic Site 003,True,FR,3010,SI_D_IN,2026,Y,Approved,EUR,8605.0,,,Plants for handling with waterpolluting substances,Notifiable,AwSV,,,2025-11-15 00:00:00.000,2026-07-10 08:00:00.000
3014,3,Synthetic Site 003,True,FR,3010,SI_D_IN,2026,Y,Approved,EUR,8606.0,Air compressor,1.0,Air polluting installations,Environmental relevant,BImSchV,Minor maintenance scheduled for next quarter.,,2025-11-15 00:00:00.000,2026-07-10 08:00:00.000
3015,4,Synthetic Site 004,True,BR,3011,SI_D_OP,2022,Y,Approved,BRL,8607.0,Transformer station,2.0,Other plants,Environmental relevant,,,,2021-12-27 00:00:00.000,2026-07-10 08:00:00.000
3015,4,Synthetic Site 004,True,BR,3011,SI_D_OP,2022,Y,Approved,BRL,,Oil-water separator,1.0,Waste water treatment plants,Notifiable,WHG,,,2021-12-27 00:00:00.000,2026-07-10 08:00:00.000
3015,4,Synthetic Site 004,True,BR,3011,SI_D_OP,2022,Y,Approved,BRL,8609.0,Fuel burning boiler,2.0,Air polluting installations,Subject to authorization,BImSchV,,,2021-12-27 00:00:00.000,2026-07-10 08:00:00.000
3015,4,Synthetic Site 004,True,BR,3011,SI_D_OP,2022,Y,Approved,BRL,8610.0,Emergency power unit,1.0,Other plants,Notifiable,BetrSichV,Documentation updated following last audit.,,2021-12-27 00:00:00.000,2026-07-10 08:00:00.000
3016,4,Synthetic Site 004,True,BR,3011,SI_D_OP,2023,Y,Approved,BRL,8611.0,,,Other plants,Environmental relevant,,,,2023-06-07 00:00:00.000,2026-07-10 08:00:00.000
3016,4,Synthetic Site 004,True,BR,3011,SI_D_OP,2023,Y,Approved,BRL,8612.0,Oil-water separator,1.0,Waste water treatment plants,Notifiable,WHG,,,2023-06-07 00:00:00.000,2026-07-10 08:00:00.000
3016,4,Synthetic Site 004,True,BR,3011,SI_D_OP,2023,Y,Approved,BRL,8613.0,,,Air polluting installations,Subject to authorization,BImSchV,,,2023-06-07 00:00:00.000,2026-07-10 08:00:00.000
3016,4,Synthetic Site 004,True,BR,3011,SI_D_OP,2023,Y,Approved,BRL,8614.0,,,Other plants,Notifiable,BetrSichV,,,2023-06-07 00:00:00.000,
3017,4,Synthetic Site 004,True,BR,3011,SI_D_OP,2024,Y,Approved,BRL,8615.0,Transformer station,2.0,Other plants,Environmental relevant,,Minor maintenance scheduled for next quarter.,,2024-02-02 00:00:00.000,2026-07-10 08:00:00.000
3017,4,Synthetic Site 004,True,BR,3011,SI_D_OP,2024,Y,Approved,BRL,8616.0,,,Waste water treatment plants,Notifiable,WHG,Permit renewal pending; operations continue under existing permit.,,2024-02-02 00:00:00.000,2026-07-10 08:00:00.000
3017,4,Synthetic Site 004,True,BR,3011,SI_D_OP,2024,Y,Approved,BRL,8617.0,Fuel burning boiler,2.0,Air polluting installations,Subject to authorization,BImSchV,,,2024-02-02 00:00:00.000,2026-07-10 08:00:00.000
3017,4,Synthetic Site 004,True,BR,3011,SI_D_OP,2024,Y,Approved,BRL,8618.0,,,Other plants,Notifiable,,Documentation updated following last audit.,,2024-02-02 00:00:00.000,2026-07-10 08:00:00.000
3018,4,Synthetic Site 004,True,BR,3011,SI_D_OP,2025,Y,In Work,BRL,8619.0,Transformer station,2.0,Other plants,Environmental relevant,,,,2024-12-21 00:00:00.000,2026-07-10 08:00:00.000
3018,4,Synthetic Site 004,True,BR,3011,SI_D_OP,2025,Y,In Work,BRL,8620.0,,,Waste water treatment plants,Notifiable,WHG,,,2024-12-21 00:00:00.000,2026-07-10 08:00:00.000
3018,4,Synthetic Site 004,True,BR,3011,SI_D_OP,2025,Y,In Work,BRL,8621.0,Fuel burning boiler,2.0,Air polluting installations,Subject to authorization,,,,2024-12-21 00:00:00.000,2026-07-10 08:00:00.000
3018,4,Synthetic Site 004,True,BR,3011,SI_D_OP,2025,Y,In Work,BRL,8622.0,Emergency power unit,1.0,Other plants,Notifiable,BetrSichV,,,2024-12-21 00:00:00.000,
3019,4,Synthetic Site 004,True,BR,3011,SI_D_OP,2026,Y,Approved,BRL,8623.0,Transformer station,5.0,Other plants,Environmental relevant,,,,2026-05-29 00:00:00.000,2026-07-10 08:00:00.000
3019,4,Synthetic Site 004,True,BR,3011,SI_D_OP,2026,Y,Approved,BRL,,Oil-water separator,2.0,,,WHG,,,2026-05-29 00:00:00.000,2026-07-10 08:00:00.000
3019,4,Synthetic Site 004,True,BR,3011,SI_D_OP,2026,Y,Approved,BRL,8625.0,Fuel burning boiler,2.0,Air polluting installations,Subject to authorization,,,,2026-05-29 00:00:00.000,2026-07-10 08:00:00.000
3019,4,Synthetic Site 004,True,BR,3011,SI_D_OP,2026,Y,Approved,BRL,8626.0,Emergency power unit,4.0,Other plants,Notifiable,,,,2026-05-29 00:00:00.000,2026-07-10 08:00:00.000
3020,5,Synthetic Site 005,True,AU,3012,SI_D_PM,2022,Y,Approved,AUD,8627.0,,,Plants for handling with waterpolluting substances,Environmental relevant,,,,2022-02-11 00:00:00.000,2026-07-10 08:00:00.000
3020,5,Synthetic Site 005,True,AU,3012,SI_D_PM,2022,Y,Approved,AUD,8628.0,Hazardous waste storage,2.0,Waste treatment plants and own landfill,Notifiable,,Annual review: installation within permitted limits.,,2022-02-11 00:00:00.000,2026-07-10 08:00:00.000
3020,5,Synthetic Site 005,True,AU,3012,SI_D_PM,2022,Y,Approved,AUD,8629.0,HVAC unit,1.0,Cooling installation with HCFC/CFC,Environmental relevant,,Routine inspection completed; no non-conformities found.,,2022-02-11 00:00:00.000,2026-07-10 08:00:00.000
3020,5,Synthetic Site 005,True,AU,3012,SI_D_PM,2022,Y,Approved,AUD,8630.0,Hazardous substance storage,2.0,Plants for handling with waterpolluting substances,Subject to authorization,AwSV,,,2022-02-11 00:00:00.000,2026-07-10 08:00:00.000
3020,5,Synthetic Site 005,True,AU,3012,SI_D_PM,2022,Y,Approved,AUD,8631.0,Biological treatment unit,6.0,Waste water treatment plants,Subject to authorization,WHG-VawS,Annual review: installation within permitted limits.,,2022-02-11 00:00:00.000,2026-07-10 08:00:00.000
3021,5,Synthetic Site 005,True,AU,3012,SI_D_PM,2023,Y,Approved,AUD,8632.0,Chemical storage area,1.0,Plants for handling with waterpolluting substances,Environmental relevant,AwSV,Routine inspection completed; no non-conformities found.,,2022-12-10 00:00:00.000,2026-07-10 08:00:00.000
3021,5,Synthetic Site 005,True,AU,3012,SI_D_PM,2023,Y,Approved,AUD,8633.0,,,Waste treatment plants and own landfill,Notifiable,BetrSichV,Annual review: installation within permitted limits.,,2022-12-10 00:00:00.000,2026-07-10 08:00:00.000
3021,5,Synthetic Site 005,True,AU,3012,SI_D_PM,2023,Y,Approved,AUD,8634.0,HVAC unit,1.0,Cooling installation with HCFC/CFC,Environmental relevant,,Routine inspection completed; no non-conformities found.,,2022-12-10 00:00:00.000,2026-07-10 08:00:00.000
3021,5,Synthetic Site 005,True,AU,3012,SI_D_PM,2023,Y,Approved,AUD,8635.0,,,Plants for handling with waterpolluting substances,Subject to authorization,AwSV,Permit renewal pending; operations continue under existing permit.,,2022-12-10 00:00:00.000,
3021,5,Synthetic Site 005,True,AU,3012,SI_D_PM,2023,Y,Approved,AUD,8636.0,,,Waste water treatment plants,Subject to authorization,WHG-VawS,Annual review: installation within permitted limits.,,2022-12-10 00:00:00.000,
3022,5,Synthetic Site 005,True,AU,3012,SI_D_PM,2024,Y,Approved,AUD,8637.0,Chemical storage area,2.0,Plants for handling with waterpolluting substances,Environmental relevant,AwSV,,,2024-03-16 00:00:00.000,2026-07-10 08:00:00.000
3022,5,Synthetic Site 005,True,AU,3012,SI_D_PM,2024,Y,Approved,AUD,8638.0,Hazardous waste storage,2.0,Waste treatment plants and own landfill,Notifiable,,Annual review: installation within permitted limits.,,2024-03-16 00:00:00.000,2026-07-10 08:00:00.000
3022,5,Synthetic Site 005,True,AU,3012,SI_D_PM,2024,Y,Approved,AUD,8639.0,HVAC unit,4.0,Cooling installation with HCFC/CFC,Environmental relevant,,,,2024-03-16 00:00:00.000,2026-07-10 08:00:00.000
3022,5,Synthetic Site 005,True,AU,3012,SI_D_PM,2024,Y,Approved,AUD,8640.0,Hazardous substance storage,3.0,,,,,,2024-03-16 00:00:00.000,2026-07-10 08:00:00.000
3022,5,Synthetic Site 005,True,AU,3012,SI_D_PM,2024,Y,Approved,AUD,8641.0,Biological treatment unit,1.0,,,WHG-VawS,Annual review: installation within permitted limits.,,2024-03-16 00:00:00.000,2026-07-10 08:00:00.000
3023,5,Synthetic Site 005,True,AU,3012,SI_D_PM,2025,Y,Approved,AUD,8642.0,Chemical storage area,6.0,Plants for handling with waterpolluting substances,Environmental relevant,AwSV,,,2024-12-18 00:00:00.000,2026-07-10 08:00:00.000
3023,5,Synthetic Site 005,True,AU,3012,SI_D_PM,2025,Y,Approved,AUD,8643.0,,,Waste treatment plants and own landfill,Notifiable,BetrSichV,,,2024-12-18 00:00:00.000,2026-07-10 08:00:00.000
3023,5,Synthetic Site 005,True,AU,3012,SI_D_PM,2025,Y,Approved,AUD,8644.0,HVAC unit,2.0,Cooling installation with HCFC/CFC,Environmental relevant,,,,2024-12-18 00:00:00.000,2026-07-10 08:00:00.000
3023,5,Synthetic Site 005,True,AU,3012,SI_D_PM,2025,Y,Approved,AUD,8645.0,Hazardous substance storage,2.0,Plants for handling with waterpolluting substances,Subject to authorization,AwSV,,,2024-12-18 00:00:00.000,2026-07-10 08:00:00.000
3023,5,Synthetic Site 005,True,AU,3012,SI_D_PM,2025,Y,Approved,AUD,8646.0,,,Waste water treatment plants,Subject to authorization,WHG-VawS,Annual review: installation within permitted limits.,,2024-12-18 00:00:00.000,2026-07-10 08:00:00.000
3024,5,Synthetic Site 005,True,AU,3012,SI_D_PM,2026,Y,Approved,AUD,8647.0,Chemical storage area,1.0,Plants for handling with waterpolluting substances,Environmental relevant,AwSV,Routine inspection completed; no non-conformities found.,,2026-02-12 00:00:00.000,2026-07-10 08:00:00.000
3024,5,Synthetic Site 005,True,AU,3012,SI_D_PM,2026,Y,Approved,AUD,8648.0,Hazardous waste storage,1.0,Waste treatment plants and own landfill,Notifiable,BetrSichV,,,2026-02-12 00:00:00.000,2026-07-10 08:00:00.000
3024,5,Synthetic Site 005,True,AU,3012,SI_D_PM,2026,Y,Approved,AUD,8649.0,HVAC unit,1.0,Cooling installation with HCFC/CFC,Environmental relevant,,,,2026-02-12 00:00:00.000,2026-07-10 08:00:00.000
3024,5,Synthetic Site 005,True,AU,3012,SI_D_PM,2026,Y,Approved,AUD,8650.0,Hazardous substance storage,4.0,Plants for handling with waterpolluting substances,Subject to authorization,AwSV,,,2026-02-12 00:00:00.000,2026-07-10 08:00:00.000
3024,5,Synthetic Site 005,True,AU,3012,SI_D_PM,2026,Y,Approved,AUD,8651.0,,,Waste water treatment plants,Subject to authorization,WHG-VawS,,,2026-02-12 00:00:00.000,2026-07-10 08:00:00.000
3025,6,Synthetic Site 006,True,CN,3007,SI_D_SW,2022,Y,Approved,CNY,8652.0,Transformer station,2.0,Other plants,Environmental relevant,,,,2022-05-01 00:00:00.000,2026-07-10 08:00:00.000
3025,6,Synthetic Site 006,True,CN,3007,SI_D_SW,2022,Y,Approved,CNY,8653.0,HVAC unit,3.0,Cooling installation with HCFC/CFC,Environmental relevant,,,,2022-05-01 00:00:00.000,2026-07-10 08:00:00.000
3025,6,Synthetic Site 006,True,CN,3007,SI_D_SW,2022,Y,Approved,CNY,8654.0,Fuel burning boiler,1.0,Air polluting installations,Subject to authorization,,Documentation updated following last audit.,,2022-05-01 00:00:00.000,2026-07-10 08:00:00.000
3025,6,Synthetic Site 006,True,CN,3007,SI_D_SW,2022,Y,Approved,CNY,8655.0,Oil-water separator,3.0,Waste water treatment plants,Notifiable,,Permit renewal pending; operations continue under existing permit.,,2022-05-01 00:00:00.000,2026-07-10 08:00:00.000
3025,6,Synthetic Site 006,True,CN,3007,SI_D_SW,2022,Y,Approved,CNY,8656.0,,,Air polluting installations,Environmental relevant,,Minor maintenance scheduled for next quarter.,,2022-05-01 00:00:00.000,2026-07-10 08:00:00.000
3025,6,Synthetic Site 006,True,CN,3007,SI_D_SW,2022,Y,Approved,CNY,8657.0,Biological treatment unit,1.0,Waste water treatment plants,Subject to authorization,WHG-VawS,,,2022-05-01 00:00:00.000,2026-07-10 08:00:00.000
3025,6,Synthetic Site 006,True,CN,3007,SI_D_SW,2022,Y,Approved,CNY,,Fat separator,6.0,Waste water treatment plants,Environmental relevant,WHG,,,2022-05-01 00:00:00.000,2026-07-10 08:00:00.000
3025,6,Synthetic Site 006,True,CN,3007,SI_D_SW,2022,Y,Approved,CNY,,Selective soldering unit,2.0,,,clean air law,Documentation updated following last audit.,,2022-05-01 00:00:00.000,2026-07-10 08:00:00.000
3026,6,Synthetic Site 006,True,CN,3007,SI_D_SW,2023,Y,Approved,CNY,8660.0,Transformer station,2.0,Other plants,Environmental relevant,,,,2023-06-03 00:00:00.000,2026-07-10 08:00:00.000
3026,6,Synthetic Site 006,True,CN,3007,SI_D_SW,2023,Y,Approved,CNY,8661.0,HVAC unit,1.0,Cooling installation with HCFC/CFC,Environmental relevant,,Documentation updated following last audit.,,2023-06-03 00:00:00.000,2026-07-10 08:00:00.000
3026,6,Synthetic Site 006,True,CN,3007,SI_D_SW,2023,Y,Approved,CNY,8662.0,Fuel burning boiler,3.0,Air polluting installations,Subject to authorization,BImSchV,,,2023-06-03 00:00:00.000,2026-07-10 08:00:00.000
3026,6,Synthetic Site 006,True,CN,3007,SI_D_SW,2023,Y,Approved,CNY,8663.0,Oil-water separator,2.0,Waste water treatment plants,Notifiable,,Permit renewal pending; operations continue under existing permit.,,2023-06-03 00:00:00.000,2026-07-10 08:00:00.000
3026,6,Synthetic Site 006,True,CN,3007,SI_D_SW,2023,Y,Approved,CNY,8664.0,,,Air polluting installations,Environmental relevant,,Minor maintenance scheduled for next quarter.,,2023-06-03 00:00:00.000,2026-07-10 08:00:00.000
3026,6,Synthetic Site 006,True,CN,3007,SI_D_SW,2023,Y,Approved,CNY,8665.0,Biological treatment unit,2.0,Waste water treatment plants,Subject to authorization,WHG-VawS,Minor maintenance scheduled for next quarter.,,2023-06-03 00:00:00.000,
3026,6,Synthetic Site 006,True,CN,3007,SI_D_SW,2023,Y,Approved,CNY,8666.0,Fat separator,3.0,Waste water treatment plants,Environmental relevant,WHG,,,2023-06-03 00:00:00.000,2026-07-10 08:00:00.000
3026,6,Synthetic Site 006,True,CN,3007,SI_D_SW,2023,Y,Approved,CNY,8667.0,,,Air polluting installations,Notifiable,clean air law,,,2023-06-03 00:00:00.000,2026-07-10 08:00:00.000
3027,6,Synthetic Site 006,True,CN,3007,SI_D_SW,2024,Y,Approved,CNY,8668.0,Transformer station,2.0,Other plants,Environmental relevant,,,,2024-03-17 00:00:00.000,2026-07-10 08:00:00.000
3027,6,Synthetic Site 006,True,CN,3007,SI_D_SW,2024,Y,Approved,CNY,8669.0,,,Cooling installation with HCFC/CFC,Environmental relevant,,,,2024-03-17 00:00:00.000,2026-07-10 08:00:00.000
3027,6,Synthetic Site 006,True,CN,3007,SI_D_SW,2024,Y,Approved,CNY,8670.0,Fuel burning boiler,1.0,Air polluting installations,Subject to authorization,BImSchV,,,2024-03-17 00:00:00.000,2026-07-10 08:00:00.000
3027,6,Synthetic Site 006,True,CN,3007,SI_D_SW,2024,Y,Approved,CNY,8671.0,Oil-water separator,4.0,Waste water treatment plants,Notifiable,,,,2024-03-17 00:00:00.000,2026-07-10 08:00:00.000
3027,6,Synthetic Site 006,True,CN,3007,SI_D_SW,2024,Y,Approved,CNY,8672.0,Air compressor,3.0,Air polluting installations,Environmental relevant,BImSchV,,,2024-03-17 00:00:00.000,
3027,6,Synthetic Site 006,True,CN,3007,SI_D_SW,2024,Y,Approved,CNY,8673.0,Biological treatment unit,1.0,Waste water treatment plants,Subject to authorization,WHG-VawS,,,2024-03-17 00:00:00.000,2026-07-10 08:00:00.000
3027,6,Synthetic Site 006,True,CN,3007,SI_D_SW,2024,Y,Approved,CNY,8674.0,,,Waste water treatment plants,Environmental relevant,,Minor maintenance scheduled for next quarter.,,2024-03-17 00:00:00.000,
3027,6,Synthetic Site 006,True,CN,3007,SI_D_SW,2024,Y,Approved,CNY,8675.0,Selective soldering unit,1.0,Air polluting installations,Notifiable,clean air law,Documentation updated following last audit.,,2024-03-17 00:00:00.000,2026-07-10 08:00:00.000
3028,6,Synthetic Site 006,True,CN,3007,SI_D_SW,2025,Y,Approved,CNY,8676.0,Transformer station,1.0,Other plants,Environmental relevant,,,,2025-03-07 00:00:00.000,2026-07-10 08:00:00.000
3028,6,Synthetic Site 006,True,CN,3007,SI_D_SW,2025,Y,Approved,CNY,8677.0,,,Cooling installation with HCFC/CFC,Environmental relevant,,Documentation updated following last audit.,,2025-03-07 00:00:00.000,2026-07-10 08:00:00.000
3028,6,Synthetic Site 006,True,CN,3007,SI_D_SW,2025,Y,Approved,CNY,8678.0,Fuel burning boiler,2.0,Air polluting installations,Subject to authorization,BImSchV,,,2025-03-07 00:00:00.000,2026-07-10 08:00:00.000
3028,6,Synthetic Site 006,True,CN,3007,SI_D_SW,2025,Y,Approved,CNY,8679.0,Oil-water separator,2.0,Waste water treatment plants,Notifiable,WHG,,,2025-03-07 00:00:00.000,2026-07-10 08:00:00.000
3028,6,Synthetic Site 006,True,CN,3007,SI_D_SW,2025,Y,Approved,CNY,8680.0,Air compressor,1.0,Air polluting installations,Environmental relevant,BImSchV,,,2025-03-07 00:00:00.000,2026-07-10 08:00:00.000
3028,6,Synthetic Site 006,True,CN,3007,SI_D_SW,2025,Y,Approved,CNY,8681.0,,,,,,,,2025-03-07 00:00:00.000,2026-07-10 08:00:00.000
3028,6,Synthetic Site 006,True,CN,3007,SI_D_SW,2025,Y,Approved,CNY,8682.0,Fat separator,1.0,Waste water treatment plants,Environmental relevant,WHG,Minor maintenance scheduled for next quarter.,,2025-03-07 00:00:00.000,2026-07-10 08:00:00.000
3028,6,Synthetic Site 006,True,CN,3007,SI_D_SW,2025,Y,Approved,CNY,8683.0,,,Air polluting installations,Notifiable,clean air law,Documentation updated following last audit.,,2025-03-07 00:00:00.000,2026-07-10 08:00:00.000
3029,6,Synthetic Site 006,True,CN,3007,SI_D_SW,2026,Y,Approved,CNY,8684.0,Transformer station,1.0,Other plants,Environmental relevant,,Annual review: installation within permitted limits.,,2026-02-26 00:00:00.000,2026-07-10 08:00:00.000
3029,6,Synthetic Site 006,True,CN,3007,SI_D_SW,2026,Y,Approved,CNY,8685.0,HVAC unit,3.0,Cooling installation with HCFC/CFC,Environmental relevant,,,,2026-02-26 00:00:00.000,2026-07-10 08:00:00.000
3029,6,Synthetic Site 006,True,CN,3007,SI_D_SW,2026,Y,Approved,CNY,8686.0,Fuel burning boiler,3.0,Air polluting installations,Subject to authorization,BImSchV,,,2026-02-26 00:00:00.000,2026-07-10 08:00:00.000
3029,6,Synthetic Site 006,True,CN,3007,SI_D_SW,2026,Y,Approved,CNY,8687.0,Oil-water separator,2.0,Waste water treatment plants,Notifiable,WHG,,,2026-02-26 00:00:00.000,2026-07-10 08:00:00.000
3029,6,Synthetic Site 006,True,CN,3007,SI_D_SW,2026,Y,Approved,CNY,8688.0,Air compressor,2.0,Air polluting installations,Environmental relevant,BImSchV,Minor maintenance scheduled for next quarter.,,2026-02-26 00:00:00.000,2026-07-10 08:00:00.000
3029,6,Synthetic Site 006,True,CN,3007,SI_D_SW,2026,Y,Approved,CNY,8689.0,Biological treatment unit,1.0,Waste water treatment plants,Subject to authorization,WHG-VawS,Minor maintenance scheduled for next quarter.,,2026-02-26 00:00:00.000,2026-07-10 08:00:00.000
3029,6,Synthetic Site 006,True,CN,3007,SI_D_SW,2026,Y,Approved,CNY,,Fat separator,1.0,Waste water treatment plants,Environmental relevant,WHG,Minor maintenance scheduled for next quarter.,,2026-02-26 00:00:00.000,
3029,6,Synthetic Site 006,True,CN,3007,SI_D_SW,2026,Y,Approved,CNY,8691.0,Selective soldering unit,1.0,Air polluting installations,Notifiable,,,,2026-02-26 00:00:00.000,2026-07-10 08:00:00.000
3030,7,Synthetic Site 007,True,DE,3009,SI_D_EV,2022,Y,Approved,EUR,8692.0,Sewage treatment plant,3.0,Waste water treatment plants,Subject to authorization,WHG,Permit renewal pending; operations continue under existing permit.,,2022-03-10 00:00:00.000,2026-07-10 08:00:00.000
3030,7,Synthetic Site 007,True,DE,3009,SI_D_EV,2022,Y,Approved,EUR,8693.0,Underground storage tank,2.0,Plants for handling with waterpolluting substances,Notifiable,AwSV,,,2022-03-10 00:00:00.000,2026-07-10 08:00:00.000
3030,7,Synthetic Site 007,True,DE,3009,SI_D_EV,2022,Y,Approved,EUR,8694.0,Fuel burning boiler,2.0,Air polluting installations,Subject to authorization,,,,2022-03-10 00:00:00.000,2026-07-10 08:00:00.000
3030,7,Synthetic Site 007,True,DE,3009,SI_D_EV,2022,Y,Approved,EUR,8695.0,Oil-water separator,1.0,Waste water treatment plants,Notifiable,WHG,Minor maintenance scheduled for next quarter.,,2022-03-10 00:00:00.000,2026-07-10 08:00:00.000
3030,7,Synthetic Site 007,True,DE,3009,SI_D_EV,2022,Y,Approved,EUR,8696.0,Battery storage room,2.0,Plants for handling with waterpolluting substances,Environmental relevant,,Annual review: installation within permitted limits.,,2022-03-10 00:00:00.000,2026-07-10 08:00:00.000
3031,7,Synthetic Site 007,False,DE,3009,SI_D_EV,2023,Y,Approved,EUR,8697.0,Sewage treatment plant,2.0,,,WHG,Permit renewal pending; operations continue under existing permit.,,2023-06-20 00:00:00.000,2026-07-10 08:00:00.000
3031,7,Synthetic Site 007,False,DE,3009,SI_D_EV,2023,Y,Approved,EUR,8698.0,,,Plants for handling with waterpolluting substances,Notifiable,,,,2023-06-20 00:00:00.000,2026-07-10 08:00:00.000
3031,7,Synthetic Site 007,False,DE,3009,SI_D_EV,2023,Y,Approved,EUR,,Fuel burning boiler,1.0,Air polluting installations,Subject to authorization,,,,2023-06-20 00:00:00.000,2026-07-10 08:00:00.000
3031,7,Synthetic Site 007,False,DE,3009,SI_D_EV,2023,Y,Approved,EUR,8700.0,Oil-water separator,4.0,Waste water treatment plants,Notifiable,WHG,,,2023-06-20 00:00:00.000,2026-07-10 08:00:00.000
3031,7,Synthetic Site 007,False,DE,3009,SI_D_EV,2023,Y,Approved,EUR,8701.0,Battery storage room,3.0,Plants for handling with waterpolluting substances,Environmental relevant,,,,2023-06-20 00:00:00.000,2026-07-10 08:00:00.000
3032,7,Synthetic Site 007,True,DE,3009,SI_D_EV,2024,Y,Approved,EUR,8702.0,,,Waste water treatment plants,Subject to authorization,,,,2023-11-26 00:00:00.000,
3032,7,Synthetic Site 007,True,DE,3009,SI_D_EV,2024,Y,Approved,EUR,8703.0,,,Plants for handling with waterpolluting substances,Notifiable,AwSV,,,2023-11-26 00:00:00.000,2026-07-10 08:00:00.000
3032,7,Synthetic Site 007,True,DE,3009,SI_D_EV,2024,Y,Approved,EUR,8704.0,Fuel burning boiler,1.0,Air polluting installations,Subject to authorization,,Permit renewal pending; operations continue under existing permit.,,2023-11-26 00:00:00.000,2026-07-10 08:00:00.000
3032,7,Synthetic Site 007,True,DE,3009,SI_D_EV,2024,Y,Approved,EUR,8705.0,,,Waste water treatment plants,Notifiable,WHG,,,2023-11-26 00:00:00.000,2026-07-10 08:00:00.000
3032,7,Synthetic Site 007,True,DE,3009,SI_D_EV,2024,Y,Approved,EUR,8706.0,,,Plants for handling with waterpolluting substances,Environmental relevant,,,,2023-11-26 00:00:00.000,2026-07-10 08:00:00.000
3033,7,Synthetic Site 007,True,DE,3009,SI_D_EV,2025,Y,Approved,EUR,8707.0,,,Waste water treatment plants,Subject to authorization,,,,2024-11-10 00:00:00.000,2026-07-10 08:00:00.000
3033,7,Synthetic Site 007,True,DE,3009,SI_D_EV,2025,Y,Approved,EUR,8708.0,,,Plants for handling with waterpolluting substances,Notifiable,AwSV,,,2024-11-10 00:00:00.000,2026-07-10 08:00:00.000
3033,7,Synthetic Site 007,True,DE,3009,SI_D_EV,2025,Y,Approved,EUR,8709.0,Fuel burning boiler,2.0,Air polluting installations,Subject to authorization,BImSchV,,,2024-11-10 00:00:00.000,2026-07-10 08:00:00.000
3033,7,Synthetic Site 007,True,DE,3009,SI_D_EV,2025,Y,Approved,EUR,8710.0,Oil-water separator,1.0,Waste water treatment plants,Notifiable,WHG,,,2024-11-10 00:00:00.000,2026-07-10 08:00:00.000
3033,7,Synthetic Site 007,True,DE,3009,SI_D_EV,2025,Y,Approved,EUR,8711.0,,,Plants for handling with waterpolluting substances,Environmental relevant,,,,2024-11-10 00:00:00.000,2026-07-10 08:00:00.000
3034,7,Synthetic Site 007,True,DE,3009,SI_D_EV,2026,Y,Approved,EUR,8712.0,Sewage treatment plant,1.0,Waste water treatment plants,Subject to authorization,WHG,Permit renewal pending; operations continue under existing permit.,,2026-06-28 00:00:00.000,2026-07-10 08:00:00.000
3034,7,Synthetic Site 007,True,DE,3009,SI_D_EV,2026,Y,Approved,EUR,8713.0,Underground storage tank,1.0,Plants for handling with waterpolluting substances,Notifiable,,,,2026-06-28 00:00:00.000,2026-07-10 08:00:00.000
3034,7,Synthetic Site 007,True,DE,3009,SI_D_EV,2026,Y,Approved,EUR,8714.0,,,Air polluting installations,Subject to authorization,,,,2026-06-28 00:00:00.000,2026-07-10 08:00:00.000
3034,7,Synthetic Site 007,True,DE,3009,SI_D_EV,2026,Y,Approved,EUR,8715.0,Oil-water separator,4.0,Waste water treatment plants,Notifiable,WHG,,,2026-06-28 00:00:00.000,2026-07-10 08:00:00.000
3034,7,Synthetic Site 007,True,DE,3009,SI_D_EV,2026,Y,Approved,EUR,8716.0,Battery storage room,3.0,Plants for handling with waterpolluting substances,Environmental relevant,,Annual review: installation within permitted limits.,,2026-06-28 00:00:00.000,2026-07-10 08:00:00.000
3035,8,Synthetic Site 008,True,BR,3003,SI_D_FS,2022,Y,Approved,BRL,8717.0,Chiller,1.0,Cooling installation with HCFC/CFC,Notifiable,42. BImSchV,,,2021-12-14 00:00:00.000,2026-07-10 08:00:00.000
3035,8,Synthetic Site 008,True,BR,3003,SI_D_FS,2022,Y,Approved,BRL,,CHP unit,1.0,Other plants,Subject to authorization,BImSchV,Routine inspection completed; no non-conformities found.,,2021-12-14 00:00:00.000,2026-07-10 08:00:00.000
3035,8,Synthetic Site 008,True,BR,3003,SI_D_FS,2022,Y,Approved,BRL,8719.0,Cooling unit HCFC,2.0,Cooling installation with HCFC/CFC,Subject to authorization,,,,2021-12-14 00:00:00.000,2026-07-10 08:00:00.000
3035,8,Synthetic Site 008,True,BR,3003,SI_D_FS,2022,Y,Approved,BRL,8720.0,Hazardous substance storage,3.0,Plants for handling with waterpolluting substances,Subject to authorization,,Documentation updated following last audit.,,2021-12-14 00:00:00.000,2026-07-10 08:00:00.000
3035,8,Synthetic Site 008,True,BR,3003,SI_D_FS,2022,Y,Approved,BRL,8721.0,Diesel generator,1.0,Air polluting installations,Notifiable,4. BImSchV,,,2021-12-14 00:00:00.000,2026-07-10 08:00:00.000
3035,8,Synthetic Site 008,True,BR,3003,SI_D_FS,2022,Y,Approved,BRL,8722.0,HVAC unit,2.0,Cooling installation with HCFC/CFC,Environmental relevant,,,,2021-12-14 00:00:00.000,2026-07-10 08:00:00.000
3035,8,Synthetic Site 008,True,BR,3003,SI_D_FS,2022,Y,Approved,BRL,8723.0,,,Air polluting installations,Notifiable,,Minor maintenance scheduled for next quarter.,,2021-12-14 00:00:00.000,2026-07-10 08:00:00.000
3035,8,Synthetic Site 008,True,BR,3003,SI_D_FS,2022,Y,Approved,BRL,8724.0,Transformer station,2.0,Other plants,Environmental relevant,,Documentation updated following last audit.,,2021-12-14 00:00:00.000,2026-07-10 08:00:00.000
3036,8,Synthetic Site 008,False,BR,3003,SI_D_FS,2023,Y,Approved,BRL,8725.0,Chiller,1.0,Cooling installation with HCFC/CFC,Notifiable,42. BImSchV,,,2022-11-25 00:00:00.000,2026-07-10 08:00:00.000
3036,8,Synthetic Site 008,False,BR,3003,SI_D_FS,2023,Y,Approved,BRL,8726.0,CHP unit,1.0,Other plants,Subject to authorization,BImSchV,,,2022-11-25 00:00:00.000,2026-07-10 08:00:00.000
3036,8,Synthetic Site 008,False,BR,3003,SI_D_FS,2023,Y,Approved,BRL,8727.0,Cooling unit HCFC,2.0,Cooling installation with HCFC/CFC,Subject to authorization,,,,2022-11-25 00:00:00.000,2026-07-10 08:00:00.000
3036,8,Synthetic Site 008,False,BR,3003,SI_D_FS,2023,Y,Approved,BRL,8728.0,Hazardous substance storage,2.0,Plants for handling with waterpolluting substances,Subject to authorization,AwSV,Documentation updated following last audit.,,2022-11-25 00:00:00.000,2026-07-10 08:00:00.000
3036,8,Synthetic Site 008,False,BR,3003,SI_D_FS,2023,Y,Approved,BRL,8729.0,Diesel generator,1.0,Air polluting installations,Notifiable,4. BImSchV,Documentation updated following last audit.,,2022-11-25 00:00:00.000,2026-07-10 08:00:00.000
3036,8,Synthetic Site 008,False,BR,3003,SI_D_FS,2023,Y,Approved,BRL,8730.0,HVAC unit,2.0,Cooling installation with HCFC/CFC,Environmental relevant,,,,2022-11-25 00:00:00.000,2026-07-10 08:00:00.000
3036,8,Synthetic Site 008,False,BR,3003,SI_D_FS,2023,Y,Approved,BRL,,,,Air polluting installations,Notifiable,clean air law,,,2022-11-25 00:00:00.000,
3036,8,Synthetic Site 008,False,BR,3003,SI_D_FS,2023,Y,Approved,BRL,8732.0,Transformer station,1.0,Other plants,Environmental relevant,,Documentation updated following last audit.,,2022-11-25 00:00:00.000,2026-07-10 08:00:00.000
3037,8,Synthetic Site 008,True,BR,3003,SI_D_FS,2024,Y,Approved,BRL,8733.0,,,,,42. BImSchV,,,2023-12-18 00:00:00.000,2026-07-10 08:00:00.000
3037,8,Synthetic Site 008,True,BR,3003,SI_D_FS,2024,Y,Approved,BRL,8734.0,CHP unit,1.0,Other plants,Subject to authorization,BImSchV,,,2023-12-18 00:00:00.000,2026-07-10 08:00:00.000
3037,8,Synthetic Site 008,True,BR,3003,SI_D_FS,2024,Y,Approved,BRL,8735.0,Cooling unit HCFC,1.0,Cooling installation with HCFC/CFC,Subject to authorization,,Annual review: installation within permitted limits.,,2023-12-18 00:00:00.000,2026-07-10 08:00:00.000
3037,8,Synthetic Site 008,True,BR,3003,SI_D_FS,2024,Y,Approved,BRL,8736.0,Hazardous substance storage,2.0,Plants for handling with waterpolluting substances,Subject to authorization,AwSV,,,2023-12-18 00:00:00.000,2026-07-10 08:00:00.000
3037,8,Synthetic Site 008,True,BR,3003,SI_D_FS,2024,Y,Approved,BRL,8737.0,,,Air polluting installations,Notifiable,,Documentation updated following last audit.,,2023-12-18 00:00:00.000,2026-07-10 08:00:00.000
3037,8,Synthetic Site 008,True,BR,3003,SI_D_FS,2024,Y,Approved,BRL,8738.0,,,Cooling installation with HCFC/CFC,Environmental relevant,,Routine inspection completed; no non-conformities found.,,2023-12-18 00:00:00.000,2026-07-10 08:00:00.000
3037,8,Synthetic Site 008,True,BR,3003,SI_D_FS,2024,Y,Approved,BRL,8739.0,Selective soldering unit,1.0,Air polluting installations,Notifiable,clean air law,,,2023-12-18 00:00:00.000,2026-07-10 08:00:00.000
3037,8,Synthetic Site 008,True,BR,3003,SI_D_FS,2024,Y,Approved,BRL,8740.0,Transformer station,1.0,Other plants,Environmental relevant,,Documentation updated following last audit.,,2023-12-18 00:00:00.000,2026-07-10 08:00:00.000
3038,8,Synthetic Site 008,True,BR,3003,SI_D_FS,2025,Y,Approved,BRL,8741.0,Chiller,2.0,Cooling installation with HCFC/CFC,Notifiable,42. BImSchV,,,2025-08-15 00:00:00.000,2026-07-10 08:00:00.000
3038,8,Synthetic Site 008,True,BR,3003,SI_D_FS,2025,Y,Approved,BRL,8742.0,CHP unit,2.0,Other plants,Subject to authorization,BImSchV,Routine inspection completed; no non-conformities found.,,,2026-07-10 08:00:00.000
3038,8,Synthetic Site 008,True,BR,3003,SI_D_FS,2025,Y,Approved,BRL,8743.0,Cooling unit HCFC,1.0,Cooling installation with HCFC/CFC,Subject to authorization,,,,2025-08-15 00:00:00.000,2026-07-10 08:00:00.000
3038,8,Synthetic Site 008,True,BR,3003,SI_D_FS,2025,Y,Approved,BRL,8744.0,Hazardous substance storage,1.0,Plants for handling with waterpolluting substances,Subject to authorization,AwSV,,,2025-08-15 00:00:00.000,2026-07-10 08:00:00.000
3038,8,Synthetic Site 008,True,BR,3003,SI_D_FS,2025,Y,Approved,BRL,8745.0,Diesel generator,4.0,Air polluting installations,Notifiable,4. BImSchV,,,2025-08-15 00:00:00.000,2026-07-10 08:00:00.000
3038,8,Synthetic Site 008,True,BR,3003,SI_D_FS,2025,Y,Approved,BRL,8746.0,HVAC unit,1.0,Cooling installation with HCFC/CFC,Environmental relevant,,,,2025-08-15 00:00:00.000,2026-07-10 08:00:00.000
3038,8,Synthetic Site 008,True,BR,3003,SI_D_FS,2025,Y,Approved,BRL,8747.0,Selective soldering unit,1.0,Air polluting installations,Notifiable,clean air law,,,2025-08-15 00:00:00.000,2026-07-10 08:00:00.000
3038,8,Synthetic Site 008,True,BR,3003,SI_D_FS,2025,Y,Approved,BRL,8748.0,Transformer station,1.0,Other plants,Environmental relevant,,,,2025-08-15 00:00:00.000,2026-07-10 08:00:00.000
3039,8,Synthetic Site 008,True,BR,3003,SI_D_FS,2026,Y,Approved,BRL,,,,Cooling installation with HCFC/CFC,Notifiable,,,,2026-03-21 00:00:00.000,2026-07-10 08:00:00.000
3039,8,Synthetic Site 008,True,BR,3003,SI_D_FS,2026,Y,Approved,BRL,8750.0,CHP unit,2.0,,,,,,2026-03-21 00:00:00.000,2026-07-10 08:00:00.000
3039,8,Synthetic Site 008,True,BR,3003,SI_D_FS,2026,Y,Approved,BRL,8751.0,Cooling unit HCFC,3.0,Cooling installation with HCFC/CFC,Subject to authorization,,,,2026-03-21 00:00:00.000,2026-07-10 08:00:00.000
3039,8,Synthetic Site 008,True,BR,3003,SI_D_FS,2026,Y,Approved,BRL,8752.0,,,Plants for handling with waterpolluting substances,Subject to authorization,AwSV,,,2026-03-21 00:00:00.000,2026-07-10 08:00:00.000
3039,8,Synthetic Site 008,True,BR,3003,SI_D_FS,2026,Y,Approved,BRL,8753.0,Diesel generator,3.0,,,,,,2026-03-21 00:00:00.000,2026-07-10 08:00:00.000
3039,8,Synthetic Site 008,True,BR,3003,SI_D_FS,2026,Y,Approved,BRL,8754.0,HVAC unit,1.0,Cooling installation with HCFC/CFC,Environmental relevant,,,,2026-03-21 00:00:00.000,2026-07-10 08:00:00.000
3039,8,Synthetic Site 008,True,BR,3003,SI_D_FS,2026,Y,Approved,BRL,8755.0,Selective soldering unit,1.0,Air polluting installations,Notifiable,clean air law,,,2026-03-21 00:00:00.000,2026-07-10 08:00:00.000
3039,8,Synthetic Site 008,True,BR,3003,SI_D_FS,2026,Y,Approved,BRL,8756.0,Transformer station,4.0,Other plants,Environmental relevant,,,,2026-03-21 00:00:00.000,2026-07-10 08:00:00.000
3040,9,Synthetic Site 009,True,RO,3002,SI_D_ED,2022,Y,Approved,RON,8757.0,Fat separator,1.0,Waste water treatment plants,Environmental relevant,WHG,,,2022-06-06 00:00:00.000,2026-07-10 08:00:00.000
3040,9,Synthetic Site 009,True,RO,3002,SI_D_ED,2022,Y,Approved,RON,8758.0,Hazardous waste storage,2.0,Waste treatment plants and own landfill,Notifiable,BetrSichV,Permit renewal pending; operations continue under existing permit.,,2022-06-06 00:00:00.000,2026-07-10 08:00:00.000
3040,9,Synthetic Site 009,True,RO,3002,SI_D_ED,2022,Y,Approved,RON,8759.0,Nitrogen tank,1.0,Air polluting installations,Environmental relevant,,,,2022-06-06 00:00:00.000,2026-07-10 08:00:00.000
3041,9,Synthetic Site 009,True,RO,3002,SI_D_ED,2023,Y,Approved,RON,8760.0,Fat separator,1.0,Waste water treatment plants,Environmental relevant,,,,2023-03-19 00:00:00.000,
3041,9,Synthetic Site 009,True,RO,3002,SI_D_ED,2023,Y,Approved,RON,8761.0,Hazardous waste storage,3.0,Waste treatment plants and own landfill,Notifiable,,Permit renewal pending; operations continue under existing permit.,,2023-03-19 00:00:00.000,2026-07-10 08:00:00.000
3041,9,Synthetic Site 009,True,RO,3002,SI_D_ED,2023,Y,Approved,RON,8762.0,Nitrogen tank,1.0,Air polluting installations,Environmental relevant,,,,2023-03-19 00:00:00.000,2026-07-10 08:00:00.000
3042,9,Synthetic Site 009,True,RO,3002,SI_D_ED,2024,Y,In Work,RON,8763.0,Fat separator,3.0,Waste water treatment plants,Environmental relevant,WHG,Annual review: installation within permitted limits.,,2024-01-13 00:00:00.000,2026-07-10 08:00:00.000
3042,9,Synthetic Site 009,True,RO,3002,SI_D_ED,2024,Y,In Work,RON,8764.0,,,Waste treatment plants and own landfill,Notifiable,BetrSichV,Permit renewal pending; operations continue under existing permit.,,2024-01-13 00:00:00.000,2026-07-10 08:00:00.000
3042,9,Synthetic Site 009,True,RO,3002,SI_D_ED,2024,Y,In Work,RON,,Nitrogen tank,1.0,Air polluting installations,Environmental relevant,,Annual review: installation within permitted limits.,,2024-01-13 00:00:00.000,2026-07-10 08:00:00.000
3043,9,Synthetic Site 009,True,RO,3002,SI_D_ED,2025,Y,Approved,RON,8766.0,Fat separator,1.0,Waste water treatment plants,Environmental relevant,WHG,,,2025-06-17 00:00:00.000,
3043,9,Synthetic Site 009,True,RO,3002,SI_D_ED,2025,Y,Approved,RON,8767.0,,,Waste treatment plants and own landfill,Notifiable,,,,2025-06-17 00:00:00.000,2026-07-10 08:00:00.000
3043,9,Synthetic Site 009,True,RO,3002,SI_D_ED,2025,Y,Approved,RON,8768.0,Nitrogen tank,3.0,Air polluting installations,Environmental relevant,,Annual review: installation within permitted limits.,,2025-06-17 00:00:00.000,2026-07-10 08:00:00.000
3044,9,Synthetic Site 009,True,RO,3002,SI_D_ED,2026,Y,Approved,RON,8769.0,Fat separator,1.0,Waste water treatment plants,Environmental relevant,WHG,,,2026-05-22 00:00:00.000,2026-07-10 08:00:00.000
3044,9,Synthetic Site 009,True,RO,3002,SI_D_ED,2026,Y,Approved,RON,8770.0,,,Waste treatment plants and own landfill,Notifiable,,,,2026-05-22 00:00:00.000,2026-07-10 08:00:00.000
3044,9,Synthetic Site 009,True,RO,3002,SI_D_ED,2026,Y,Approved,RON,8771.0,,,Air polluting installations,Environmental relevant,,Annual review: installation within permitted limits.,,2026-05-22 00:00:00.000,2026-07-10 08:00:00.000
3045,10,Synthetic Site 010,False,AT,3011,SI_D_OP,2022,Y,Approved,EUR,8772.0,Compressed gas cylinder store,6.0,Other plants,Notifiable,,,,2022-06-12 00:00:00.000,2026-07-10 08:00:00.000
3045,10,Synthetic Site 010,False,AT,3011,SI_D_OP,2022,Y,Approved,EUR,8773.0,Underground storage tank,2.0,Plants for handling with waterpolluting substances,Notifiable,,,,2022-06-12 00:00:00.000,
3045,10,Synthetic Site 010,False,AT,3011,SI_D_OP,2022,Y,Approved,EUR,8774.0,Fat separator,3.0,Waste water treatment plants,Environmental relevant,,Documentation updated following last audit.,,2022-06-12 00:00:00.000,2026-07-10 08:00:00.000
3045,10,Synthetic Site 010,False,AT,3011,SI_D_OP,2022,Y,Approved,EUR,8775.0,Chemical storage area,5.0,Plants for handling with waterpolluting substances,Environmental relevant,AwSV,,,2022-06-12 00:00:00.000,2026-07-10 08:00:00.000
3045,10,Synthetic Site 010,False,AT,3011,SI_D_OP,2022,Y,Approved,EUR,8776.0,,,Air polluting installations,Subject to authorization,BImSchV,,,2022-06-12 00:00:00.000,2026-07-10 08:00:00.000
3046,10,Synthetic Site 010,True,AT,3011,SI_D_OP,2023,Y,Approved,EUR,8777.0,,,Other plants,Notifiable,AwSV,Permit renewal pending; operations continue under existing permit.,,2022-12-19 00:00:00.000,2026-07-10 08:00:00.000
3046,10,Synthetic Site 010,True,AT,3011,SI_D_OP,2023,Y,Approved,EUR,,Underground storage tank,3.0,Plants for handling with waterpolluting substances,Notifiable,AwSV,Permit renewal pending; operations continue under existing permit.,,2022-12-19 00:00:00.000,2026-07-10 08:00:00.000
3046,10,Synthetic Site 010,True,AT,3011,SI_D_OP,2023,Y,Approved,EUR,8779.0,Fat separator,2.0,Waste water treatment plants,Environmental relevant,WHG,Documentation updated following last audit.,,2022-12-19 00:00:00.000,2026-07-10 08:00:00.000
3046,10,Synthetic Site 010,True,AT,3011,SI_D_OP,2023,Y,Approved,EUR,8780.0,Chemical storage area,1.0,Plants for handling with waterpolluting substances,Environmental relevant,AwSV,,,2022-12-19 00:00:00.000,2026-07-10 08:00:00.000
3046,10,Synthetic Site 010,True,AT,3011,SI_D_OP,2023,Y,Approved,EUR,8781.0,Fuel burning boiler,1.0,Air polluting installations,Subject to authorization,,Minor maintenance scheduled for next quarter.,,2022-12-19 00:00:00.000,2026-07-10 08:00:00.000
3047,10,Synthetic Site 010,True,AT,3011,SI_D_OP,2024,Y,Approved,EUR,8782.0,,,Other plants,Notifiable,AwSV,,,2023-12-12 00:00:00.000,2026-07-10 08:00:00.000
3047,10,Synthetic Site 010,True,AT,3011,SI_D_OP,2024,Y,Approved,EUR,8783.0,,,Plants for handling with waterpolluting substances,Notifiable,AwSV,,,2023-12-12 00:00:00.000,2026-07-10 08:00:00.000
3047,10,Synthetic Site 010,True,AT,3011,SI_D_OP,2024,Y,Approved,EUR,8784.0,Fat separator,4.0,Waste water treatment plants,Environmental relevant,WHG,Documentation updated following last audit.,,2023-12-12 00:00:00.000,2026-07-10 08:00:00.000
3047,10,Synthetic Site 010,True,AT,3011,SI_D_OP,2024,Y,Approved,EUR,8785.0,Chemical storage area,1.0,Plants for handling with waterpolluting substances,Environmental relevant,AwSV,,,2023-12-12 00:00:00.000,2026-07-10 08:00:00.000
3047,10,Synthetic Site 010,True,AT,3011,SI_D_OP,2024,Y,Approved,EUR,8786.0,Fuel burning boiler,1.0,Air polluting installations,Subject to authorization,,,,2023-12-12 00:00:00.000,2026-07-10 08:00:00.000
3048,10,Synthetic Site 010,True,AT,3011,SI_D_OP,2025,Y,Approved,EUR,8787.0,Compressed gas cylinder store,1.0,Other plants,Notifiable,AwSV,,,2025-05-26 00:00:00.000,
3048,10,Synthetic Site 010,True,AT,3011,SI_D_OP,2025,Y,Approved,EUR,8788.0,,,,,AwSV,,,2025-05-26 00:00:00.000,2026-07-10 08:00:00.000
3048,10,Synthetic Site 010,True,AT,3011,SI_D_OP,2025,Y,Approved,EUR,8789.0,Fat separator,1.0,Waste water treatment plants,Environmental relevant,WHG,,,2025-05-26 00:00:00.000,2026-07-10 08:00:00.000
3048,10,Synthetic Site 010,True,AT,3011,SI_D_OP,2025,Y,Approved,EUR,8790.0,,,Plants for handling with waterpolluting substances,Environmental relevant,AwSV,,,2025-05-26 00:00:00.000,2026-07-10 08:00:00.000
3048,10,Synthetic Site 010,True,AT,3011,SI_D_OP,2025,Y,Approved,EUR,8791.0,Fuel burning boiler,1.0,Air polluting installations,Subject to authorization,BImSchV,,,2025-05-26 00:00:00.000,2026-07-10 08:00:00.000
3049,10,Synthetic Site 010,True,AT,3011,SI_D_OP,2026,Y,Approved,EUR,8792.0,Compressed gas cylinder store,1.0,Other plants,Notifiable,,Permit renewal pending; operations continue under existing permit.,,2025-11-28 00:00:00.000,2026-07-10 08:00:00.000
3049,10,Synthetic Site 010,True,AT,3011,SI_D_OP,2026,Y,Approved,EUR,8793.0,Underground storage tank,1.0,,,,,,2025-11-28 00:00:00.000,2026-07-10 08:00:00.000
3049,10,Synthetic Site 010,True,AT,3011,SI_D_OP,2026,Y,Approved,EUR,8794.0,Fat separator,2.0,Waste water treatment plants,Environmental relevant,WHG,Documentation updated following last audit.,,2025-11-28 00:00:00.000,2026-07-10 08:00:00.000
3049,10,Synthetic Site 010,True,AT,3011,SI_D_OP,2026,Y,Approved,EUR,8795.0,Chemical storage area,1.0,Plants for handling with waterpolluting substances,Environmental relevant,AwSV,Minor maintenance scheduled for next quarter.,,2025-11-28 00:00:00.000,2026-07-10 08:00:00.000
3049,10,Synthetic Site 010,True,AT,3011,SI_D_OP,2026,Y,Approved,EUR,8796.0,Fuel burning boiler,1.0,Air polluting installations,Subject to authorization,BImSchV,Minor maintenance scheduled for next quarter.,,2025-11-28 00:00:00.000,2026-07-10 08:00:00.000
3050,11,Synthetic Site 011,False,DK,3008,SI_D_TI,2022,Y,Approved,DKK,8797.0,Waste sorting facility,2.0,Waste treatment plants and own landfill,Subject to authorization,,,,2022-02-08 00:00:00.000,2026-07-10 08:00:00.000
3050,11,Synthetic Site 011,False,DK,3008,SI_D_TI,2022,Y,Approved,DKK,8798.0,CHP unit,1.0,Other plants,Subject to authorization,BImSchV,,,2022-02-08 00:00:00.000,2026-07-10 08:00:00.000
3050,11,Synthetic Site 011,False,DK,3008,SI_D_TI,2022,Y,Approved,DKK,8799.0,Nitrogen tank,2.0,Air polluting installations,Environmental relevant,,,,2022-02-08 00:00:00.000,2026-07-10 08:00:00.000
3051,11,Synthetic Site 011,True,DK,3008,SI_D_TI,2023,Y,Approved,DKK,8800.0,,,Waste treatment plants and own landfill,Subject to authorization,,,,2023-06-12 00:00:00.000,2026-07-10 08:00:00.000
3051,11,Synthetic Site 011,True,DK,3008,SI_D_TI,2023,Y,Approved,DKK,8801.0,CHP unit,2.0,Other plants,Subject to authorization,BImSchV,,,2023-06-12 00:00:00.000,2026-07-10 08:00:00.000
3051,11,Synthetic Site 011,True,DK,3008,SI_D_TI,2023,Y,Approved,DKK,8802.0,Nitrogen tank,1.0,Air polluting installations,Environmental relevant,,,,2023-06-12 00:00:00.000,2026-07-10 08:00:00.000
3052,11,Synthetic Site 011,True,DK,3008,SI_D_TI,2024,Y,Approved,DKK,8803.0,Waste sorting facility,7.0,Waste treatment plants and own landfill,Subject to authorization,BetrSichV,,,2024-02-11 00:00:00.000,2026-07-10 08:00:00.000
3052,11,Synthetic Site 011,True,DK,3008,SI_D_TI,2024,Y,Approved,DKK,8804.0,,,Other plants,Subject to authorization,,,,2024-02-11 00:00:00.000,2026-07-10 08:00:00.000
3052,11,Synthetic Site 011,True,DK,3008,SI_D_TI,2024,Y,Approved,DKK,8805.0,Nitrogen tank,3.0,Air polluting installations,Environmental relevant,,,,2024-02-11 00:00:00.000,2026-07-10 08:00:00.000
3053,11,Synthetic Site 011,True,DK,3008,SI_D_TI,2025,Y,Approved,DKK,8806.0,,,Waste treatment plants and own landfill,Subject to authorization,BetrSichV,,,2025-05-16 00:00:00.000,2026-07-10 08:00:00.000
3053,11,Synthetic Site 011,True,DK,3008,SI_D_TI,2025,Y,Approved,DKK,8807.0,CHP unit,1.0,Other plants,Subject to authorization,BImSchV,,,2025-05-16 00:00:00.000,2026-07-10 08:00:00.000
3053,11,Synthetic Site 011,True,DK,3008,SI_D_TI,2025,Y,Approved,DKK,,Nitrogen tank,5.0,Air polluting installations,Environmental relevant,,Routine inspection completed; no non-conformities found.,,2025-05-16 00:00:00.000,2026-07-10 08:00:00.000
3054,11,Synthetic Site 011,True,DK,3008,SI_D_TI,2026,Y,Approved,DKK,8809.0,,,Waste treatment plants and own landfill,Subject to authorization,BetrSichV,Routine inspection completed; no non-conformities found.,,2026-05-23 00:00:00.000,2026-07-10 08:00:00.000
3054,11,Synthetic Site 011,True,DK,3008,SI_D_TI,2026,Y,Approved,DKK,8810.0,CHP unit,2.0,Other plants,Subject to authorization,,,,2026-05-23 00:00:00.000,2026-07-10 08:00:00.000
3054,11,Synthetic Site 011,True,DK,3008,SI_D_TI,2026,Y,Approved,DKK,8811.0,Nitrogen tank,1.0,Air polluting installations,Environmental relevant,,,,2026-05-23 00:00:00.000,2026-07-10 08:00:00.000
3055,12,Synthetic Site 012,True,IT,3009,SI_D_EV,2022,Y,Approved,EUR,8812.0,Underground storage tank,1.0,Plants for handling with waterpolluting substances,Notifiable,AwSV,Permit renewal pending; operations continue under existing permit.,,2022-03-05 00:00:00.000,2026-07-10 08:00:00.000
3055,12,Synthetic Site 012,True,IT,3009,SI_D_EV,2022,Y,Approved,EUR,8813.0,Compressed gas cylinder store,1.0,Other plants,Notifiable,,Minor maintenance scheduled for next quarter.,,2022-03-05 00:00:00.000,2026-07-10 08:00:00.000
3055,12,Synthetic Site 012,True,IT,3009,SI_D_EV,2022,Y,Approved,EUR,8814.0,Nitrogen tank,1.0,Air polluting installations,Environmental relevant,,Annual review: installation within permitted limits.,,2022-03-05 00:00:00.000,
3055,12,Synthetic Site 012,True,IT,3009,SI_D_EV,2022,Y,Approved,EUR,8815.0,CHP unit,2.0,Other plants,Subject to authorization,BImSchV,,,2022-03-05 00:00:00.000,
3055,12,Synthetic Site 012,True,IT,3009,SI_D_EV,2022,Y,Approved,EUR,8816.0,,,Cooling installation with HCFC/CFC,Subject to authorization,,,,2022-03-05 00:00:00.000,2026-07-10 08:00:00.000
3056,12,Synthetic Site 012,True,IT,3009,SI_D_EV,2023,Y,Approved,EUR,8817.0,Underground storage tank,10.0,Plants for handling with waterpolluting substances,Notifiable,AwSV,,,2023-06-22 00:00:00.000,2026-07-10 08:00:00.000
3056,12,Synthetic Site 012,True,IT,3009,SI_D_EV,2023,Y,Approved,EUR,8818.0,,,Other plants,Notifiable,AwSV,Minor maintenance scheduled for next quarter.,,2023-06-22 00:00:00.000,2026-07-10 08:00:00.000
3056,12,Synthetic Site 012,True,IT,3009,SI_D_EV,2023,Y,Approved,EUR,8819.0,Nitrogen tank,1.0,Air polluting installations,Environmental relevant,,Annual review: installation within permitted limits.,,2023-06-22 00:00:00.000,2026-07-10 08:00:00.000
3056,12,Synthetic Site 012,True,IT,3009,SI_D_EV,2023,Y,Approved,EUR,8820.0,,,Other plants,Subject to authorization,BImSchV,,,2023-06-22 00:00:00.000,2026-07-10 08:00:00.000
3056,12,Synthetic Site 012,True,IT,3009,SI_D_EV,2023,Y,Approved,EUR,8821.0,Cooling unit HCFC,3.0,Cooling installation with HCFC/CFC,Subject to authorization,31. BImSchV,,,2023-06-22 00:00:00.000,2026-07-10 08:00:00.000
3057,12,Synthetic Site 012,True,IT,3009,SI_D_EV,2024,Y,Approved,EUR,8822.0,Underground storage tank,1.0,Plants for handling with waterpolluting substances,Notifiable,AwSV,,,2024-05-13 00:00:00.000,2026-07-10 08:00:00.000
3057,12,Synthetic Site 012,True,IT,3009,SI_D_EV,2024,Y,Approved,EUR,8823.0,Compressed gas cylinder store,2.0,Other plants,Notifiable,AwSV,,,2024-05-13 00:00:00.000,2026-07-10 08:00:00.000
3057,12,Synthetic Site 012,True,IT,3009,SI_D_EV,2024,Y,Approved,EUR,8824.0,Nitrogen tank,2.0,Air polluting installations,Environmental relevant,,,,2024-05-13 00:00:00.000,2026-07-10 08:00:00.000
3057,12,Synthetic Site 012,True,IT,3009,SI_D_EV,2024,Y,Approved,EUR,8825.0,CHP unit,2.0,Other plants,Subject to authorization,BImSchV,,,2024-05-13 00:00:00.000,2026-07-10 08:00:00.000
3057,12,Synthetic Site 012,True,IT,3009,SI_D_EV,2024,Y,Approved,EUR,8826.0,,,Cooling installation with HCFC/CFC,Subject to authorization,,,,2024-05-13 00:00:00.000,2026-07-10 08:00:00.000
3058,12,Synthetic Site 012,True,IT,3009,SI_D_EV,2025,Y,Approved,EUR,8827.0,Underground storage tank,1.0,Plants for handling with waterpolluting substances,Notifiable,,,,2024-11-18 00:00:00.000,2026-07-10 08:00:00.000
3058,12,Synthetic Site 012,True,IT,3009,SI_D_EV,2025,Y,Approved,EUR,8828.0,Compressed gas cylinder store,2.0,Other plants,Notifiable,,Minor maintenance scheduled for next quarter.,,2024-11-18 00:00:00.000,2026-07-10 08:00:00.000
3058,12,Synthetic Site 012,True,IT,3009,SI_D_EV,2025,Y,Approved,EUR,8829.0,Nitrogen tank,1.0,Air polluting installations,Environmental relevant,,,,2024-11-18 00:00:00.000,2026-07-10 08:00:00.000
3058,12,Synthetic Site 012,True,IT,3009,SI_D_EV,2025,Y,Approved,EUR,8830.0,CHP unit,1.0,Other plants,Subject to authorization,BImSchV,Permit renewal pending; operations continue under existing permit.,,,2026-07-10 08:00:00.000
3058,12,Synthetic Site 012,True,IT,3009,SI_D_EV,2025,Y,Approved,EUR,8831.0,Cooling unit HCFC,3.0,Cooling installation with HCFC/CFC,Subject to authorization,,,,2024-11-18 00:00:00.000,2026-07-10 08:00:00.000
3059,12,Synthetic Site 012,True,IT,3009,SI_D_EV,2026,Y,Approved,EUR,8832.0,Underground storage tank,1.0,Plants for handling with waterpolluting substances,Notifiable,AwSV,Permit renewal pending; operations continue under existing permit.,,2026-07-20 00:00:00.000,2026-07-10 08:00:00.000
3059,12,Synthetic Site 012,True,IT,3009,SI_D_EV,2026,Y,Approved,EUR,8833.0,Compressed gas cylinder store,4.0,Other plants,Notifiable,AwSV,,,2026-07-20 00:00:00.000,2026-07-10 08:00:00.000
3059,12,Synthetic Site 012,True,IT,3009,SI_D_EV,2026,Y,Approved,EUR,8834.0,Nitrogen tank,6.0,Air polluting installations,Environmental relevant,,,,2026-07-20 00:00:00.000,2026-07-10 08:00:00.000
3059,12,Synthetic Site 012,True,IT,3009,SI_D_EV,2026,Y,Approved,EUR,,CHP unit,3.0,Other plants,Subject to authorization,BImSchV,Permit renewal pending; operations continue under existing permit.,,2026-07-20 00:00:00.000,2026-07-10 08:00:00.000
3059,12,Synthetic Site 012,True,IT,3009,SI_D_EV,2026,Y,Approved,EUR,8836.0,,,Cooling installation with HCFC/CFC,Subject to authorization,31. BImSchV,,,2026-07-20 00:00:00.000,2026-07-10 08:00:00.000
3060,13,Synthetic Site 013,True,IN,3012,SI_D_PM,2022,Y,Approved,INR,8837.0,Transformer station,1.0,Other plants,Environmental relevant,,,,2022-06-30 00:00:00.000,2026-07-10 08:00:00.000
3061,13,Synthetic Site 013,True,IN,3012,SI_D_PM,2023,Y,Approved,INR,8838.0,Transformer station,1.0,Other plants,Environmental relevant,,Annual review: installation within permitted limits.,,2023-07-11 00:00:00.000,
3062,13,Synthetic Site 013,True,IN,3012,SI_D_PM,2024,Y,Approved,INR,8839.0,Transformer station,1.0,Other plants,Environmental relevant,,Annual review: installation within permitted limits.,,2024-06-16 00:00:00.000,2026-07-10 08:00:00.000
3063,13,Synthetic Site 013,True,IN,3012,SI_D_PM,2025,Y,Approved,INR,8840.0,,,Other plants,Environmental relevant,,,,2025-04-28 00:00:00.000,2026-07-10 08:00:00.000
3064,13,Synthetic Site 013,True,IN,3012,SI_D_PM,2026,Y,Approved,INR,8841.0,Transformer station,4.0,Other plants,Environmental relevant,,Annual review: installation within permitted limits.,,2026-05-02 00:00:00.000,2026-07-10 08:00:00.000
3065,14,Synthetic Site 014,False,CN,3010,SI_D_IN,2022,Y,Approved,CNY,8842.0,Nitrogen tank,3.0,Air polluting installations,Environmental relevant,,,,2021-11-13 00:00:00.000,2026-07-10 08:00:00.000
3065,14,Synthetic Site 014,False,CN,3010,SI_D_IN,2022,Y,Approved,CNY,8843.0,Fuel burning boiler,2.0,Air polluting installations,Subject to authorization,,,,2021-11-13 00:00:00.000,2026-07-10 08:00:00.000
3066,14,Synthetic Site 014,False,CN,3010,SI_D_IN,2023,Y,In Work,CNY,8844.0,,,Air polluting installations,Environmental relevant,,Minor maintenance scheduled for next quarter.,,2023-06-13 00:00:00.000,2026-07-10 08:00:00.000
3066,14,Synthetic Site 014,False,CN,3010,SI_D_IN,2023,Y,In Work,CNY,,,,Air polluting installations,Subject to authorization,BImSchV,Routine inspection completed; no non-conformities found.,,2023-06-13 00:00:00.000,2026-07-10 08:00:00.000
3067,14,Synthetic Site 014,False,CN,3010,SI_D_IN,2024,Y,Approved,CNY,8846.0,,,Air polluting installations,Environmental relevant,,,,2024-05-04 00:00:00.000,2026-07-10 08:00:00.000
3067,14,Synthetic Site 014,False,CN,3010,SI_D_IN,2024,Y,Approved,CNY,8847.0,Fuel burning boiler,1.0,Air polluting installations,Subject to authorization,BImSchV,Routine inspection completed; no non-conformities found.,,2024-05-04 00:00:00.000,2026-07-10 08:00:00.000
3068,14,Synthetic Site 014,False,CN,3010,SI_D_IN,2025,Y,Approved,CNY,8848.0,Nitrogen tank,1.0,Air polluting installations,Environmental relevant,,,,2025-03-02 00:00:00.000,2026-07-10 08:00:00.000
3068,14,Synthetic Site 014,False,CN,3010,SI_D_IN,2025,Y,Approved,CNY,,Fuel burning boiler,3.0,Air polluting installations,Subject to authorization,BImSchV,Routine inspection completed; no non-conformities found.,,2025-03-02 00:00:00.000,2026-07-10 08:00:00.000
3069,14,Synthetic Site 014,False,CN,3010,SI_D_IN,2026,Y,Approved,CNY,8850.0,,,Air polluting installations,Environmental relevant,,,,2026-08-03 00:00:00.000,2026-07-10 08:00:00.000
3069,14,Synthetic Site 014,False,CN,3010,SI_D_IN,2026,Y,Approved,CNY,8851.0,,,Air polluting installations,Subject to authorization,,,,2026-08-03 00:00:00.000,2026-07-10 08:00:00.000
3070,15,Synthetic Site 015,True,DK,3009,SI_D_EV,2022,Y,Approved,DKK,8852.0,Underground storage tank,1.0,Plants for handling with waterpolluting substances,Notifiable,AwSV,Annual review: installation within permitted limits.,,2022-05-13 00:00:00.000,2026-07-10 08:00:00.000
3070,15,Synthetic Site 015,True,DK,3009,SI_D_EV,2022,Y,Approved,DKK,8853.0,Selective soldering unit,1.0,Air polluting installations,Notifiable,,,,2022-05-13 00:00:00.000,2026-07-10 08:00:00.000
3070,15,Synthetic Site 015,True,DK,3009,SI_D_EV,2022,Y,Approved,DKK,8854.0,Emergency power unit,1.0,Other plants,Notifiable,BetrSichV,,,2022-05-13 00:00:00.000,2026-07-10 08:00:00.000
3070,15,Synthetic Site 015,True,DK,3009,SI_D_EV,2022,Y,Approved,DKK,8855.0,Cooling unit HCFC,1.0,Cooling installation with HCFC/CFC,Subject to authorization,,Routine inspection completed; no non-conformities found.,,2022-05-13 00:00:00.000,2026-07-10 08:00:00.000
3070,15,Synthetic Site 015,True,DK,3009,SI_D_EV,2022,Y,Approved,DKK,8856.0,Battery storage room,1.0,Plants for handling with waterpolluting substances,Environmental relevant,,,,2022-05-13 00:00:00.000,2026-07-10 08:00:00.000
3070,15,Synthetic Site 015,True,DK,3009,SI_D_EV,2022,Y,Approved,DKK,8857.0,Fuel burning boiler,2.0,Air polluting installations,Subject to authorization,BImSchV,Permit renewal pending; operations continue under existing permit.,,2022-05-13 00:00:00.000,2026-07-10 08:00:00.000
3071,15,Synthetic Site 015,True,DK,3009,SI_D_EV,2023,Y,Approved,DKK,8858.0,Underground storage tank,1.0,Plants for handling with waterpolluting substances,Notifiable,AwSV,,,2023-07-20 00:00:00.000,2026-07-10 08:00:00.000
3071,15,Synthetic Site 015,True,DK,3009,SI_D_EV,2023,Y,Approved,DKK,8859.0,Selective soldering unit,3.0,Air polluting installations,Notifiable,,Routine inspection completed; no non-conformities found.,,2023-07-20 00:00:00.000,2026-07-10 08:00:00.000
3071,15,Synthetic Site 015,True,,3009,SI_D_EV,2023,Y,Approved,DKK,,Emergency power unit,2.0,Other plants,Notifiable,BetrSichV,,,2023-07-20 00:00:00.000,2026-07-10 08:00:00.000
3071,15,Synthetic Site 015,True,DK,3009,SI_D_EV,2023,Y,Approved,DKK,8861.0,Cooling unit HCFC,2.0,Cooling installation with HCFC/CFC,Subject to authorization,31. BImSchV,,,2023-07-20 00:00:00.000,2026-07-10 08:00:00.000
3071,15,Synthetic Site 015,True,DK,3009,SI_D_EV,2023,Y,Approved,DKK,8862.0,Battery storage room,3.0,Plants for handling with waterpolluting substances,Environmental relevant,,,,2023-07-20 00:00:00.000,2026-07-10 08:00:00.000
3071,15,Synthetic Site 015,True,DK,3009,SI_D_EV,2023,Y,Approved,DKK,8863.0,Fuel burning boiler,1.0,Air polluting installations,Subject to authorization,BImSchV,,,2023-07-20 00:00:00.000,2026-07-10 08:00:00.000
3072,15,Synthetic Site 015,True,DK,3009,SI_D_EV,2024,Y,In Work,DKK,8864.0,Underground storage tank,2.0,Plants for handling with waterpolluting substances,Notifiable,AwSV,,,2023-11-20 00:00:00.000,2026-07-10 08:00:00.000
3072,15,Synthetic Site 015,True,DK,3009,SI_D_EV,2024,Y,In Work,DKK,8865.0,Selective soldering unit,1.0,Air polluting installations,Notifiable,clean air law,,,2023-11-20 00:00:00.000,2026-07-10 08:00:00.000
3072,15,Synthetic Site 015,True,DK,3009,SI_D_EV,2024,Y,In Work,DKK,8866.0,Emergency power unit,1.0,Other plants,Notifiable,BetrSichV,Routine inspection completed; no non-conformities found.,,2023-11-20 00:00:00.000,2026-07-10 08:00:00.000
3072,15,Synthetic Site 015,True,DK,3009,SI_D_EV,2024,Y,In Work,DKK,8867.0,Cooling unit HCFC,2.0,Cooling installation with HCFC/CFC,Subject to authorization,31. BImSchV,Routine inspection completed; no non-conformities found.,,2023-11-20 00:00:00.000,2026-07-10 08:00:00.000
3072,15,Synthetic Site 015,True,DK,3009,SI_D_EV,2024,Y,In Work,DKK,8868.0,Battery storage room,1.0,Plants for handling with waterpolluting substances,Environmental relevant,,,,2023-11-20 00:00:00.000,2026-07-10 08:00:00.000
3072,15,Synthetic Site 015,True,DK,3009,SI_D_EV,2024,Y,In Work,DKK,8869.0,Fuel burning boiler,1.0,Air polluting installations,Subject to authorization,BImSchV,Permit renewal pending; operations continue under existing permit.,,2023-11-20 00:00:00.000,2026-07-10 08:00:00.000
3073,15,Synthetic Site 015,False,DK,3009,SI_D_EV,2025,Y,Approved,DKK,8870.0,Underground storage tank,5.0,,,AwSV,,,2025-07-02 00:00:00.000,
3073,15,Synthetic Site 015,False,,3009,SI_D_EV,2025,Y,Approved,DKK,8871.0,Selective soldering unit,2.0,Air polluting installations,Notifiable,clean air law,Routine inspection completed; no non-conformities found.,,2025-07-02 00:00:00.000,2026-07-10 08:00:00.000
3073,15,Synthetic Site 015,False,DK,3009,SI_D_EV,2025,Y,Approved,DKK,8872.0,Emergency power unit,1.0,,,BetrSichV,Routine inspection completed; no non-conformities found.,,2025-07-02 00:00:00.000,2026-07-10 08:00:00.000
3073,15,Synthetic Site 015,False,DK,3009,SI_D_EV,2025,Y,Approved,DKK,8873.0,Cooling unit HCFC,1.0,Cooling installation with HCFC/CFC,Subject to authorization,,,,2025-07-02 00:00:00.000,2026-07-10 08:00:00.000
3073,15,Synthetic Site 015,False,,3009,SI_D_EV,2025,Y,Approved,DKK,8874.0,,,Plants for handling with waterpolluting substances,Environmental relevant,,,,2025-07-02 00:00:00.000,2026-07-10 08:00:00.000
3073,15,Synthetic Site 015,False,DK,3009,SI_D_EV,2025,Y,Approved,DKK,8875.0,,,,,,,,2025-07-02 00:00:00.000,2026-07-10 08:00:00.000
3074,15,Synthetic Site 015,True,DK,3009,SI_D_EV,2026,Y,In Work,DKK,8876.0,Underground storage tank,2.0,Plants for handling with waterpolluting substances,Notifiable,,,,2026-03-25 00:00:00.000,2026-07-10 08:00:00.000
3074,15,Synthetic Site 015,True,DK,3009,SI_D_EV,2026,Y,In Work,DKK,8877.0,Selective soldering unit,1.0,,,,Routine inspection completed; no non-conformities found.,,2026-03-25 00:00:00.000,2026-07-10 08:00:00.000
3074,15,Synthetic Site 015,True,DK,3009,SI_D_EV,2026,Y,In Work,DKK,8878.0,Emergency power unit,1.0,,,,Routine inspection completed; no non-conformities found.,,2026-03-25 00:00:00.000,2026-07-10 08:00:00.000
3074,15,Synthetic Site 015,True,DK,3009,SI_D_EV,2026,Y,In Work,DKK,8879.0,Cooling unit HCFC,3.0,Cooling installation with HCFC/CFC,Subject to authorization,31. BImSchV,,,2026-03-25 00:00:00.000,2026-07-10 08:00:00.000
3074,15,Synthetic Site 015,True,DK,3009,SI_D_EV,2026,Y,In Work,DKK,8880.0,,,Plants for handling with waterpolluting substances,Environmental relevant,,Annual review: installation within permitted limits.,,2026-03-25 00:00:00.000,2026-07-10 08:00:00.000
3074,15,Synthetic Site 015,True,DK,3009,SI_D_EV,2026,Y,In Work,DKK,8881.0,Fuel burning boiler,1.0,Air polluting installations,Subject to authorization,BImSchV,,,2026-03-25 00:00:00.000,2026-07-10 08:00:00.000
3075,16,Synthetic Site 016,True,AT,3009,SI_D_EV,2022,Y,Approved,EUR,,Fuel burning boiler,1.0,Air polluting installations,Subject to authorization,BImSchV,Routine inspection completed; no non-conformities found.,,2022-05-28 00:00:00.000,2026-07-10 08:00:00.000
3075,16,Synthetic Site 016,True,AT,3009,SI_D_EV,2022,Y,Approved,EUR,8883.0,,,Plants for handling with waterpolluting substances,Subject to authorization,AwSV,,,2022-05-28 00:00:00.000,2026-07-10 08:00:00.000
3075,16,Synthetic Site 016,True,AT,3009,SI_D_EV,2022,Y,Approved,EUR,8884.0,Cooling unit HCFC,1.0,Cooling installation with HCFC/CFC,Subject to authorization,31. BImSchV,Minor maintenance scheduled for next quarter.,,2022-05-28 00:00:00.000,2026-07-10 08:00:00.000
3076,16,Synthetic Site 016,True,AT,3009,SI_D_EV,2023,Y,Approved,EUR,8885.0,Fuel burning boiler,1.0,Air polluting installations,Subject to authorization,BImSchV,,,2023-07-09 00:00:00.000,2026-07-10 08:00:00.000
3076,16,Synthetic Site 016,True,AT,3009,SI_D_EV,2023,Y,Approved,EUR,8886.0,Hazardous substance storage,2.0,,,AwSV,Documentation updated following last audit.,,2023-07-09 00:00:00.000,
3076,16,Synthetic Site 016,True,AT,3009,SI_D_EV,2023,Y,Approved,EUR,,,,Cooling installation with HCFC/CFC,Subject to authorization,,,,2023-07-09 00:00:00.000,2026-07-10 08:00:00.000
3077,16,Synthetic Site 016,True,AT,3009,SI_D_EV,2024,Y,Approved,EUR,8888.0,,,Air polluting installations,Subject to authorization,,,,2024-05-09 00:00:00.000,2026-07-10 08:00:00.000
3077,16,Synthetic Site 016,True,AT,3009,SI_D_EV,2024,Y,Approved,EUR,8889.0,Hazardous substance storage,1.0,Plants for handling with waterpolluting substances,Subject to authorization,AwSV,Documentation updated following last audit.,,2024-05-09 00:00:00.000,2026-07-10 08:00:00.000
3077,16,Synthetic Site 016,True,AT,3009,SI_D_EV,2024,Y,Approved,EUR,8890.0,Cooling unit HCFC,1.0,Cooling installation with HCFC/CFC,Subject to authorization,31. BImSchV,,,2024-05-09 00:00:00.000,2026-07-10 08:00:00.000
3078,16,Synthetic Site 016,True,AT,3009,SI_D_EV,2025,Y,Approved,EUR,8891.0,,,Air polluting installations,Subject to authorization,,Routine inspection completed; no non-conformities found.,,2025-07-22 00:00:00.000,2026-07-10 08:00:00.000
3078,16,Synthetic Site 016,True,AT,3009,SI_D_EV,2025,Y,Approved,EUR,8892.0,Hazardous substance storage,1.0,Plants for handling with waterpolluting substances,Subject to authorization,AwSV,,,2025-07-22 00:00:00.000,2026-07-10 08:00:00.000
3078,16,Synthetic Site 016,True,AT,3009,SI_D_EV,2025,Y,Approved,EUR,8893.0,Cooling unit HCFC,12.0,Cooling installation with HCFC/CFC,Subject to authorization,,,,2025-07-22 00:00:00.000,2026-07-10 08:00:00.000
3079,16,Synthetic Site 016,True,AT,3009,SI_D_EV,2026,Y,Approved,EUR,8894.0,Fuel burning boiler,2.0,Air polluting installations,Subject to authorization,BImSchV,,,2026-06-20 00:00:00.000,2026-07-10 08:00:00.000
3079,16,Synthetic Site 016,True,AT,3009,SI_D_EV,2026,Y,Approved,EUR,8895.0,Hazardous substance storage,1.0,Plants for handling with waterpolluting substances,Subject to authorization,AwSV,Documentation updated following last audit.,,2026-06-20 00:00:00.000,2026-07-10 08:00:00.000
3079,16,Synthetic Site 016,True,AT,3009,SI_D_EV,2026,Y,Approved,EUR,8896.0,Cooling unit HCFC,2.0,Cooling installation with HCFC/CFC,Subject to authorization,31. BImSchV,,,2026-06-20 00:00:00.000,2026-07-10 08:00:00.000
3080,17,Synthetic Site 017,True,TR,3005,SI_D_MO,2022,Y,Approved,TRY,8897.0,,,Plants for handling with waterpolluting substances,Subject to authorization,AwSV,Routine inspection completed; no non-conformities found.,,2022-04-10 00:00:00.000,2026-07-10 08:00:00.000
3080,17,Synthetic Site 017,True,TR,3005,SI_D_MO,2022,Y,Approved,TRY,8898.0,,,Air polluting installations,Environmental relevant,,Routine inspection completed; no non-conformities found.,,2022-04-10 00:00:00.000,2026-07-10 08:00:00.000
3080,17,Synthetic Site 017,True,TR,3005,SI_D_MO,2022,Y,Approved,TRY,8899.0,Underground storage tank,2.0,Plants for handling with waterpolluting substances,Notifiable,AwSV,Annual review: installation within permitted limits.,,2022-04-10 00:00:00.000,2026-07-10 08:00:00.000
3080,17,Synthetic Site 017,True,TR,3005,SI_D_MO,2022,Y,Approved,TRY,8900.0,,,Air polluting installations,Notifiable,clean air law,Minor maintenance scheduled for next quarter.,,2022-04-10 00:00:00.000,2026-07-10 08:00:00.000
3080,17,Synthetic Site 017,True,TR,3005,SI_D_MO,2022,Y,Approved,TRY,8901.0,Fuel burning boiler,1.0,,,BImSchV,,,2022-04-10 00:00:00.000,2026-07-10 08:00:00.000
3080,17,Synthetic Site 017,True,TR,3005,SI_D_MO,2022,Y,Approved,TRY,8902.0,Oil-water separator,1.0,Waste water treatment plants,Notifiable,WHG,,,2022-04-10 00:00:00.000,2026-07-10 08:00:00.000
3081,17,Synthetic Site 017,True,TR,3005,SI_D_MO,2023,Y,Approved,TRY,8903.0,Hazardous substance storage,2.0,Plants for handling with waterpolluting substances,Subject to authorization,AwSV,,,2022-11-16 00:00:00.000,2026-07-10 08:00:00.000
3081,17,Synthetic Site 017,True,TR,3005,SI_D_MO,2023,Y,Approved,TRY,8904.0,Nitrogen tank,2.0,Air polluting installations,Environmental relevant,,,,2022-11-16 00:00:00.000,2026-07-10 08:00:00.000
3081,17,Synthetic Site 017,True,TR,3005,SI_D_MO,2023,Y,Approved,TRY,,Underground storage tank,6.0,Plants for handling with waterpolluting substances,Notifiable,AwSV,,,2022-11-16 00:00:00.000,2026-07-10 08:00:00.000
3081,17,Synthetic Site 017,True,TR,3005,SI_D_MO,2023,Y,Approved,TRY,8906.0,,,Air polluting installations,Notifiable,clean air law,,,2022-11-16 00:00:00.000,2026-07-10 08:00:00.000
3081,17,Synthetic Site 017,True,TR,3005,SI_D_MO,2023,Y,Approved,TRY,8907.0,Fuel burning boiler,4.0,Air polluting installations,Subject to authorization,BImSchV,,,2022-11-16 00:00:00.000,2026-07-10 08:00:00.000
3081,17,Synthetic Site 017,True,TR,3005,SI_D_MO,2023,Y,Approved,TRY,8908.0,Oil-water separator,1.0,Waste water treatment plants,Notifiable,WHG,,,2022-11-16 00:00:00.000,2026-07-10 08:00:00.000
3082,17,Synthetic Site 017,False,TR,3005,SI_D_MO,2024,Y,Approved,TRY,8909.0,Hazardous substance storage,1.0,Plants for handling with waterpolluting substances,Subject to authorization,AwSV,Routine inspection completed; no non-conformities found.,,2023-11-07 00:00:00.000,2026-07-10 08:00:00.000
3082,17,Synthetic Site 017,False,TR,3005,SI_D_MO,2024,Y,Approved,TRY,8910.0,Nitrogen tank,2.0,Air polluting installations,Environmental relevant,,,,2023-11-07 00:00:00.000,2026-07-10 08:00:00.000
3082,17,Synthetic Site 017,False,TR,3005,SI_D_MO,2024,Y,Approved,TRY,8911.0,Underground storage tank,1.0,Plants for handling with waterpolluting substances,Notifiable,AwSV,,,2023-11-07 00:00:00.000,2026-07-10 08:00:00.000
3082,17,Synthetic Site 017,False,TR,3005,SI_D_MO,2024,Y,Approved,TRY,8912.0,,,Air polluting installations,Notifiable,clean air law,,,2023-11-07 00:00:00.000,2026-07-10 08:00:00.000
3082,17,Synthetic Site 017,False,TR,3005,SI_D_MO,2024,Y,Approved,TRY,8913.0,Fuel burning boiler,2.0,Air polluting installations,Subject to authorization,BImSchV,,,2023-11-07 00:00:00.000,2026-07-10 08:00:00.000
3082,17,Synthetic Site 017,False,TR,3005,SI_D_MO,2024,Y,Approved,TRY,8914.0,Oil-water separator,4.0,Waste water treatment plants,Notifiable,WHG,,,2023-11-07 00:00:00.000,2026-07-10 08:00:00.000
3083,17,Synthetic Site 017,True,TR,3005,SI_D_MO,2025,Y,Approved,TRY,8915.0,,,Plants for handling with waterpolluting substances,Subject to authorization,AwSV,,,2025-03-22 00:00:00.000,2026-07-10 08:00:00.000
3083,17,Synthetic Site 017,True,TR,3005,SI_D_MO,2025,Y,Approved,TRY,8916.0,,,Air polluting installations,Environmental relevant,,Routine inspection completed; no non-conformities found.,,2025-03-22 00:00:00.000,2026-07-10 08:00:00.000
3083,17,Synthetic Site 017,True,TR,3005,SI_D_MO,2025,Y,Approved,TRY,8917.0,Underground storage tank,1.0,Plants for handling with waterpolluting substances,Notifiable,AwSV,,,2025-03-22 00:00:00.000,2026-07-10 08:00:00.000
3083,17,Synthetic Site 017,True,TR,3005,SI_D_MO,2025,Y,Approved,TRY,8918.0,Selective soldering unit,2.0,Air polluting installations,Notifiable,clean air law,,,2025-03-22 00:00:00.000,2026-07-10 08:00:00.000
3083,17,Synthetic Site 017,True,TR,3005,SI_D_MO,2025,Y,Approved,TRY,8919.0,Fuel burning boiler,4.0,Air polluting installations,Subject to authorization,BImSchV,Minor maintenance scheduled for next quarter.,,2025-03-22 00:00:00.000,2026-07-10 08:00:00.000
3083,17,Synthetic Site 017,True,TR,3005,SI_D_MO,2025,Y,Approved,TRY,8920.0,,,Waste water treatment plants,Notifiable,,Documentation updated following last audit.,,2025-03-22 00:00:00.000,2026-07-10 08:00:00.000
3084,17,Synthetic Site 017,True,TR,3005,SI_D_MO,2026,Y,Approved,TRY,8921.0,,,Plants for handling with waterpolluting substances,Subject to authorization,,Routine inspection completed; no non-conformities found.,,2026-08-09 00:00:00.000,2026-07-10 08:00:00.000
3084,17,Synthetic Site 017,True,TR,3005,SI_D_MO,2026,Y,Approved,TRY,8922.0,Nitrogen tank,2.0,Air polluting installations,Environmental relevant,,,,2026-08-09 00:00:00.000,2026-07-10 08:00:00.000
3084,17,Synthetic Site 017,True,TR,3005,SI_D_MO,2026,Y,Approved,TRY,8923.0,Underground storage tank,1.0,Plants for handling with waterpolluting substances,Notifiable,AwSV,Annual review: installation within permitted limits.,,2026-08-09 00:00:00.000,2026-07-10 08:00:00.000
3084,17,Synthetic Site 017,True,TR,3005,SI_D_MO,2026,Y,Approved,TRY,8924.0,Selective soldering unit,2.0,Air polluting installations,Notifiable,,,,2026-08-09 00:00:00.000,
3084,17,Synthetic Site 017,True,TR,3005,SI_D_MO,2026,Y,Approved,TRY,8925.0,,,Air polluting installations,Subject to authorization,BImSchV,,,2026-08-09 00:00:00.000,2026-07-10 08:00:00.000
3084,17,Synthetic Site 017,True,TR,3005,SI_D_MO,2026,Y,Approved,TRY,8926.0,,,Waste water treatment plants,Notifiable,WHG,Documentation updated following last audit.,,2026-08-09 00:00:00.000,2026-07-10 08:00:00.000
3085,18,Synthetic Site 018,True,CA,3001,SI_D_DI,2022,Y,Approved,CAD,8927.0,Biological treatment unit,3.0,Waste water treatment plants,Subject to authorization,WHG-VawS,,,2022-01-02 00:00:00.000,2026-07-10 08:00:00.000
3085,18,Synthetic Site 018,True,CA,3001,SI_D_DI,2022,Y,Approved,CAD,8928.0,Emergency power unit,3.0,Other plants,Notifiable,BetrSichV,,,2022-01-02 00:00:00.000,2026-07-10 08:00:00.000
3085,18,Synthetic Site 018,True,CA,3001,SI_D_DI,2022,Y,Approved,CAD,8929.0,Compressed gas cylinder store,2.0,Other plants,Notifiable,AwSV,Annual review: installation within permitted limits.,,2022-01-02 00:00:00.000,2026-07-10 08:00:00.000
3085,18,Synthetic Site 018,True,CA,3001,SI_D_DI,2022,Y,Approved,CAD,8930.0,Chemical storage area,3.0,Plants for handling with waterpolluting substances,Environmental relevant,AwSV,Minor maintenance scheduled for next quarter.,,2022-01-02 00:00:00.000,2026-07-10 08:00:00.000
3085,18,Synthetic Site 018,True,CA,3001,SI_D_DI,2022,Y,Approved,CAD,8931.0,CHP unit,2.0,Other plants,Subject to authorization,BImSchV,Minor maintenance scheduled for next quarter.,,2022-01-02 00:00:00.000,2026-07-10 08:00:00.000
3085,18,Synthetic Site 018,True,CA,3001,SI_D_DI,2022,Y,Approved,CAD,8932.0,,,Air polluting installations,Environmental relevant,,Documentation updated following last audit.,,2022-01-02 00:00:00.000,2026-07-10 08:00:00.000
3086,18,Synthetic Site 018,True,CA,3001,SI_D_DI,2023,Y,Approved,CAD,8933.0,Biological treatment unit,4.0,Waste water treatment plants,Subject to authorization,WHG-VawS,Permit renewal pending; operations continue under existing permit.,,2023-02-19 00:00:00.000,2026-07-10 08:00:00.000
3086,18,Synthetic Site 018,True,CA,3001,SI_D_DI,2023,Y,Approved,CAD,8934.0,,,Other plants,Notifiable,BetrSichV,,,2023-02-19 00:00:00.000,2026-07-10 08:00:00.000
3086,18,Synthetic Site 018,True,CA,3001,SI_D_DI,2023,Y,Approved,CAD,8935.0,,,Other plants,Notifiable,AwSV,,,2023-02-19 00:00:00.000,2026-07-10 08:00:00.000
3086,18,Synthetic Site 018,True,CA,3001,SI_D_DI,2023,Y,Approved,CAD,,,,Plants for handling with waterpolluting substances,Environmental relevant,,Minor maintenance scheduled for next quarter.,,2023-02-19 00:00:00.000,2026-07-10 08:00:00.000
3086,18,Synthetic Site 018,True,CA,3001,SI_D_DI,2023,Y,Approved,CAD,8937.0,CHP unit,1.0,Other plants,Subject to authorization,,,,2023-02-19 00:00:00.000,2026-07-10 08:00:00.000
3086,18,Synthetic Site 018,True,CA,3001,SI_D_DI,2023,Y,Approved,CAD,8938.0,Nitrogen tank,2.0,Air polluting installations,Environmental relevant,,Documentation updated following last audit.,,2023-02-19 00:00:00.000,2026-07-10 08:00:00.000
3087,18,Synthetic Site 018,True,CA,3001,SI_D_DI,2024,Y,Approved,CAD,8939.0,Biological treatment unit,1.0,Waste water treatment plants,Subject to authorization,,,,2024-08-14 00:00:00.000,2026-07-10 08:00:00.000
3087,18,Synthetic Site 018,True,CA,3001,SI_D_DI,2024,Y,Approved,CAD,8940.0,Emergency power unit,1.0,Other plants,Notifiable,BetrSichV,,,2024-08-14 00:00:00.000,2026-07-10 08:00:00.000
3087,18,Synthetic Site 018,True,CA,3001,SI_D_DI,2024,Y,Approved,CAD,8941.0,Compressed gas cylinder store,1.0,Other plants,Notifiable,AwSV,Annual review: installation within permitted limits.,,2024-08-14 00:00:00.000,2026-07-10 08:00:00.000
3087,18,Synthetic Site 018,True,CA,3001,SI_D_DI,2024,Y,Approved,CAD,8942.0,,,Plants for handling with waterpolluting substances,Environmental relevant,AwSV,,,2024-08-14 00:00:00.000,2026-07-10 08:00:00.000
3087,18,Synthetic Site 018,True,CA,3001,SI_D_DI,2024,Y,Approved,,8943.0,CHP unit,1.0,Other plants,Subject to authorization,,,,2024-08-14 00:00:00.000,
3087,18,Synthetic Site 018,True,CA,3001,SI_D_DI,2024,Y,Approved,CAD,8944.0,Nitrogen tank,1.0,Air polluting installations,Environmental relevant,,,,2024-08-14 00:00:00.000,2026-07-10 08:00:00.000
3088,18,Synthetic Site 018,True,CA,3001,SI_D_DI,2025,Y,Approved,CAD,8945.0,Biological treatment unit,3.0,Waste water treatment plants,Subject to authorization,WHG-VawS,Permit renewal pending; operations continue under existing permit.,,2025-04-02 00:00:00.000,2026-07-10 08:00:00.000
3088,18,Synthetic Site 018,True,CA,3001,SI_D_DI,2025,Y,Approved,CAD,8946.0,Emergency power unit,2.0,Other plants,Notifiable,BetrSichV,,,2025-04-02 00:00:00.000,2026-07-10 08:00:00.000
3088,18,Synthetic Site 018,True,CA,3001,SI_D_DI,2025,Y,Approved,CAD,8947.0,Compressed gas cylinder store,1.0,Other plants,Notifiable,,,,2025-04-02 00:00:00.000,2026-07-10 08:00:00.000
3088,18,Synthetic Site 018,True,CA,3001,SI_D_DI,2025,Y,Approved,CAD,8948.0,Chemical storage area,2.0,Plants for handling with waterpolluting substances,Environmental relevant,AwSV,,,2025-04-02 00:00:00.000,2026-07-10 08:00:00.000
3088,18,Synthetic Site 018,True,CA,3001,SI_D_DI,2025,Y,Approved,CAD,8949.0,CHP unit,1.0,Other plants,Subject to authorization,,,,2025-04-02 00:00:00.000,2026-07-10 08:00:00.000
3088,18,Synthetic Site 018,True,CA,3001,SI_D_DI,2025,Y,Approved,CAD,8950.0,,,Air polluting installations,Environmental relevant,,Documentation updated following last audit.,,2025-04-02 00:00:00.000,2026-07-10 08:00:00.000
3089,18,Synthetic Site 018,True,CA,3001,SI_D_DI,2026,Y,Approved,CAD,8951.0,Biological treatment unit,2.0,Waste water treatment plants,Subject to authorization,WHG-VawS,,,2025-12-12 00:00:00.000,2026-07-10 08:00:00.000
3089,18,Synthetic Site 018,True,CA,3001,SI_D_DI,2026,Y,Approved,CAD,8952.0,Emergency power unit,1.0,Other plants,Notifiable,,,,2025-12-12 00:00:00.000,2026-07-10 08:00:00.000
3089,18,Synthetic Site 018,True,CA,3001,SI_D_DI,2026,Y,Approved,CAD,8953.0,Compressed gas cylinder store,2.0,Other plants,Notifiable,,Annual review: installation within permitted limits.,,2025-12-12 00:00:00.000,2026-07-10 08:00:00.000
3089,18,Synthetic Site 018,True,CA,3001,SI_D_DI,2026,Y,Approved,CAD,8954.0,Chemical storage area,2.0,Plants for handling with waterpolluting substances,Environmental relevant,,Minor maintenance scheduled for next quarter.,,2025-12-12 00:00:00.000,2026-07-10 08:00:00.000
3089,18,Synthetic Site 018,True,CA,3001,SI_D_DI,2026,Y,Approved,CAD,8955.0,,,Other plants,Subject to authorization,,Minor maintenance scheduled for next quarter.,,2025-12-12 00:00:00.000,2026-07-10 08:00:00.000
3089,18,Synthetic Site 018,True,CA,3001,SI_D_DI,2026,Y,Approved,CAD,8956.0,Nitrogen tank,3.0,Air polluting installations,Environmental relevant,,,,2025-12-12 00:00:00.000,2026-07-10 08:00:00.000
3090,19,Synthetic Site 019,True,FI,3007,SI_D_SW,2022,Y,Approved,EUR,8957.0,,,Other plants,Environmental relevant,,,,2022-08-25 00:00:00.000,2026-07-10 08:00:00.000
3090,19,Synthetic Site 019,True,FI,3007,SI_D_SW,2022,Y,Approved,EUR,8958.0,,,Waste water treatment plants,Subject to authorization,WHG,,,2022-08-25 00:00:00.000,2026-07-10 08:00:00.000
3090,19,Synthetic Site 019,True,FI,3007,SI_D_SW,2022,Y,Approved,EUR,8959.0,Oil-water separator,1.0,Waste water treatment plants,Notifiable,WHG,Documentation updated following last audit.,,2022-08-25 00:00:00.000,2026-07-10 08:00:00.000
3090,19,Synthetic Site 019,True,FI,3007,SI_D_SW,2022,Y,Approved,EUR,8960.0,Fat separator,3.0,Waste water treatment plants,Environmental relevant,WHG,,,2022-08-25 00:00:00.000,2026-07-10 08:00:00.000
3090,19,Synthetic Site 019,True,FI,3007,SI_D_SW,2022,Y,Approved,EUR,8961.0,Cooling unit HCFC,4.0,Cooling installation with HCFC/CFC,Subject to authorization,31. BImSchV,,,2022-08-25 00:00:00.000,2026-07-10 08:00:00.000
3090,19,Synthetic Site 019,True,FI,3007,SI_D_SW,2022,Y,Approved,EUR,8962.0,Hazardous substance storage,2.0,Plants for handling with waterpolluting substances,Subject to authorization,AwSV,Documentation updated following last audit.,,2022-08-25 00:00:00.000,2026-07-10 08:00:00.000
3091,19,Synthetic Site 019,True,FI,3007,SI_D_SW,2023,Y,Approved,EUR,8963.0,Transformer station,1.0,,,,,,2022-12-21 00:00:00.000,2026-07-10 08:00:00.000
3091,19,Synthetic Site 019,True,FI,3007,SI_D_SW,2023,Y,Approved,EUR,8964.0,Sewage treatment plant,3.0,Waste water treatment plants,Subject to authorization,WHG,,,2022-12-21 00:00:00.000,2026-07-10 08:00:00.000
3091,19,Synthetic Site 019,True,FI,3007,SI_D_SW,2023,Y,Approved,EUR,8965.0,Oil-water separator,3.0,Waste water treatment plants,Notifiable,,Documentation updated following last audit.,,2022-12-21 00:00:00.000,2026-07-10 08:00:00.000
3091,19,Synthetic Site 019,True,FI,3007,SI_D_SW,2023,Y,Approved,EUR,8966.0,Fat separator,4.0,Waste water treatment plants,Environmental relevant,WHG,Annual review: installation within permitted limits.,,2022-12-21 00:00:00.000,2026-07-10 08:00:00.000
3091,19,Synthetic Site 019,True,FI,3007,SI_D_SW,2023,Y,Approved,EUR,8967.0,Cooling unit HCFC,6.0,Cooling installation with HCFC/CFC,Subject to authorization,31. BImSchV,Permit renewal pending; operations continue under existing permit.,,2022-12-21 00:00:00.000,2026-07-10 08:00:00.000
3091,19,Synthetic Site 019,True,FI,3007,SI_D_SW,2023,Y,Approved,EUR,8968.0,Hazardous substance storage,7.0,Plants for handling with waterpolluting substances,Subject to authorization,AwSV,Documentation updated following last audit.,,2022-12-21 00:00:00.000,2026-07-10 08:00:00.000
3092,19,Synthetic Site 019,True,FI,3007,SI_D_SW,2024,Y,Approved,EUR,8969.0,Transformer station,1.0,Other plants,Environmental relevant,,,,2023-11-15 00:00:00.000,2026-07-10 08:00:00.000
3092,19,Synthetic Site 019,True,FI,3007,SI_D_SW,2024,Y,Approved,EUR,,Sewage treatment plant,1.0,Waste water treatment plants,Subject to authorization,,,,2023-11-15 00:00:00.000,2026-07-10 08:00:00.000
3092,19,Synthetic Site 019,True,FI,3007,SI_D_SW,2024,Y,Approved,EUR,8971.0,Oil-water separator,1.0,,,WHG,Documentation updated following last audit.,,2023-11-15 00:00:00.000,2026-07-10 08:00:00.000
3092,19,Synthetic Site 019,True,FI,3007,SI_D_SW,2024,Y,Approved,EUR,8972.0,Fat separator,3.0,Waste water treatment plants,Environmental relevant,,,,2023-11-15 00:00:00.000,2026-07-10 08:00:00.000
3092,19,Synthetic Site 019,True,FI,3007,SI_D_SW,2024,Y,Approved,EUR,8973.0,Cooling unit HCFC,3.0,Cooling installation with HCFC/CFC,Subject to authorization,31. BImSchV,,,2023-11-15 00:00:00.000,2026-07-10 08:00:00.000
3092,19,Synthetic Site 019,True,FI,3007,SI_D_SW,2024,Y,Approved,EUR,8974.0,Hazardous substance storage,1.0,Plants for handling with waterpolluting substances,Subject to authorization,,Documentation updated following last audit.,,2023-11-15 00:00:00.000,2026-07-10 08:00:00.000
3093,19,Synthetic Site 019,True,FI,3007,SI_D_SW,2025,Y,Approved,EUR,8975.0,Transformer station,1.0,Other plants,Environmental relevant,,Minor maintenance scheduled for next quarter.,,2025-03-08 00:00:00.000,2026-07-10 08:00:00.000
3093,19,Synthetic Site 019,True,FI,3007,SI_D_SW,2025,Y,Approved,EUR,8976.0,Sewage treatment plant,5.0,Waste water treatment plants,Subject to authorization,,,,2025-03-08 00:00:00.000,2026-07-10 08:00:00.000
3093,19,Synthetic Site 019,True,FI,3007,SI_D_SW,2025,Y,Approved,EUR,8977.0,Oil-water separator,2.0,Waste water treatment plants,Notifiable,,,,2025-03-08 00:00:00.000,2026-07-10 08:00:00.000
3093,19,Synthetic Site 019,True,FI,3007,SI_D_SW,2025,Y,Approved,EUR,8978.0,,,Waste water treatment plants,Environmental relevant,WHG,Annual review: installation within permitted limits.,,2025-03-08 00:00:00.000,
3093,19,Synthetic Site 019,True,FI,3007,SI_D_SW,2025,Y,Approved,EUR,8979.0,Cooling unit HCFC,1.0,Cooling installation with HCFC/CFC,Subject to authorization,31. BImSchV,,,2025-03-08 00:00:00.000,2026-07-10 08:00:00.000
3093,19,Synthetic Site 019,True,FI,3007,SI_D_SW,2025,Y,Approved,EUR,8980.0,Hazardous substance storage,2.0,Plants for handling with waterpolluting substances,Subject to authorization,AwSV,Documentation updated following last audit.,,2025-03-08 00:00:00.000,2026-07-10 08:00:00.000
3094,19,Synthetic Site 019,True,FI,3007,SI_D_SW,2026,Y,Approved,EUR,8981.0,,,Other plants,Environmental relevant,,,,2025-11-04 00:00:00.000,2026-07-10 08:00:00.000
3094,19,Synthetic Site 019,True,FI,3007,SI_D_SW,2026,Y,Approved,EUR,8982.0,Sewage treatment plant,1.0,Waste water treatment plants,Subject to authorization,WHG,,,2025-11-04 00:00:00.000,2026-07-10 08:00:00.000
3094,19,Synthetic Site 019,True,FI,3007,SI_D_SW,2026,Y,Approved,EUR,8983.0,,,,,WHG,,,,2026-07-10 08:00:00.000
3094,19,Synthetic Site 019,True,FI,3007,SI_D_SW,2026,Y,Approved,EUR,8984.0,,,Waste water treatment plants,Environmental relevant,,,,2025-11-04 00:00:00.000,2026-07-10 08:00:00.000
3094,19,Synthetic Site 019,True,FI,3007,SI_D_SW,2026,Y,Approved,EUR,,,,Cooling installation with HCFC/CFC,Subject to authorization,31. BImSchV,,,2025-11-04 00:00:00.000,2026-07-10 08:00:00.000
3094,19,Synthetic Site 019,True,FI,3007,SI_D_SW,2026,Y,Approved,EUR,8986.0,Hazardous substance storage,1.0,Plants for handling with waterpolluting substances,Subject to authorization,AwSV,,,2025-11-04 00:00:00.000,2026-07-10 08:00:00.000
3095,20,Synthetic Site 020,True,FR,3004,SI_D_HC,2022,Y,Approved,EUR,,Diesel generator,3.0,Air polluting installations,Notifiable,4. BImSchV,,,2022-07-11 00:00:00.000,
3095,20,Synthetic Site 020,True,FR,3004,SI_D_HC,2022,Y,Approved,EUR,8988.0,Compressed gas cylinder store,1.0,Other plants,Notifiable,AwSV,,,2022-07-11 00:00:00.000,2026-07-10 08:00:00.000
3095,20,Synthetic Site 020,True,FR,3004,SI_D_HC,2022,Y,Approved,EUR,8989.0,,,,,,,,2022-07-11 00:00:00.000,2026-07-10 08:00:00.000
3096,20,Synthetic Site 020,True,FR,3004,SI_D_HC,2023,Y,Approved,EUR,8990.0,Diesel generator,1.0,Air polluting installations,Notifiable,,Annual review: installation within permitted limits.,,2023-02-11 00:00:00.000,2026-07-10 08:00:00.000
3096,20,Synthetic Site 020,True,FR,3004,SI_D_HC,2023,Y,Approved,EUR,8991.0,Compressed gas cylinder store,4.0,Other plants,Notifiable,,,,2023-02-11 00:00:00.000,2026-07-10 08:00:00.000
3096,20,Synthetic Site 020,True,FR,3004,SI_D_HC,2023,Y,Approved,EUR,8992.0,Selective soldering unit,1.0,Air polluting installations,Notifiable,,Annual review: installation within permitted limits.,,2023-02-11 00:00:00.000,2026-07-10 08:00:00.000
3097,20,Synthetic Site 020,True,FR,3004,SI_D_HC,2024,Y,Approved,EUR,8993.0,,,Air polluting installations,Notifiable,4. BImSchV,Annual review: installation within permitted limits.,,2024-08-10 00:00:00.000,2026-07-10 08:00:00.000
3097,20,Synthetic Site 020,True,FR,3004,SI_D_HC,2024,Y,Approved,EUR,8994.0,Compressed gas cylinder store,2.0,Other plants,Notifiable,AwSV,,,2024-08-10 00:00:00.000,2026-07-10 08:00:00.000
3097,20,Synthetic Site 020,True,FR,3004,SI_D_HC,2024,Y,Approved,EUR,8995.0,,,Air polluting installations,Notifiable,clean air law,,,2024-08-10 00:00:00.000,2026-07-10 08:00:00.000
3098,20,Synthetic Site 020,True,FR,3004,SI_D_HC,2025,Y,Approved,EUR,8996.0,Diesel generator,1.0,Air polluting installations,Notifiable,,Annual review: installation within permitted limits.,,2025-02-19 00:00:00.000,
3098,20,Synthetic Site 020,True,FR,3004,SI_D_HC,2025,Y,Approved,EUR,8997.0,Compressed gas cylinder store,2.0,Other plants,Notifiable,,,,2025-02-19 00:00:00.000,2026-07-10 08:00:00.000
3098,20,Synthetic Site 020,True,FR,3004,SI_D_HC,2025,Y,Approved,EUR,,Selective soldering unit,2.0,Air polluting installations,Notifiable,clean air law,,,2025-02-19 00:00:00.000,2026-07-10 08:00:00.000
3099,20,Synthetic Site 020,False,FR,3004,SI_D_HC,2026,Y,Approved,EUR,8999.0,Diesel generator,6.0,Air polluting installations,Notifiable,4. BImSchV,,,2026-07-20 00:00:00.000,2026-07-10 08:00:00.000
3099,20,Synthetic Site 020,False,FR,3004,SI_D_HC,2026,Y,Approved,EUR,9000.0,Compressed gas cylinder store,2.0,Other plants,Notifiable,AwSV,Documentation updated following last audit.,,2026-07-20 00:00:00.000,2026-07-10 08:00:00.000
3099,20,Synthetic Site 020,False,FR,3004,SI_D_HC,2026,Y,Approved,EUR,9001.0,Selective soldering unit,2.0,Air polluting installations,Notifiable,,Annual review: installation within permitted limits.,,2026-07-20 00:00:00.000,2026-07-10 08:00:00.000
3100,21,Synthetic Site 021,True,AU,3007,SI_D_SW,2022,Y,Approved,AUD,9002.0,CHP unit,1.0,Other plants,Subject to authorization,BImSchV,,,2021-11-22 00:00:00.000,2026-07-10 08:00:00.000
3100,21,Synthetic Site 021,True,AU,3007,SI_D_SW,2022,Y,Approved,AUD,9003.0,Waste sorting facility,2.0,Waste treatment plants and own landfill,Subject to authorization,,,,2021-11-22 00:00:00.000,2026-07-10 08:00:00.000
3100,21,Synthetic Site 021,True,AU,3007,SI_D_SW,2022,Y,Approved,AUD,9004.0,Compressed gas cylinder store,2.0,Other plants,Notifiable,AwSV,,,2021-11-22 00:00:00.000,2026-07-10 08:00:00.000
3100,21,Synthetic Site 021,True,AU,3007,SI_D_SW,2022,Y,Approved,AUD,9005.0,Hazardous substance storage,2.0,Plants for handling with waterpolluting substances,Subject to authorization,AwSV,Documentation updated following last audit.,,2021-11-22 00:00:00.000,2026-07-10 08:00:00.000
3100,21,Synthetic Site 021,True,AU,3007,SI_D_SW,2022,Y,Approved,AUD,9006.0,Emergency power unit,3.0,Other plants,Notifiable,BetrSichV,Routine inspection completed; no non-conformities found.,,2021-11-22 00:00:00.000,2026-07-10 08:00:00.000
3100,21,Synthetic Site 021,True,AU,3007,SI_D_SW,2022,Y,Approved,AUD,9007.0,Nitrogen tank,2.0,Air polluting installations,Environmental relevant,,Permit renewal pending; operations continue under existing permit.,,2021-11-22 00:00:00.000,2026-07-10 08:00:00.000
3100,21,Synthetic Site 021,True,AU,3007,SI_D_SW,2022,Y,Approved,AUD,9008.0,Transformer station,1.0,Other plants,Environmental relevant,,,,2021-11-22 00:00:00.000,
3101,21,Synthetic Site 021,True,AU,3007,SI_D_SW,2023,Y,Approved,,9009.0,CHP unit,10.0,Other plants,Subject to authorization,,Documentation updated following last audit.,,2022-11-12 00:00:00.000,2026-07-10 08:00:00.000
3101,21,Synthetic Site 021,True,AU,3007,SI_D_SW,2023,Y,Approved,AUD,9010.0,Waste sorting facility,2.0,,,BetrSichV,,,2022-11-12 00:00:00.000,2026-07-10 08:00:00.000
3101,21,Synthetic Site 021,True,AU,3007,SI_D_SW,2023,Y,Approved,AUD,9011.0,Compressed gas cylinder store,1.0,Other plants,Notifiable,AwSV,Permit renewal pending; operations continue under existing permit.,,2022-11-12 00:00:00.000,2026-07-10 08:00:00.000
3101,21,Synthetic Site 021,True,AU,3007,SI_D_SW,2023,Y,Approved,AUD,9012.0,Hazardous substance storage,1.0,Plants for handling with waterpolluting substances,Subject to authorization,,,,2022-11-12 00:00:00.000,2026-07-10 08:00:00.000
3101,21,Synthetic Site 021,True,AU,3007,SI_D_SW,2023,Y,Approved,AUD,9013.0,Emergency power unit,5.0,Other plants,Notifiable,BetrSichV,Routine inspection completed; no non-conformities found.,,2022-11-12 00:00:00.000,2026-07-10 08:00:00.000
3101,21,Synthetic Site 021,True,AU,3007,SI_D_SW,2023,Y,Approved,AUD,9014.0,Nitrogen tank,1.0,Air polluting installations,Environmental relevant,,,,2022-11-12 00:00:00.000,2026-07-10 08:00:00.000
3101,21,Synthetic Site 021,True,AU,3007,SI_D_SW,2023,Y,Approved,AUD,9015.0,Transformer station,3.0,Other plants,Environmental relevant,,Routine inspection completed; no non-conformities found.,,2022-11-12 00:00:00.000,2026-07-10 08:00:00.000
3102,21,Synthetic Site 021,True,AU,3007,SI_D_SW,2024,Y,Approved,AUD,9016.0,CHP unit,2.0,Other plants,Subject to authorization,,,,2024-04-13 00:00:00.000,2026-07-10 08:00:00.000
3102,21,Synthetic Site 021,True,AU,3007,SI_D_SW,2024,Y,Approved,AUD,9017.0,Waste sorting facility,1.0,Waste treatment plants and own landfill,Subject to authorization,BetrSichV,Permit renewal pending; operations continue under existing permit.,,2024-04-13 00:00:00.000,2026-07-10 08:00:00.000
3102,21,Synthetic Site 021,True,AU,3007,SI_D_SW,2024,Y,Approved,AUD,9018.0,,,Other plants,Notifiable,,Permit renewal pending; operations continue under existing permit.,,2024-04-13 00:00:00.000,2026-07-10 08:00:00.000
3102,21,Synthetic Site 021,True,AU,3007,SI_D_SW,2024,Y,Approved,AUD,9019.0,,,Plants for handling with waterpolluting substances,Subject to authorization,AwSV,,,2024-04-13 00:00:00.000,2026-07-10 08:00:00.000
3102,21,Synthetic Site 021,True,AU,3007,SI_D_SW,2024,Y,Approved,AUD,9020.0,Emergency power unit,1.0,Other plants,Notifiable,,,,2024-04-13 00:00:00.000,2026-07-10 08:00:00.000
3102,21,Synthetic Site 021,True,AU,3007,SI_D_SW,2024,Y,Approved,AUD,9021.0,Nitrogen tank,2.0,Air polluting installations,Environmental relevant,,Permit renewal pending; operations continue under existing permit.,,2024-04-13 00:00:00.000,2026-07-10 08:00:00.000
3102,21,Synthetic Site 021,True,AU,3007,SI_D_SW,2024,Y,Approved,AUD,9022.0,,,Other plants,Environmental relevant,,Routine inspection completed; no non-conformities found.,,2024-04-13 00:00:00.000,
3103,21,Synthetic Site 021,True,AU,3007,SI_D_SW,2025,Y,Approved,AUD,9023.0,CHP unit,2.0,Other plants,Subject to authorization,BImSchV,,,2025-01-25 00:00:00.000,2026-07-10 08:00:00.000
3103,21,Synthetic Site 021,True,AU,3007,SI_D_SW,2025,Y,Approved,AUD,9024.0,Waste sorting facility,1.0,Waste treatment plants and own landfill,Subject to authorization,BetrSichV,,,2025-01-25 00:00:00.000,2026-07-10 08:00:00.000
3103,21,Synthetic Site 021,True,AU,3007,SI_D_SW,2025,Y,Approved,AUD,9025.0,Compressed gas cylinder store,1.0,Other plants,Notifiable,,,,2025-01-25 00:00:00.000,2026-07-10 08:00:00.000
3103,21,Synthetic Site 021,True,AU,3007,SI_D_SW,2025,Y,Approved,AUD,9026.0,,,Plants for handling with waterpolluting substances,Subject to authorization,AwSV,,,2025-01-25 00:00:00.000,2026-07-10 08:00:00.000
3103,21,Synthetic Site 021,True,AU,3007,SI_D_SW,2025,Y,Approved,AUD,9027.0,,,Other plants,Notifiable,BetrSichV,Routine inspection completed; no non-conformities found.,,2025-01-25 00:00:00.000,2026-07-10 08:00:00.000
3103,21,Synthetic Site 021,True,AU,3007,SI_D_SW,2025,Y,Approved,AUD,9028.0,,,Air polluting installations,Environmental relevant,,,,2025-01-25 00:00:00.000,2026-07-10 08:00:00.000
3103,21,Synthetic Site 021,True,AU,3007,SI_D_SW,2025,Y,Approved,AUD,9029.0,,,Other plants,Environmental relevant,,Routine inspection completed; no non-conformities found.,,2025-01-25 00:00:00.000,2026-07-10 08:00:00.000
3104,21,Synthetic Site 021,True,AU,3007,SI_D_SW,2026,Y,Approved,AUD,9030.0,CHP unit,1.0,Other plants,Subject to authorization,BImSchV,,,2026-08-03 00:00:00.000,2026-07-10 08:00:00.000
3104,21,Synthetic Site 021,True,AU,3007,SI_D_SW,2026,Y,Approved,AUD,9031.0,Waste sorting facility,2.0,Waste treatment plants and own landfill,Subject to authorization,,,,2026-08-03 00:00:00.000,2026-07-10 08:00:00.000
3104,21,Synthetic Site 021,True,AU,3007,SI_D_SW,2026,Y,Approved,AUD,9032.0,,,Other plants,Notifiable,,Permit renewal pending; operations continue under existing permit.,,2026-08-03 00:00:00.000,2026-07-10 08:00:00.000
3104,21,Synthetic Site 021,True,AU,3007,SI_D_SW,2026,Y,Approved,AUD,9033.0,Hazardous substance storage,5.0,Plants for handling with waterpolluting substances,Subject to authorization,AwSV,,,2026-08-03 00:00:00.000,2026-07-10 08:00:00.000
3104,21,Synthetic Site 021,True,AU,3007,SI_D_SW,2026,Y,Approved,AUD,9034.0,,,Other plants,Notifiable,BetrSichV,Routine inspection completed; no non-conformities found.,,2026-08-03 00:00:00.000,2026-07-10 08:00:00.000
3104,21,Synthetic Site 021,True,AU,3007,SI_D_SW,2026,Y,Approved,AUD,9035.0,Nitrogen tank,1.0,,,,,,2026-08-03 00:00:00.000,2026-07-10 08:00:00.000
3104,21,Synthetic Site 021,True,AU,3007,SI_D_SW,2026,Y,Approved,AUD,9036.0,Transformer station,1.0,Other plants,Environmental relevant,,,,2026-08-03 00:00:00.000,2026-07-10 08:00:00.000
3105,22,Synthetic Site 022,True,FR,3013,SI_D_RE,2022,Y,Approved,EUR,9037.0,Transformer station,1.0,Other plants,Environmental relevant,,,,2021-12-29 00:00:00.000,2026-07-10 08:00:00.000
3106,22,Synthetic Site 022,True,FR,3013,SI_D_RE,2023,Y,Approved,EUR,9038.0,Transformer station,4.0,Other plants,Environmental relevant,,,,2022-12-25 00:00:00.000,2026-07-10 08:00:00.000
3107,22,Synthetic Site 022,True,FR,3013,SI_D_RE,2024,Y,Approved,EUR,9039.0,Transformer station,1.0,Other plants,Environmental relevant,,Annual review: installation within permitted limits.,,2024-04-26 00:00:00.000,2026-07-10 08:00:00.000
3108,22,Synthetic Site 022,True,FR,3013,SI_D_RE,2025,Y,Approved,EUR,9040.0,Transformer station,2.0,Other plants,Environmental relevant,,Annual review: installation within permitted limits.,,2025-02-03 00:00:00.000,2026-07-10 08:00:00.000
3109,22,Synthetic Site 022,True,FR,3013,SI_D_RE,2026,Y,Approved,EUR,9041.0,Transformer station,1.0,Other plants,Environmental relevant,,,,2025-12-07 00:00:00.000,2026-07-10 08:00:00.000
3110,23,Synthetic Site 023,True,SE,3004,SI_D_HC,2022,Y,Approved,SEK,9042.0,CHP unit,2.0,Other plants,Subject to authorization,BImSchV,,,2022-06-25 00:00:00.000,2026-07-10 08:00:00.000
3110,23,Synthetic Site 023,True,SE,3004,SI_D_HC,2022,Y,Approved,SEK,9043.0,Transformer station,2.0,Other plants,Environmental relevant,,Minor maintenance scheduled for next quarter.,,2022-06-25 00:00:00.000,2026-07-10 08:00:00.000
3110,23,Synthetic Site 023,True,SE,3004,SI_D_HC,2022,Y,Approved,SEK,9044.0,Emergency power unit,1.0,Other plants,Notifiable,,,,2022-06-25 00:00:00.000,2026-07-10 08:00:00.000
3110,23,Synthetic Site 023,True,SE,3004,SI_D_HC,2022,Y,Approved,SEK,9045.0,,,Cooling installation with HCFC/CFC,Subject to authorization,31. BImSchV,,,2022-06-25 00:00:00.000,2026-07-10 08:00:00.000
3111,23,Synthetic Site 023,True,SE,3004,SI_D_HC,2023,Y,Approved,SEK,9046.0,CHP unit,1.0,Other plants,Subject to authorization,BImSchV,,,2023-01-05 00:00:00.000,2026-07-10 08:00:00.000
3111,23,Synthetic Site 023,True,SE,3004,SI_D_HC,2023,Y,Approved,SEK,9047.0,Transformer station,1.0,Other plants,Environmental relevant,,Minor maintenance scheduled for next quarter.,,2023-01-05 00:00:00.000,2026-07-10 08:00:00.000
3111,23,Synthetic Site 023,True,SE,3004,SI_D_HC,2023,Y,Approved,SEK,9048.0,,,Other plants,Notifiable,,,,2023-01-05 00:00:00.000,2026-07-10 08:00:00.000
3111,23,Synthetic Site 023,True,SE,3004,SI_D_HC,2023,Y,Approved,SEK,9049.0,Cooling unit HCFC,2.0,Cooling installation with HCFC/CFC,Subject to authorization,31. BImSchV,Minor maintenance scheduled for next quarter.,,2023-01-05 00:00:00.000,2026-07-10 08:00:00.000
3112,23,Synthetic Site 023,True,,3004,SI_D_HC,2024,Y,Approved,SEK,9050.0,,,Other plants,Subject to authorization,,Routine inspection completed; no non-conformities found.,,2024-05-19 00:00:00.000,
3112,23,Synthetic Site 023,True,SE,3004,SI_D_HC,2024,Y,Approved,SEK,9051.0,Transformer station,1.0,Other plants,Environmental relevant,,,,2024-05-19 00:00:00.000,2026-07-10 08:00:00.000
3112,23,Synthetic Site 023,True,SE,3004,SI_D_HC,2024,Y,Approved,SEK,9052.0,Emergency power unit,6.0,Other plants,Notifiable,,Permit renewal pending; operations continue under existing permit.,,2024-05-19 00:00:00.000,2026-07-10 08:00:00.000
3112,23,Synthetic Site 023,True,SE,3004,SI_D_HC,2024,Y,Approved,SEK,9053.0,,,,,31. BImSchV,,,2024-05-19 00:00:00.000,2026-07-10 08:00:00.000
3113,23,Synthetic Site 023,True,SE,3004,SI_D_HC,2025,Y,Approved,SEK,9054.0,,,Other plants,Subject to authorization,BImSchV,Routine inspection completed; no non-conformities found.,,2025-06-02 00:00:00.000,2026-07-10 08:00:00.000
3113,23,Synthetic Site 023,True,SE,3004,SI_D_HC,2025,Y,Approved,SEK,9055.0,Transformer station,1.0,Other plants,Environmental relevant,,Minor maintenance scheduled for next quarter.,,2025-06-02 00:00:00.000,2026-07-10 08:00:00.000
3113,23,Synthetic Site 023,True,SE,3004,SI_D_HC,2025,Y,Approved,SEK,9056.0,Emergency power unit,1.0,Other plants,Notifiable,BetrSichV,,,2025-06-02 00:00:00.000,2026-07-10 08:00:00.000
3113,23,Synthetic Site 023,True,SE,3004,SI_D_HC,2025,Y,Approved,SEK,9057.0,Cooling unit HCFC,1.0,,,31. BImSchV,Minor maintenance scheduled for next quarter.,,2025-06-02 00:00:00.000,2026-07-10 08:00:00.000
3114,23,Synthetic Site 023,True,SE,3004,SI_D_HC,2026,Y,Approved,SEK,9058.0,,,Other plants,Subject to authorization,BImSchV,Routine inspection completed; no non-conformities found.,,2026-08-12 00:00:00.000,2026-07-10 08:00:00.000
3114,23,Synthetic Site 023,True,SE,3004,SI_D_HC,2026,Y,Approved,SEK,9059.0,,,Other plants,Environmental relevant,,,,2026-08-12 00:00:00.000,2026-07-10 08:00:00.000
3114,23,Synthetic Site 023,True,SE,3004,SI_D_HC,2026,Y,Approved,SEK,9060.0,Emergency power unit,1.0,Other plants,Notifiable,,Permit renewal pending; operations continue under existing permit.,,2026-08-12 00:00:00.000,2026-07-10 08:00:00.000
3114,23,Synthetic Site 023,True,SE,3004,SI_D_HC,2026,Y,Approved,SEK,9061.0,Cooling unit HCFC,2.0,Cooling installation with HCFC/CFC,Subject to authorization,31. BImSchV,,,2026-08-12 00:00:00.000,2026-07-10 08:00:00.000
3115,24,Synthetic Site 024,False,ES,3001,SI_D_DI,2022,Y,Approved,EUR,9062.0,Transformer station,1.0,Other plants,Environmental relevant,,,,2022-06-16 00:00:00.000,2026-07-10 08:00:00.000
3115,24,Synthetic Site 024,False,ES,3001,SI_D_DI,2022,Y,Approved,EUR,9063.0,CHP unit,1.0,Other plants,Subject to authorization,BImSchV,,,2022-06-16 00:00:00.000,2026-07-10 08:00:00.000
3116,24,Synthetic Site 024,False,ES,3001,SI_D_DI,2023,Y,Approved,EUR,9064.0,Transformer station,2.0,,,,,,2023-04-30 00:00:00.000,2026-07-10 08:00:00.000
3116,24,Synthetic Site 024,False,ES,3001,SI_D_DI,2023,Y,Approved,EUR,9065.0,CHP unit,1.0,Other plants,Subject to authorization,BImSchV,,,2023-04-30 00:00:00.000,2026-07-10 08:00:00.000
3117,24,Synthetic Site 024,False,ES,3001,SI_D_DI,2024,Y,Approved,EUR,9066.0,Transformer station,1.0,Other plants,Environmental relevant,,,,2024-07-05 00:00:00.000,2026-07-10 08:00:00.000
3117,24,Synthetic Site 024,False,ES,3001,SI_D_DI,2024,Y,Approved,EUR,9067.0,CHP unit,1.0,Other plants,Subject to authorization,,,,2024-07-05 00:00:00.000,
3118,24,Synthetic Site 024,False,ES,3001,SI_D_DI,2025,Y,Approved,EUR,9068.0,Transformer station,1.0,Other plants,Environmental relevant,,Minor maintenance scheduled for next quarter.,,2025-02-10 00:00:00.000,2026-07-10 08:00:00.000
3118,24,Synthetic Site 024,False,,3001,SI_D_DI,2025,Y,Approved,EUR,9069.0,CHP unit,1.0,Other plants,Subject to authorization,,Permit renewal pending; operations continue under existing permit.,,2025-02-10 00:00:00.000,2026-07-10 08:00:00.000
3119,24,Synthetic Site 024,False,ES,3001,SI_D_DI,2026,Y,Approved,EUR,9070.0,Transformer station,1.0,Other plants,Environmental relevant,,,,2026-07-10 00:00:00.000,2026-07-10 08:00:00.000
3119,24,Synthetic Site 024,False,ES,3001,SI_D_DI,2026,Y,Approved,EUR,9071.0,CHP unit,4.0,Other plants,Subject to authorization,,Permit renewal pending; operations continue under existing permit.,,,2026-07-10 08:00:00.000
3120,25,Synthetic Site 025,True,US,3005,SI_D_MO,2022,Y,Approved,USD,,Fat separator,1.0,Waste water treatment plants,Environmental relevant,,,,2022-04-14 00:00:00.000,2026-07-10 08:00:00.000
3120,25,Synthetic Site 025,True,US,3005,SI_D_MO,2022,Y,Approved,USD,9073.0,Diesel generator,3.0,Air polluting installations,Notifiable,4. BImSchV,,,2022-04-14 00:00:00.000,2026-07-10 08:00:00.000
3120,25,Synthetic Site 025,True,US,3005,SI_D_MO,2022,Y,Approved,USD,9074.0,Cooling unit HCFC,2.0,,,,,,2022-04-14 00:00:00.000,2026-07-10 08:00:00.000
3120,25,Synthetic Site 025,True,US,3005,SI_D_MO,2022,Y,Approved,USD,9075.0,Sewage treatment plant,2.0,Waste water treatment plants,Subject to authorization,WHG,Documentation updated following last audit.,,2022-04-14 00:00:00.000,2026-07-10 08:00:00.000
3120,25,Synthetic Site 025,True,,3005,SI_D_MO,2022,Y,Approved,USD,9076.0,,,Waste water treatment plants,Notifiable,WHG,Minor maintenance scheduled for next quarter.,,2022-04-14 00:00:00.000,2026-07-10 08:00:00.000
3120,25,Synthetic Site 025,True,US,3005,SI_D_MO,2022,Y,Approved,USD,9077.0,Fuel burning boiler,1.0,Air polluting installations,Subject to authorization,BImSchV,Documentation updated following last audit.,,2022-04-14 00:00:00.000,2026-07-10 08:00:00.000
3120,25,Synthetic Site 025,True,US,3005,SI_D_MO,2022,Y,Approved,USD,9078.0,Compressed gas cylinder store,1.0,Other plants,Notifiable,AwSV,,,2022-04-14 00:00:00.000,2026-07-10 08:00:00.000
3120,25,Synthetic Site 025,True,US,3005,SI_D_MO,2022,Y,Approved,USD,,Emergency power unit,7.0,Other plants,Notifiable,BetrSichV,,,2022-04-14 00:00:00.000,2026-07-10 08:00:00.000
3121,25,Synthetic Site 025,True,US,3005,SI_D_MO,2023,Y,Approved,USD,9080.0,Fat separator,1.0,Waste water treatment plants,Environmental relevant,WHG,,,2023-02-23 00:00:00.000,2026-07-10 08:00:00.000
3121,25,Synthetic Site 025,True,US,3005,SI_D_MO,2023,Y,Approved,USD,9081.0,Diesel generator,2.0,Air polluting installations,Notifiable,4. BImSchV,Annual review: installation within permitted limits.,,2023-02-23 00:00:00.000,2026-07-10 08:00:00.000
3121,25,Synthetic Site 025,True,US,3005,SI_D_MO,2023,Y,Approved,USD,9082.0,,,Cooling installation with HCFC/CFC,Subject to authorization,31. BImSchV,,,2023-02-23 00:00:00.000,2026-07-10 08:00:00.000
3121,25,Synthetic Site 025,True,US,3005,SI_D_MO,2023,Y,Approved,USD,9083.0,Sewage treatment plant,5.0,Waste water treatment plants,Subject to authorization,WHG,Documentation updated following last audit.,,2023-02-23 00:00:00.000,2026-07-10 08:00:00.000
3121,25,Synthetic Site 025,True,US,3005,SI_D_MO,2023,Y,Approved,USD,9084.0,Oil-water separator,1.0,Waste water treatment plants,Notifiable,WHG,Minor maintenance scheduled for next quarter.,,2023-02-23 00:00:00.000,2026-07-10 08:00:00.000
3121,25,Synthetic Site 025,True,US,3005,SI_D_MO,2023,Y,Approved,USD,9085.0,Fuel burning boiler,3.0,Air polluting installations,Subject to authorization,,,,2023-02-23 00:00:00.000,2026-07-10 08:00:00.000
3121,25,Synthetic Site 025,True,US,3005,SI_D_MO,2023,Y,Approved,USD,9086.0,,,Other plants,Notifiable,,,,2023-02-23 00:00:00.000,2026-07-10 08:00:00.000
3121,25,Synthetic Site 025,True,US,3005,SI_D_MO,2023,Y,Approved,USD,9087.0,Emergency power unit,2.0,Other plants,Notifiable,BetrSichV,,,2023-02-23 00:00:00.000,2026-07-10 08:00:00.000
3122,25,Synthetic Site 025,True,US,3005,SI_D_MO,2024,Y,Approved,USD,9088.0,,,Waste water treatment plants,Environmental relevant,WHG,,,2024-05-30 00:00:00.000,2026-07-10 08:00:00.000
3122,25,Synthetic Site 025,True,US,3005,SI_D_MO,2024,Y,Approved,USD,9089.0,Diesel generator,5.0,Air polluting installations,Notifiable,4. BImSchV,,,2024-05-30 00:00:00.000,2026-07-10 08:00:00.000
3122,25,Synthetic Site 025,True,US,3005,SI_D_MO,2024,Y,Approved,USD,9090.0,Cooling unit HCFC,5.0,Cooling installation with HCFC/CFC,Subject to authorization,31. BImSchV,,,2024-05-30 00:00:00.000,
3122,25,Synthetic Site 025,True,US,3005,SI_D_MO,2024,Y,Approved,USD,9091.0,Sewage treatment plant,6.0,Waste water treatment plants,Subject to authorization,WHG,Documentation updated following last audit.,,2024-05-30 00:00:00.000,2026-07-10 08:00:00.000
3122,25,Synthetic Site 025,True,US,3005,SI_D_MO,2024,Y,Approved,USD,9092.0,,,Waste water treatment plants,Notifiable,,Minor maintenance scheduled for next quarter.,,2024-05-30 00:00:00.000,2026-07-10 08:00:00.000
3122,25,Synthetic Site 025,True,US,3005,SI_D_MO,2024,Y,Approved,USD,9093.0,Fuel burning boiler,1.0,Air polluting installations,Subject to authorization,,Documentation updated following last audit.,,2024-05-30 00:00:00.000,2026-07-10 08:00:00.000
3122,25,Synthetic Site 025,True,US,3005,SI_D_MO,2024,Y,Approved,USD,9094.0,,,Other plants,Notifiable,AwSV,,,2024-05-30 00:00:00.000,2026-07-10 08:00:00.000
3122,25,Synthetic Site 025,True,US,3005,SI_D_MO,2024,Y,Approved,USD,9095.0,Emergency power unit,1.0,Other plants,Notifiable,BetrSichV,Documentation updated following last audit.,,2024-05-30 00:00:00.000,2026-07-10 08:00:00.000
3123,25,Synthetic Site 025,True,US,3005,SI_D_MO,2025,Y,Approved,USD,,Fat separator,2.0,Waste water treatment plants,Environmental relevant,WHG,,,2025-04-23 00:00:00.000,2026-07-10 08:00:00.000
3123,25,Synthetic Site 025,True,US,3005,SI_D_MO,2025,Y,Approved,USD,9097.0,Diesel generator,1.0,Air polluting installations,Notifiable,,,,2025-04-23 00:00:00.000,2026-07-10 08:00:00.000
3123,25,Synthetic Site 025,True,US,3005,SI_D_MO,2025,Y,Approved,USD,9098.0,Cooling unit HCFC,1.0,Cooling installation with HCFC/CFC,Subject to authorization,31. BImSchV,,,2025-04-23 00:00:00.000,2026-07-10 08:00:00.000
3123,25,Synthetic Site 025,True,US,3005,SI_D_MO,2025,Y,Approved,USD,9099.0,Sewage treatment plant,3.0,Waste water treatment plants,Subject to authorization,WHG,Documentation updated following last audit.,,2025-04-23 00:00:00.000,2026-07-10 08:00:00.000
3123,25,Synthetic Site 025,True,US,3005,SI_D_MO,2025,Y,Approved,USD,9100.0,,,Waste water treatment plants,Notifiable,WHG,Minor maintenance scheduled for next quarter.,,2025-04-23 00:00:00.000,
3123,25,Synthetic Site 025,True,US,3005,SI_D_MO,2025,Y,Approved,USD,9101.0,,,Air polluting installations,Subject to authorization,,Documentation updated following last audit.,,2025-04-23 00:00:00.000,
3123,25,Synthetic Site 025,True,US,3005,SI_D_MO,2025,Y,Approved,USD,,Compressed gas cylinder store,3.0,Other plants,Notifiable,AwSV,,,2025-04-23 00:00:00.000,2026-07-10 08:00:00.000
3123,25,Synthetic Site 025,True,US,3005,SI_D_MO,2025,Y,Approved,USD,9103.0,,,Other plants,Notifiable,BetrSichV,Documentation updated following last audit.,,2025-04-23 00:00:00.000,2026-07-10 08:00:00.000
3124,25,Synthetic Site 025,True,US,3005,SI_D_MO,2026,Y,Approved,USD,9104.0,Fat separator,1.0,Waste water treatment plants,Environmental relevant,WHG,,,2026-05-02 00:00:00.000,2026-07-10 08:00:00.000
3124,25,Synthetic Site 025,True,US,3005,SI_D_MO,2026,Y,Approved,USD,9105.0,,,Air polluting installations,Notifiable,,Annual review: installation within permitted limits.,,2026-05-02 00:00:00.000,2026-07-10 08:00:00.000
3124,25,Synthetic Site 025,True,US,3005,SI_D_MO,2026,Y,Approved,USD,9106.0,Cooling unit HCFC,1.0,Cooling installation with HCFC/CFC,Subject to authorization,,Minor maintenance scheduled for next quarter.,,2026-05-02 00:00:00.000,2026-07-10 08:00:00.000
3124,25,Synthetic Site 025,True,US,3005,SI_D_MO,2026,Y,Approved,,9107.0,Sewage treatment plant,4.0,Waste water treatment plants,Subject to authorization,,,,2026-05-02 00:00:00.000,2026-07-10 08:00:00.000
3124,25,Synthetic Site 025,True,US,3005,SI_D_MO,2026,Y,Approved,USD,9108.0,Oil-water separator,1.0,Waste water treatment plants,Notifiable,WHG,,,2026-05-02 00:00:00.000,
3124,25,Synthetic Site 025,True,US,3005,SI_D_MO,2026,Y,Approved,USD,9109.0,,,Air polluting installations,Subject to authorization,BImSchV,Documentation updated following last audit.,,2026-05-02 00:00:00.000,2026-07-10 08:00:00.000
3124,25,Synthetic Site 025,True,US,3005,SI_D_MO,2026,Y,Approved,USD,9110.0,,,Other plants,Notifiable,AwSV,Routine inspection completed; no non-conformities found.,,2026-05-02 00:00:00.000,2026-07-10 08:00:00.000
3124,25,Synthetic Site 025,True,US,3005,SI_D_MO,2026,Y,Approved,USD,9111.0,,,Other plants,Notifiable,BetrSichV,Documentation updated following last audit.,,2026-05-02 00:00:00.000,2026-07-10 08:00:00.000
3125,26,Synthetic Site 026,True,AT,3005,SI_D_MO,2022,Y,Approved,EUR,9112.0,Chiller,5.0,Cooling installation with HCFC/CFC,Notifiable,42. BImSchV,,,2021-12-03 00:00:00.000,2026-07-10 08:00:00.000
3125,26,Synthetic Site 026,True,AT,3005,SI_D_MO,2022,Y,Approved,EUR,9113.0,Waste sorting facility,1.0,Waste treatment plants and own landfill,Subject to authorization,BetrSichV,,,2021-12-03 00:00:00.000,2026-07-10 08:00:00.000
3125,26,Synthetic Site 026,True,AT,3005,SI_D_MO,2022,Y,Approved,EUR,9114.0,Transformer station,4.0,Other plants,Environmental relevant,,,,2021-12-03 00:00:00.000,2026-07-10 08:00:00.000
3125,26,Synthetic Site 026,True,AT,3005,SI_D_MO,2022,Y,Approved,EUR,,CHP unit,1.0,Other plants,Subject to authorization,BImSchV,Documentation updated following last audit.,,2021-12-03 00:00:00.000,2026-07-10 08:00:00.000
3126,26,Synthetic Site 026,True,AT,3005,SI_D_MO,2023,Y,Approved,EUR,9116.0,,,Cooling installation with HCFC/CFC,Notifiable,42. BImSchV,,,2023-04-12 00:00:00.000,2026-07-10 08:00:00.000
3126,26,Synthetic Site 026,True,AT,3005,SI_D_MO,2023,Y,Approved,EUR,9117.0,,,Waste treatment plants and own landfill,Subject to authorization,BetrSichV,Permit renewal pending; operations continue under existing permit.,,2023-04-12 00:00:00.000,2026-07-10 08:00:00.000
3126,26,Synthetic Site 026,True,AT,3005,SI_D_MO,2023,Y,Approved,EUR,9118.0,Transformer station,1.0,Other plants,Environmental relevant,,Permit renewal pending; operations continue under existing permit.,,2023-04-12 00:00:00.000,2026-07-10 08:00:00.000
3126,26,Synthetic Site 026,True,AT,3005,SI_D_MO,2023,Y,Approved,EUR,9119.0,CHP unit,2.0,Other plants,Subject to authorization,,Documentation updated following last audit.,,2023-04-12 00:00:00.000,2026-07-10 08:00:00.000
3127,26,Synthetic Site 026,False,AT,3005,SI_D_MO,2024,Y,Approved,EUR,9120.0,,,Cooling installation with HCFC/CFC,Notifiable,42. BImSchV,Routine inspection completed; no non-conformities found.,,2024-05-10 00:00:00.000,2026-07-10 08:00:00.000
3127,26,Synthetic Site 026,False,AT,3005,SI_D_MO,2024,Y,Approved,EUR,9121.0,Waste sorting facility,7.0,Waste treatment plants and own landfill,Subject to authorization,BetrSichV,Permit renewal pending; operations continue under existing permit.,,2024-05-10 00:00:00.000,2026-07-10 08:00:00.000
3127,26,Synthetic Site 026,False,AT,3005,SI_D_MO,2024,Y,Approved,EUR,9122.0,,,Other plants,Environmental relevant,,,,2024-05-10 00:00:00.000,2026-07-10 08:00:00.000
3127,26,Synthetic Site 026,False,AT,3005,SI_D_MO,2024,Y,Approved,EUR,9123.0,CHP unit,1.0,Other plants,Subject to authorization,BImSchV,Documentation updated following last audit.,,2024-05-10 00:00:00.000,
3128,26,Synthetic Site 026,True,AT,3005,SI_D_MO,2025,Y,Approved,EUR,9124.0,Chiller,1.0,Cooling installation with HCFC/CFC,Notifiable,42. BImSchV,Routine inspection completed; no non-conformities found.,,2025-07-08 00:00:00.000,2026-07-10 08:00:00.000
3128,26,Synthetic Site 026,True,AT,3005,SI_D_MO,2025,Y,Approved,EUR,9125.0,,,Waste treatment plants and own landfill,Subject to authorization,BetrSichV,,,2025-07-08 00:00:00.000,
3128,26,Synthetic Site 026,True,AT,3005,SI_D_MO,2025,Y,Approved,EUR,9126.0,Transformer station,2.0,Other plants,Environmental relevant,,,,2025-07-08 00:00:00.000,2026-07-10 08:00:00.000
3128,26,Synthetic Site 026,True,AT,3005,SI_D_MO,2025,Y,Approved,EUR,9127.0,CHP unit,5.0,Other plants,Subject to authorization,BImSchV,,,2025-07-08 00:00:00.000,2026-07-10 08:00:00.000
3129,26,Synthetic Site 026,True,AT,3005,SI_D_MO,2026,Y,Approved,EUR,9128.0,Chiller,1.0,Cooling installation with HCFC/CFC,Notifiable,42. BImSchV,,,2025-11-18 00:00:00.000,2026-07-10 08:00:00.000
3129,26,Synthetic Site 026,True,AT,3005,SI_D_MO,2026,Y,Approved,EUR,9129.0,,,Waste treatment plants and own landfill,Subject to authorization,,,,2025-11-18 00:00:00.000,2026-07-10 08:00:00.000
3129,26,Synthetic Site 026,True,AT,3005,SI_D_MO,2026,Y,Approved,EUR,9130.0,Transformer station,2.0,Other plants,Environmental relevant,,,,2025-11-18 00:00:00.000,2026-07-10 08:00:00.000
3129,26,Synthetic Site 026,True,AT,3005,SI_D_MO,2026,Y,Approved,EUR,9131.0,,,Other plants,Subject to authorization,,Documentation updated following last audit.,,2025-11-18 00:00:00.000,2026-07-10 08:00:00.000
3130,27,Synthetic Site 027,True,AT,3010,SI_D_IN,2022,Y,Approved,EUR,9132.0,,,Waste water treatment plants,Notifiable,WHG,,,2021-12-24 00:00:00.000,2026-07-10 08:00:00.000
3130,27,Synthetic Site 027,True,AT,3010,SI_D_IN,2022,Y,Approved,EUR,9133.0,,,Cooling installation with HCFC/CFC,Notifiable,42. BImSchV,,,2021-12-24 00:00:00.000,2026-07-10 08:00:00.000
3130,27,Synthetic Site 027,True,AT,3010,SI_D_IN,2022,Y,Approved,EUR,9134.0,CHP unit,3.0,Other plants,Subject to authorization,BImSchV,,,2021-12-24 00:00:00.000,2026-07-10 08:00:00.000
3130,27,Synthetic Site 027,True,AT,3010,SI_D_IN,2022,Y,Approved,EUR,9135.0,Fat separator,3.0,Waste water treatment plants,Environmental relevant,WHG,Minor maintenance scheduled for next quarter.,,2021-12-24 00:00:00.000,2026-07-10 08:00:00.000
3130,27,Synthetic Site 027,True,AT,3010,SI_D_IN,2022,Y,Approved,EUR,9136.0,Air compressor,1.0,Air polluting installations,Environmental relevant,,,,2021-12-24 00:00:00.000,2026-07-10 08:00:00.000
3131,27,Synthetic Site 027,True,AT,3010,SI_D_IN,2023,Y,Approved,EUR,9137.0,Oil-water separator,1.0,Waste water treatment plants,Notifiable,WHG,,,2023-03-19 00:00:00.000,2026-07-10 08:00:00.000
3131,27,Synthetic Site 027,True,AT,3010,SI_D_IN,2023,Y,Approved,EUR,9138.0,Chiller,5.0,Cooling installation with HCFC/CFC,Notifiable,,Minor maintenance scheduled for next quarter.,,2023-03-19 00:00:00.000,
3131,27,Synthetic Site 027,True,AT,3010,SI_D_IN,2023,Y,Approved,EUR,9139.0,,,Other plants,Subject to authorization,BImSchV,,,2023-03-19 00:00:00.000,
3131,27,Synthetic Site 027,True,AT,3010,SI_D_IN,2023,Y,Approved,EUR,9140.0,Fat separator,2.0,Waste water treatment plants,Environmental relevant,WHG,,,2023-03-19 00:00:00.000,2026-07-10 08:00:00.000
3131,27,Synthetic Site 027,True,AT,3010,SI_D_IN,2023,Y,Approved,EUR,9141.0,,,Air polluting installations,Environmental relevant,BImSchV,,,2023-03-19 00:00:00.000,2026-07-10 08:00:00.000
3132,27,Synthetic Site 027,True,AT,3010,SI_D_IN,2024,Y,Approved,EUR,9142.0,,,Waste water treatment plants,Notifiable,,,,2024-05-31 00:00:00.000,2026-07-10 08:00:00.000
3132,27,Synthetic Site 027,True,AT,3010,SI_D_IN,2024,Y,Approved,EUR,9143.0,,,Cooling installation with HCFC/CFC,Notifiable,,,,2024-05-31 00:00:00.000,
3132,27,Synthetic Site 027,True,AT,3010,SI_D_IN,2024,Y,Approved,EUR,9144.0,CHP unit,2.0,Other plants,Subject to authorization,BImSchV,,,2024-05-31 00:00:00.000,2026-07-10 08:00:00.000
3132,27,Synthetic Site 027,True,AT,3010,SI_D_IN,2024,Y,Approved,EUR,9145.0,Fat separator,1.0,Waste water treatment plants,Environmental relevant,WHG,,,2024-05-31 00:00:00.000,
3132,27,Synthetic Site 027,True,AT,3010,SI_D_IN,2024,Y,Approved,EUR,9146.0,Air compressor,1.0,Air polluting installations,Environmental relevant,BImSchV,,,2024-05-31 00:00:00.000,2026-07-10 08:00:00.000
3133,27,Synthetic Site 027,True,AT,3010,SI_D_IN,2025,Y,Approved,EUR,9147.0,Oil-water separator,1.0,Waste water treatment plants,Notifiable,WHG,,,2025-08-14 00:00:00.000,2026-07-10 08:00:00.000
3133,27,Synthetic Site 027,True,AT,3010,SI_D_IN,2025,Y,Approved,EUR,,Chiller,1.0,Cooling installation with HCFC/CFC,Notifiable,42. BImSchV,,,2025-08-14 00:00:00.000,
3133,27,Synthetic Site 027,True,AT,3010,SI_D_IN,2025,Y,Approved,EUR,9149.0,CHP unit,1.0,Other plants,Subject to authorization,BImSchV,Permit renewal pending; operations continue under existing permit.,,2025-08-14 00:00:00.000,2026-07-10 08:00:00.000
3133,27,Synthetic Site 027,True,AT,3010,SI_D_IN,2025,Y,Approved,EUR,9150.0,,,Waste water treatment plants,Environmental relevant,,,,2025-08-14 00:00:00.000,2026-07-10 08:00:00.000
3133,27,Synthetic Site 027,True,AT,3010,SI_D_IN,2025,Y,Approved,EUR,9151.0,Air compressor,2.0,Air polluting installations,Environmental relevant,BImSchV,Documentation updated following last audit.,,2025-08-14 00:00:00.000,2026-07-10 08:00:00.000
3134,27,Synthetic Site 027,True,AT,3010,SI_D_IN,2026,Y,Approved,EUR,,Oil-water separator,5.0,Waste water treatment plants,Notifiable,,,,2026-05-22 00:00:00.000,2026-07-10 08:00:00.000
3134,27,Synthetic Site 027,True,AT,3010,SI_D_IN,2026,Y,Approved,EUR,9153.0,Chiller,4.0,Cooling installation with HCFC/CFC,Notifiable,42. BImSchV,Minor maintenance scheduled for next quarter.,,2026-05-22 00:00:00.000,2026-07-10 08:00:00.000
3134,27,Synthetic Site 027,True,,3010,SI_D_IN,2026,Y,Approved,EUR,9154.0,CHP unit,3.0,Other plants,Subject to authorization,BImSchV,,,2026-05-22 00:00:00.000,
3134,27,Synthetic Site 027,True,AT,3010,SI_D_IN,2026,Y,Approved,EUR,9155.0,Fat separator,4.0,Waste water treatment plants,Environmental relevant,WHG,,,2026-05-22 00:00:00.000,2026-07-10 08:00:00.000
3134,27,Synthetic Site 027,True,AT,3010,SI_D_IN,2026,Y,Approved,EUR,9156.0,,,Air polluting installations,Environmental relevant,,,,2026-05-22 00:00:00.000,2026-07-10 08:00:00.000
3135,28,Synthetic Site 028,True,DE,3009,SI_D_EV,2022,Y,Approved,EUR,9157.0,,,Waste water treatment plants,Subject to authorization,WHG-VawS,Permit renewal pending; operations continue under existing permit.,,2022-02-17 00:00:00.000,2026-07-10 08:00:00.000
3136,28,Synthetic Site 028,True,DE,3009,SI_D_EV,2023,Y,Approved,EUR,9158.0,Biological treatment unit,2.0,Waste water treatment plants,Subject to authorization,,Permit renewal pending; operations continue under existing permit.,,2023-02-03 00:00:00.000,2026-07-10 08:00:00.000
3137,28,Synthetic Site 028,True,DE,3009,SI_D_EV,2024,Y,Approved,EUR,9159.0,,,Waste water treatment plants,Subject to authorization,WHG-VawS,,,2024-01-18 00:00:00.000,2026-07-10 08:00:00.000
3138,28,Synthetic Site 028,False,DE,3009,SI_D_EV,2025,Y,Approved,EUR,9160.0,Biological treatment unit,2.0,Waste water treatment plants,Subject to authorization,WHG-VawS,Permit renewal pending; operations continue under existing permit.,,2025-03-07 00:00:00.000,2026-07-10 08:00:00.000
3139,28,Synthetic Site 028,True,DE,3009,SI_D_EV,2026,Y,Approved,EUR,9161.0,Biological treatment unit,1.0,Waste water treatment plants,Subject to authorization,WHG-VawS,Permit renewal pending; operations continue under existing permit.,,2025-11-03 00:00:00.000,2026-07-10 08:00:00.000
3140,29,Synthetic Site 029,False,IN,3012,SI_D_PM,2022,Y,Approved,INR,9162.0,,,Cooling installation with HCFC/CFC,Environmental relevant,,Documentation updated following last audit.,,2021-11-16 00:00:00.000,2026-07-10 08:00:00.000
3140,29,Synthetic Site 029,False,IN,3012,SI_D_PM,2022,Y,Approved,INR,9163.0,,,Cooling installation with HCFC/CFC,Subject to authorization,31. BImSchV,Routine inspection completed; no non-conformities found.,,2021-11-16 00:00:00.000,2026-07-10 08:00:00.000
3140,29,Synthetic Site 029,False,IN,3012,SI_D_PM,2022,Y,Approved,INR,9164.0,Biological treatment unit,1.0,Waste water treatment plants,Subject to authorization,,Minor maintenance scheduled for next quarter.,,2021-11-16 00:00:00.000,2026-07-10 08:00:00.000
3140,29,Synthetic Site 029,False,IN,3012,SI_D_PM,2022,Y,Approved,INR,9165.0,,,,,BetrSichV,Routine inspection completed; no non-conformities found.,,2021-11-16 00:00:00.000,2026-07-10 08:00:00.000
3140,29,Synthetic Site 029,False,IN,3012,SI_D_PM,2022,Y,Approved,INR,9166.0,Waste sorting facility,2.0,Waste treatment plants and own landfill,Subject to authorization,,,,2021-11-16 00:00:00.000,2026-07-10 08:00:00.000
3140,29,Synthetic Site 029,False,IN,3012,SI_D_PM,2022,Y,Approved,INR,9167.0,CHP unit,5.0,Other plants,Subject to authorization,BImSchV,,,2021-11-16 00:00:00.000,2026-07-10 08:00:00.000
3140,29,Synthetic Site 029,False,IN,3012,SI_D_PM,2022,Y,Approved,INR,9168.0,,,Air polluting installations,Notifiable,,Minor maintenance scheduled for next quarter.,,2021-11-16 00:00:00.000,2026-07-10 08:00:00.000
3140,29,Synthetic Site 029,False,IN,3012,SI_D_PM,2022,Y,Approved,INR,9169.0,Oil-water separator,1.0,Waste water treatment plants,Notifiable,WHG,,,2021-11-16 00:00:00.000,2026-07-10 08:00:00.000
3141,29,Synthetic Site 029,True,IN,3012,SI_D_PM,2023,Y,Approved,INR,9170.0,HVAC unit,1.0,Cooling installation with HCFC/CFC,Environmental relevant,,,,2023-04-10 00:00:00.000,2026-07-10 08:00:00.000
3141,29,Synthetic Site 029,True,IN,3012,SI_D_PM,2023,Y,Approved,INR,9171.0,Cooling unit HCFC,1.0,Cooling installation with HCFC/CFC,Subject to authorization,31. BImSchV,,,2023-04-10 00:00:00.000,2026-07-10 08:00:00.000
3141,29,Synthetic Site 029,True,IN,3012,SI_D_PM,2023,Y,Approved,INR,,Biological treatment unit,4.0,Waste water treatment plants,Subject to authorization,WHG-VawS,,,2023-04-10 00:00:00.000,2026-07-10 08:00:00.000
3141,29,Synthetic Site 029,True,IN,3012,SI_D_PM,2023,Y,Approved,INR,9173.0,Emergency power unit,1.0,Other plants,Notifiable,,,,2023-04-10 00:00:00.000,2026-07-10 08:00:00.000
3141,29,Synthetic Site 029,True,IN,3012,SI_D_PM,2023,Y,Approved,INR,9174.0,,,Waste treatment plants and own landfill,Subject to authorization,BetrSichV,Minor maintenance scheduled for next quarter.,,2023-04-10 00:00:00.000,2026-07-10 08:00:00.000
3141,29,Synthetic Site 029,True,IN,3012,SI_D_PM,2023,Y,Approved,INR,9175.0,CHP unit,1.0,Other plants,Subject to authorization,,,,2023-04-10 00:00:00.000,2026-07-10 08:00:00.000
3141,29,Synthetic Site 029,True,IN,3012,SI_D_PM,2023,Y,Approved,INR,9176.0,Diesel generator,1.0,Air polluting installations,Notifiable,4. BImSchV,,,2023-04-10 00:00:00.000,
3141,29,Synthetic Site 029,True,IN,3012,SI_D_PM,2023,Y,Approved,INR,9177.0,,,Waste water treatment plants,Notifiable,WHG,,,2023-04-10 00:00:00.000,2026-07-10 08:00:00.000
3142,29,Synthetic Site 029,True,IN,3012,SI_D_PM,2024,Y,Approved,INR,9178.0,HVAC unit,1.0,Cooling installation with HCFC/CFC,Environmental relevant,,Documentation updated following last audit.,,2024-01-27 00:00:00.000,2026-07-10 08:00:00.000
3142,29,Synthetic Site 029,True,IN,3012,SI_D_PM,2024,Y,Approved,INR,9179.0,Cooling unit HCFC,1.0,Cooling installation with HCFC/CFC,Subject to authorization,,Routine inspection completed; no non-conformities found.,,2024-01-27 00:00:00.000,
3142,29,Synthetic Site 029,True,IN,3012,SI_D_PM,2024,Y,Approved,INR,,Biological treatment unit,1.0,Waste water treatment plants,Subject to authorization,WHG-VawS,Minor maintenance scheduled for next quarter.,,2024-01-27 00:00:00.000,2026-07-10 08:00:00.000
3142,29,Synthetic Site 029,True,IN,3012,SI_D_PM,2024,Y,Approved,INR,9181.0,Emergency power unit,1.0,Other plants,Notifiable,BetrSichV,,,2024-01-27 00:00:00.000,2026-07-10 08:00:00.000
3142,29,Synthetic Site 029,True,IN,3012,SI_D_PM,2024,Y,Approved,INR,9182.0,Waste sorting facility,5.0,Waste treatment plants and own landfill,Subject to authorization,,,,2024-01-27 00:00:00.000,2026-07-10 08:00:00.000
3142,29,Synthetic Site 029,True,IN,3012,SI_D_PM,2024,Y,Approved,INR,9183.0,,,Other plants,Subject to authorization,BImSchV,,,2024-01-27 00:00:00.000,2026-07-10 08:00:00.000
3142,29,Synthetic Site 029,True,IN,3012,SI_D_PM,2024,Y,Approved,INR,9184.0,Diesel generator,2.0,Air polluting installations,Notifiable,4. BImSchV,,,2024-01-27 00:00:00.000,2026-07-10 08:00:00.000
3142,29,Synthetic Site 029,True,IN,3012,SI_D_PM,2024,Y,Approved,INR,9185.0,Oil-water separator,1.0,Waste water treatment plants,Notifiable,WHG,,,2024-01-27 00:00:00.000,2026-07-10 08:00:00.000
3143,29,Synthetic Site 029,True,IN,3012,SI_D_PM,2025,Y,Approved,INR,9186.0,HVAC unit,1.0,Cooling installation with HCFC/CFC,Environmental relevant,,,,2025-07-31 00:00:00.000,2026-07-10 08:00:00.000
3143,29,Synthetic Site 029,True,IN,3012,SI_D_PM,2025,Y,Approved,INR,9187.0,Cooling unit HCFC,2.0,Cooling installation with HCFC/CFC,Subject to authorization,31. BImSchV,,,2025-07-31 00:00:00.000,2026-07-10 08:00:00.000
3143,29,Synthetic Site 029,True,IN,3012,SI_D_PM,2025,Y,Approved,INR,9188.0,Biological treatment unit,1.0,Waste water treatment plants,Subject to authorization,WHG-VawS,,,2025-07-31 00:00:00.000,2026-07-10 08:00:00.000
3143,29,Synthetic Site 029,True,IN,3012,SI_D_PM,2025,Y,Approved,INR,9189.0,Emergency power unit,1.0,Other plants,Notifiable,BetrSichV,,,2025-07-31 00:00:00.000,2026-07-10 08:00:00.000
3143,29,Synthetic Site 029,True,IN,3012,SI_D_PM,2025,Y,Approved,INR,9190.0,,,Waste treatment plants and own landfill,Subject to authorization,BetrSichV,Minor maintenance scheduled for next quarter.,,2025-07-31 00:00:00.000,2026-07-10 08:00:00.000
3143,29,Synthetic Site 029,True,IN,3012,SI_D_PM,2025,Y,Approved,INR,9191.0,,,Other plants,Subject to authorization,,Routine inspection completed; no non-conformities found.,,2025-07-31 00:00:00.000,2026-07-10 08:00:00.000
3143,29,Synthetic Site 029,True,IN,3012,SI_D_PM,2025,Y,Approved,INR,9192.0,,,Air polluting installations,Notifiable,4. BImSchV,,,2025-07-31 00:00:00.000,2026-07-10 08:00:00.000
3143,29,Synthetic Site 029,True,IN,3012,SI_D_PM,2025,Y,Approved,INR,9193.0,,,Waste water treatment plants,Notifiable,,,,2025-07-31 00:00:00.000,2026-07-10 08:00:00.000
3144,29,Synthetic Site 029,True,IN,3012,SI_D_PM,2026,Y,In Work,INR,9194.0,HVAC unit,1.0,Cooling installation with HCFC/CFC,Environmental relevant,,Documentation updated following last audit.,,2026-04-06 00:00:00.000,2026-07-10 08:00:00.000
3144,29,Synthetic Site 029,True,IN,3012,SI_D_PM,2026,Y,In Work,INR,9195.0,Cooling unit HCFC,1.0,,,,,,2026-04-06 00:00:00.000,2026-07-10 08:00:00.000
3144,29,Synthetic Site 029,True,IN,3012,SI_D_PM,2026,Y,In Work,INR,9196.0,Biological treatment unit,8.0,Waste water treatment plants,Subject to authorization,WHG-VawS,Minor maintenance scheduled for next quarter.,,2026-04-06 00:00:00.000,2026-07-10 08:00:00.000
3144,29,Synthetic Site 029,True,IN,3012,SI_D_PM,2026,Y,In Work,INR,9197.0,Emergency power unit,1.0,Other plants,Notifiable,BetrSichV,,,2026-04-06 00:00:00.000,2026-07-10 08:00:00.000
3144,29,Synthetic Site 029,True,IN,3012,SI_D_PM,2026,Y,In Work,INR,9198.0,Waste sorting facility,2.0,Waste treatment plants and own landfill,Subject to authorization,BetrSichV,,,2026-04-06 00:00:00.000,2026-07-10 08:00:00.000
3144,29,Synthetic Site 029,True,IN,3012,SI_D_PM,2026,Y,In Work,INR,9199.0,CHP unit,1.0,Other plants,Subject to authorization,,,,2026-04-06 00:00:00.000,2026-07-10 08:00:00.000
3144,29,Synthetic Site 029,True,IN,3012,SI_D_PM,2026,Y,In Work,INR,9200.0,Diesel generator,1.0,,,4. BImSchV,,,2026-04-06 00:00:00.000,2026-07-10 08:00:00.000
3144,29,Synthetic Site 029,True,IN,3012,SI_D_PM,2026,Y,In Work,INR,9201.0,Oil-water separator,7.0,Waste water treatment plants,Notifiable,,,,2026-04-06 00:00:00.000,2026-07-10 08:00:00.000
3145,30,Synthetic Site 030,True,ES,3010,SI_D_IN,2022,Y,Approved,EUR,9202.0,,,Plants for handling with waterpolluting substances,Environmental relevant,,,,2022-03-10 00:00:00.000,2026-07-10 08:00:00.000
3145,30,Synthetic Site 030,True,ES,3010,SI_D_IN,2022,Y,Approved,EUR,9203.0,Cooling unit HCFC,5.0,,,31. BImSchV,Annual review: installation within permitted limits.,,2022-03-10 00:00:00.000,2026-07-10 08:00:00.000
3145,30,Synthetic Site 030,True,ES,3010,SI_D_IN,2022,Y,Approved,EUR,9204.0,Hazardous waste storage,1.0,Waste treatment plants and own landfill,Notifiable,BetrSichV,,,2022-03-10 00:00:00.000,2026-07-10 08:00:00.000
3145,30,Synthetic Site 030,True,ES,3010,SI_D_IN,2022,Y,Approved,EUR,,,,Waste water treatment plants,Notifiable,WHG,Minor maintenance scheduled for next quarter.,,2022-03-10 00:00:00.000,2026-07-10 08:00:00.000
3145,30,Synthetic Site 030,True,ES,3010,SI_D_IN,2022,Y,Approved,EUR,9206.0,Air compressor,1.0,Air polluting installations,Environmental relevant,,Routine inspection completed; no non-conformities found.,,2022-03-10 00:00:00.000,2026-07-10 08:00:00.000
3145,30,Synthetic Site 030,True,ES,3010,SI_D_IN,2022,Y,Approved,EUR,9207.0,Underground storage tank,1.0,Plants for handling with waterpolluting substances,Notifiable,AwSV,Permit renewal pending; operations continue under existing permit.,,2022-03-10 00:00:00.000,2026-07-10 08:00:00.000
3146,30,Synthetic Site 030,True,ES,3010,SI_D_IN,2023,Y,Approved,EUR,9208.0,Battery storage room,6.0,Plants for handling with waterpolluting substances,Environmental relevant,,,,2023-08-04 00:00:00.000,2026-07-10 08:00:00.000
3146,30,Synthetic Site 030,True,ES,3010,SI_D_IN,2023,Y,Approved,EUR,9209.0,Cooling unit HCFC,1.0,Cooling installation with HCFC/CFC,Subject to authorization,31. BImSchV,,,2023-08-04 00:00:00.000,2026-07-10 08:00:00.000
3146,30,Synthetic Site 030,True,ES,3010,SI_D_IN,2023,Y,Approved,EUR,9210.0,Hazardous waste storage,3.0,Waste treatment plants and own landfill,Notifiable,BetrSichV,,,2023-08-04 00:00:00.000,2026-07-10 08:00:00.000
3146,30,Synthetic Site 030,True,ES,3010,SI_D_IN,2023,Y,Approved,EUR,9211.0,Oil-water separator,1.0,,,WHG,,,2023-08-04 00:00:00.000,2026-07-10 08:00:00.000
3146,30,Synthetic Site 030,True,ES,3010,SI_D_IN,2023,Y,Approved,EUR,9212.0,Air compressor,1.0,Air polluting installations,Environmental relevant,,Routine inspection completed; no non-conformities found.,,2023-08-04 00:00:00.000,2026-07-10 08:00:00.000
3146,30,Synthetic Site 030,True,,3010,SI_D_IN,2023,Y,Approved,EUR,9213.0,Underground storage tank,1.0,Plants for handling with waterpolluting substances,Notifiable,,Permit renewal pending; operations continue under existing permit.,,2023-08-04 00:00:00.000,2026-07-10 08:00:00.000
3147,30,Synthetic Site 030,True,ES,3010,SI_D_IN,2024,Y,Approved,EUR,9214.0,Battery storage room,1.0,Plants for handling with waterpolluting substances,Environmental relevant,,Routine inspection completed; no non-conformities found.,,,2026-07-10 08:00:00.000
3147,30,Synthetic Site 030,True,ES,3010,SI_D_IN,2024,Y,Approved,EUR,,Cooling unit HCFC,1.0,Cooling installation with HCFC/CFC,Subject to authorization,,,,2023-11-23 00:00:00.000,2026-07-10 08:00:00.000
3147,30,Synthetic Site 030,True,ES,3010,SI_D_IN,2024,Y,Approved,EUR,9216.0,Hazardous waste storage,1.0,Waste treatment plants and own landfill,Notifiable,BetrSichV,,,2023-11-23 00:00:00.000,2026-07-10 08:00:00.000
3147,30,Synthetic Site 030,True,ES,3010,SI_D_IN,2024,Y,Approved,EUR,9217.0,,,Waste water treatment plants,Notifiable,,,,2023-11-23 00:00:00.000,2026-07-10 08:00:00.000
3147,30,Synthetic Site 030,True,ES,3010,SI_D_IN,2024,Y,Approved,EUR,9218.0,Air compressor,1.0,Air polluting installations,Environmental relevant,BImSchV,,,2023-11-23 00:00:00.000,2026-07-10 08:00:00.000
3147,30,Synthetic Site 030,True,ES,3010,SI_D_IN,2024,Y,Approved,EUR,9219.0,Underground storage tank,1.0,Plants for handling with waterpolluting substances,Notifiable,AwSV,Permit renewal pending; operations continue under existing permit.,,2023-11-23 00:00:00.000,2026-07-10 08:00:00.000
3148,30,Synthetic Site 030,True,ES,3010,SI_D_IN,2025,Y,Approved,EUR,9220.0,Battery storage room,1.0,Plants for handling with waterpolluting substances,Environmental relevant,,,,2024-11-13 00:00:00.000,2026-07-10 08:00:00.000
3148,30,Synthetic Site 030,True,ES,3010,SI_D_IN,2025,Y,Approved,EUR,9221.0,Cooling unit HCFC,3.0,Cooling installation with HCFC/CFC,Subject to authorization,31. BImSchV,,,2024-11-13 00:00:00.000,2026-07-10 08:00:00.000
3148,30,Synthetic Site 030,True,ES,3010,SI_D_IN,2025,Y,Approved,EUR,9222.0,Hazardous waste storage,2.0,Waste treatment plants and own landfill,Notifiable,BetrSichV,Annual review: installation within permitted limits.,,2024-11-13 00:00:00.000,2026-07-10 08:00:00.000
3148,30,Synthetic Site 030,True,ES,3010,SI_D_IN,2025,Y,Approved,EUR,9223.0,,,Waste water treatment plants,Notifiable,WHG,Minor maintenance scheduled for next quarter.,,2024-11-13 00:00:00.000,2026-07-10 08:00:00.000
3148,30,Synthetic Site 030,True,ES,3010,SI_D_IN,2025,Y,Approved,EUR,9224.0,Air compressor,3.0,Air polluting installations,Environmental relevant,BImSchV,,,2024-11-13 00:00:00.000,2026-07-10 08:00:00.000
3148,30,Synthetic Site 030,True,ES,3010,SI_D_IN,2025,Y,Approved,EUR,9225.0,Underground storage tank,1.0,Plants for handling with waterpolluting substances,Notifiable,AwSV,,,2024-11-13 00:00:00.000,2026-07-10 08:00:00.000
3149,30,Synthetic Site 030,True,ES,3010,SI_D_IN,2026,Y,Approved,EUR,,Battery storage room,7.0,Plants for handling with waterpolluting substances,Environmental relevant,,,,,2026-07-10 08:00:00.000
3149,30,Synthetic Site 030,True,ES,3010,SI_D_IN,2026,Y,Approved,EUR,9227.0,Cooling unit HCFC,1.0,Cooling installation with HCFC/CFC,Subject to authorization,31. BImSchV,Annual review: installation within permitted limits.,,2025-12-11 00:00:00.000,2026-07-10 08:00:00.000
3149,30,Synthetic Site 030,True,ES,3010,SI_D_IN,2026,Y,Approved,EUR,9228.0,Hazardous waste storage,4.0,Waste treatment plants and own landfill,Notifiable,,Annual review: installation within permitted limits.,,2025-12-11 00:00:00.000,2026-07-10 08:00:00.000
3149,30,Synthetic Site 030,True,ES,3010,SI_D_IN,2026,Y,Approved,EUR,9229.0,Oil-water separator,1.0,Waste water treatment plants,Notifiable,WHG,,,2025-12-11 00:00:00.000,2026-07-10 08:00:00.000
3149,30,Synthetic Site 030,True,ES,3010,SI_D_IN,2026,Y,Approved,EUR,9230.0,Air compressor,2.0,Air polluting installations,Environmental relevant,BImSchV,,,2025-12-11 00:00:00.000,2026-07-10 08:00:00.000
3149,30,Synthetic Site 030,True,ES,3010,SI_D_IN,2026,Y,Approved,EUR,9231.0,Underground storage tank,5.0,Plants for handling with waterpolluting substances,Notifiable,AwSV,,,2025-12-11 00:00:00.000,2026-07-10 08:00:00.000
3150,31,Synthetic Site 031,True,DE,3007,SI_D_SW,2022,Y,Approved,EUR,9232.0,,,Other plants,Subject to authorization,BImSchV,,,2022-08-19 00:00:00.000,2026-07-10 08:00:00.000
3150,31,Synthetic Site 031,True,DE,3007,SI_D_SW,2022,Y,Approved,EUR,9233.0,Hazardous substance storage,3.0,Plants for handling with waterpolluting substances,Subject to authorization,,Documentation updated following last audit.,,2022-08-19 00:00:00.000,2026-07-10 08:00:00.000
3150,31,Synthetic Site 031,True,DE,3007,SI_D_SW,2022,Y,Approved,EUR,9234.0,,,Waste treatment plants and own landfill,Subject to authorization,BetrSichV,,,2022-08-19 00:00:00.000,2026-07-10 08:00:00.000
3150,31,Synthetic Site 031,True,DE,3007,SI_D_SW,2022,Y,Approved,EUR,,Fuel burning boiler,2.0,Air polluting installations,Subject to authorization,BImSchV,,,2022-08-19 00:00:00.000,2026-07-10 08:00:00.000
3150,31,Synthetic Site 031,True,DE,3007,SI_D_SW,2022,Y,Approved,EUR,,Fat separator,3.0,Waste water treatment plants,Environmental relevant,WHG,,,2022-08-19 00:00:00.000,2026-07-10 08:00:00.000
3151,31,Synthetic Site 031,True,DE,3007,SI_D_SW,2023,Y,Approved,EUR,9237.0,CHP unit,2.0,Other plants,Subject to authorization,BImSchV,Routine inspection completed; no non-conformities found.,,2022-12-27 00:00:00.000,2026-07-10 08:00:00.000
3151,31,Synthetic Site 031,True,DE,3007,SI_D_SW,2023,Y,Approved,EUR,9238.0,,,Plants for handling with waterpolluting substances,Subject to authorization,,Documentation updated following last audit.,,2022-12-27 00:00:00.000,
3151,31,Synthetic Site 031,True,DE,3007,SI_D_SW,2023,Y,Approved,EUR,9239.0,Waste sorting facility,1.0,Waste treatment plants and own landfill,Subject to authorization,BetrSichV,,,2022-12-27 00:00:00.000,2026-07-10 08:00:00.000
3151,31,Synthetic Site 031,True,DE,3007,SI_D_SW,2023,Y,Approved,EUR,9240.0,,,,,BImSchV,,,2022-12-27 00:00:00.000,2026-07-10 08:00:00.000
3151,31,Synthetic Site 031,True,DE,3007,SI_D_SW,2023,Y,Approved,EUR,9241.0,Fat separator,2.0,Waste water treatment plants,Environmental relevant,WHG,Minor maintenance scheduled for next quarter.,,2022-12-27 00:00:00.000,2026-07-10 08:00:00.000
3152,31,Synthetic Site 031,True,DE,3007,SI_D_SW,2024,Y,In Work,EUR,9242.0,CHP unit,3.0,Other plants,Subject to authorization,BImSchV,,,2024-04-04 00:00:00.000,2026-07-10 08:00:00.000
3152,31,Synthetic Site 031,True,DE,3007,SI_D_SW,2024,Y,In Work,EUR,9243.0,Hazardous substance storage,6.0,Plants for handling with waterpolluting substances,Subject to authorization,AwSV,,,2024-04-04 00:00:00.000,2026-07-10 08:00:00.000
3152,31,Synthetic Site 031,True,DE,3007,SI_D_SW,2024,Y,In Work,EUR,9244.0,Waste sorting facility,1.0,Waste treatment plants and own landfill,Subject to authorization,BetrSichV,Documentation updated following last audit.,,2024-04-04 00:00:00.000,2026-07-10 08:00:00.000
3152,31,Synthetic Site 031,True,DE,3007,SI_D_SW,2024,Y,In Work,EUR,9245.0,Fuel burning boiler,2.0,Air polluting installations,Subject to authorization,BImSchV,,,2024-04-04 00:00:00.000,2026-07-10 08:00:00.000
3152,31,Synthetic Site 031,True,DE,3007,SI_D_SW,2024,Y,In Work,EUR,9246.0,Fat separator,1.0,Waste water treatment plants,Environmental relevant,WHG,,,2024-04-04 00:00:00.000,2026-07-10 08:00:00.000
3153,31,Synthetic Site 031,True,DE,3007,SI_D_SW,2025,Y,Approved,EUR,9247.0,CHP unit,2.0,Other plants,Subject to authorization,,,,2025-08-11 00:00:00.000,2026-07-10 08:00:00.000
3153,31,Synthetic Site 031,True,DE,3007,SI_D_SW,2025,Y,Approved,EUR,9248.0,Hazardous substance storage,1.0,Plants for handling with waterpolluting substances,Subject to authorization,AwSV,Documentation updated following last audit.,,2025-08-11 00:00:00.000,2026-07-10 08:00:00.000
3153,31,Synthetic Site 031,True,DE,3007,SI_D_SW,2025,Y,Approved,EUR,9249.0,Waste sorting facility,2.0,,,BetrSichV,Documentation updated following last audit.,,2025-08-11 00:00:00.000,2026-07-10 08:00:00.000
3153,31,Synthetic Site 031,True,,3007,SI_D_SW,2025,Y,Approved,EUR,9250.0,Fuel burning boiler,1.0,Air polluting installations,Subject to authorization,BImSchV,Routine inspection completed; no non-conformities found.,,2025-08-11 00:00:00.000,2026-07-10 08:00:00.000
3153,31,Synthetic Site 031,True,DE,3007,SI_D_SW,2025,Y,Approved,EUR,9251.0,Fat separator,4.0,Waste water treatment plants,Environmental relevant,WHG,,,2025-08-11 00:00:00.000,2026-07-10 08:00:00.000
3154,31,Synthetic Site 031,True,DE,3007,SI_D_SW,2026,Y,Approved,EUR,9252.0,CHP unit,1.0,,,BImSchV,Routine inspection completed; no non-conformities found.,,2025-10-31 00:00:00.000,2026-07-10 08:00:00.000
3154,31,Synthetic Site 031,True,DE,3007,SI_D_SW,2026,Y,Approved,EUR,9253.0,Hazardous substance storage,1.0,,,AwSV,,,2025-10-31 00:00:00.000,2026-07-10 08:00:00.000
3154,31,Synthetic Site 031,True,DE,3007,SI_D_SW,2026,Y,Approved,EUR,9254.0,Waste sorting facility,1.0,Waste treatment plants and own landfill,Subject to authorization,BetrSichV,Documentation updated following last audit.,,2025-10-31 00:00:00.000,2026-07-10 08:00:00.000
3154,31,Synthetic Site 031,True,DE,3007,SI_D_SW,2026,Y,Approved,EUR,9255.0,,,Air polluting installations,Subject to authorization,BImSchV,,,2025-10-31 00:00:00.000,2026-07-10 08:00:00.000
3154,31,Synthetic Site 031,True,DE,3007,SI_D_SW,2026,Y,Approved,EUR,9256.0,Fat separator,1.0,Waste water treatment plants,Environmental relevant,WHG,Minor maintenance scheduled for next quarter.,,2025-10-31 00:00:00.000,2026-07-10 08:00:00.000
3155,32,Synthetic Site 032,True,PL,3013,SI_D_RE,2022,Y,Approved,PLN,9257.0,,,Plants for handling with waterpolluting substances,Environmental relevant,,,,2022-07-25 00:00:00.000,
3155,32,Synthetic Site 032,True,PL,3013,SI_D_RE,2022,Y,Approved,PLN,9258.0,Cooling unit HCFC,1.0,Cooling installation with HCFC/CFC,Subject to authorization,31. BImSchV,,,2022-07-25 00:00:00.000,2026-07-10 08:00:00.000
3155,32,Synthetic Site 032,True,PL,3013,SI_D_RE,2022,Y,Approved,PLN,9259.0,Chemical storage area,1.0,Plants for handling with waterpolluting substances,Environmental relevant,,,,2022-07-25 00:00:00.000,2026-07-10 08:00:00.000
3155,32,Synthetic Site 032,True,PL,3013,SI_D_RE,2022,Y,Approved,PLN,9260.0,Oil-water separator,2.0,Waste water treatment plants,Notifiable,,Permit renewal pending; operations continue under existing permit.,,2022-07-25 00:00:00.000,2026-07-10 08:00:00.000
3156,32,Synthetic Site 032,True,PL,3013,SI_D_RE,2023,Y,Approved,PLN,9261.0,,,,,,Minor maintenance scheduled for next quarter.,,2023-05-04 00:00:00.000,2026-07-10 08:00:00.000
3156,32,Synthetic Site 032,True,PL,3013,SI_D_RE,2023,Y,Approved,PLN,,Cooling unit HCFC,6.0,Cooling installation with HCFC/CFC,Subject to authorization,,,,2023-05-04 00:00:00.000,2026-07-10 08:00:00.000
3156,32,Synthetic Site 032,True,,3013,SI_D_RE,2023,Y,Approved,PLN,9263.0,Chemical storage area,1.0,Plants for handling with waterpolluting substances,Environmental relevant,AwSV,,,2023-05-04 00:00:00.000,2026-07-10 08:00:00.000
3156,32,Synthetic Site 032,True,PL,3013,SI_D_RE,2023,Y,Approved,PLN,9264.0,Oil-water separator,3.0,Waste water treatment plants,Notifiable,,,,2023-05-04 00:00:00.000,2026-07-10 08:00:00.000
3157,32,Synthetic Site 032,True,PL,3013,SI_D_RE,2024,Y,Approved,PLN,9265.0,Battery storage room,1.0,Plants for handling with waterpolluting substances,Environmental relevant,,,,2024-03-22 00:00:00.000,2026-07-10 08:00:00.000
3157,32,Synthetic Site 032,True,PL,3013,SI_D_RE,2024,Y,Approved,PLN,9266.0,Cooling unit HCFC,4.0,Cooling installation with HCFC/CFC,Subject to authorization,31. BImSchV,,,2024-03-22 00:00:00.000,2026-07-10 08:00:00.000
3157,32,Synthetic Site 032,True,PL,3013,SI_D_RE,2024,Y,Approved,PLN,9267.0,Chemical storage area,1.0,Plants for handling with waterpolluting substances,Environmental relevant,AwSV,,,2024-03-22 00:00:00.000,2026-07-10 08:00:00.000
3157,32,Synthetic Site 032,True,PL,3013,SI_D_RE,2024,Y,Approved,PLN,9268.0,,,Waste water treatment plants,Notifiable,,,,2024-03-22 00:00:00.000,2026-07-10 08:00:00.000
3158,32,Synthetic Site 032,True,PL,3013,SI_D_RE,2025,Y,In Work,PLN,9269.0,Battery storage room,3.0,Plants for handling with waterpolluting substances,Environmental relevant,,,,2025-07-22 00:00:00.000,2026-07-10 08:00:00.000
3158,32,Synthetic Site 032,True,PL,3013,SI_D_RE,2025,Y,In Work,PLN,9270.0,,,Cooling installation with HCFC/CFC,Subject to authorization,31. BImSchV,Routine inspection completed; no non-conformities found.,,2025-07-22 00:00:00.000,2026-07-10 08:00:00.000
3158,32,Synthetic Site 032,True,,3013,SI_D_RE,2025,Y,In Work,PLN,9271.0,Chemical storage area,2.0,Plants for handling with waterpolluting substances,Environmental relevant,AwSV,,,2025-07-22 00:00:00.000,2026-07-10 08:00:00.000
3158,32,Synthetic Site 032,True,PL,3013,SI_D_RE,2025,Y,In Work,PLN,9272.0,,,Waste water treatment plants,Notifiable,WHG,,,2025-07-22 00:00:00.000,2026-07-10 08:00:00.000
3159,32,Synthetic Site 032,True,PL,3013,SI_D_RE,2026,Y,Approved,PLN,9273.0,Battery storage room,1.0,Plants for handling with waterpolluting substances,Environmental relevant,,Minor maintenance scheduled for next quarter.,,2026-08-18 00:00:00.000,2026-07-10 08:00:00.000
3159,32,Synthetic Site 032,True,PL,3013,SI_D_RE,2026,Y,Approved,PLN,,Cooling unit HCFC,1.0,Cooling installation with HCFC/CFC,Subject to authorization,,Routine inspection completed; no non-conformities found.,,2026-08-18 00:00:00.000,2026-07-10 08:00:00.000
3159,32,Synthetic Site 032,True,PL,3013,SI_D_RE,2026,Y,Approved,PLN,9275.0,Chemical storage area,1.0,Plants for handling with waterpolluting substances,Environmental relevant,AwSV,Permit renewal pending; operations continue under existing permit.,,2026-08-18 00:00:00.000,2026-07-10 08:00:00.000
3159,32,Synthetic Site 032,True,PL,3013,SI_D_RE,2026,Y,Approved,PLN,9276.0,,,Waste water treatment plants,Notifiable,WHG,,,2026-08-18 00:00:00.000,2026-07-10 08:00:00.000
3160,33,Synthetic Site 033,True,ZA,3003,SI_D_FS,2022,Y,Approved,ZAR,9277.0,,,Cooling installation with HCFC/CFC,Environmental relevant,,,,2022-02-26 00:00:00.000,
3160,33,Synthetic Site 033,True,ZA,3003,SI_D_FS,2022,Y,Approved,ZAR,9278.0,Biological treatment unit,4.0,Waste water treatment plants,Subject to authorization,WHG-VawS,,,2022-02-26 00:00:00.000,2026-07-10 08:00:00.000
3161,33,Synthetic Site 033,True,ZA,3003,SI_D_FS,2023,Y,Approved,ZAR,9279.0,HVAC unit,2.0,Cooling installation with HCFC/CFC,Environmental relevant,,Routine inspection completed; no non-conformities found.,,2023-07-30 00:00:00.000,2026-07-10 08:00:00.000
3161,33,Synthetic Site 033,True,ZA,3003,SI_D_FS,2023,Y,Approved,ZAR,9280.0,Biological treatment unit,1.0,Waste water treatment plants,Subject to authorization,,,,2023-07-30 00:00:00.000,2026-07-10 08:00:00.000
3162,33,Synthetic Site 033,True,ZA,3003,SI_D_FS,2024,Y,Approved,ZAR,9281.0,HVAC unit,2.0,Cooling installation with HCFC/CFC,Environmental relevant,,,,2024-02-27 00:00:00.000,2026-07-10 08:00:00.000
3162,33,Synthetic Site 033,True,ZA,3003,SI_D_FS,2024,Y,Approved,ZAR,9282.0,Biological treatment unit,3.0,Waste water treatment plants,Subject to authorization,WHG-VawS,Minor maintenance scheduled for next quarter.,,2024-02-27 00:00:00.000,2026-07-10 08:00:00.000
3163,33,Synthetic Site 033,False,ZA,3003,SI_D_FS,2025,Y,Approved,ZAR,,HVAC unit,6.0,Cooling installation with HCFC/CFC,Environmental relevant,,,,2025-05-11 00:00:00.000,2026-07-10 08:00:00.000
3163,33,Synthetic Site 033,False,ZA,3003,SI_D_FS,2025,Y,Approved,ZAR,9284.0,Biological treatment unit,2.0,Waste water treatment plants,Subject to authorization,WHG-VawS,,,2025-05-11 00:00:00.000,2026-07-10 08:00:00.000
3164,33,Synthetic Site 033,True,ZA,3003,SI_D_FS,2026,Y,Approved,ZAR,,HVAC unit,1.0,Cooling installation with HCFC/CFC,Environmental relevant,,Routine inspection completed; no non-conformities found.,,2026-05-08 00:00:00.000,2026-07-10 08:00:00.000
3164,33,Synthetic Site 033,True,ZA,3003,SI_D_FS,2026,Y,Approved,ZAR,9286.0,Biological treatment unit,3.0,Waste water treatment plants,Subject to authorization,,Minor maintenance scheduled for next quarter.,,2026-05-08 00:00:00.000,2026-07-10 08:00:00.000
3165,34,Synthetic Site 034,True,GB,3001,SI_D_DI,2022,Y,Approved,GBP,9287.0,,,Waste treatment plants and own landfill,Subject to authorization,BetrSichV,,,2022-07-21 00:00:00.000,2026-07-10 08:00:00.000
3165,34,Synthetic Site 034,True,GB,3001,SI_D_DI,2022,Y,Approved,GBP,9288.0,,,Waste water treatment plants,Subject to authorization,WHG,,,2022-07-21 00:00:00.000,2026-07-10 08:00:00.000
3165,34,Synthetic Site 034,True,GB,3001,SI_D_DI,2022,Y,Approved,GBP,,,,Air polluting installations,Notifiable,4. BImSchV,Permit renewal pending; operations continue under existing permit.,,2022-07-21 00:00:00.000,
3166,34,Synthetic Site 034,True,GB,3001,SI_D_DI,2023,Y,Approved,GBP,9290.0,Waste sorting facility,1.0,Waste treatment plants and own landfill,Subject to authorization,BetrSichV,,,2023-07-24 00:00:00.000,2026-07-10 08:00:00.000
3166,34,Synthetic Site 034,True,GB,3001,SI_D_DI,2023,Y,Approved,GBP,,Sewage treatment plant,3.0,Waste water treatment plants,Subject to authorization,,,,2023-07-24 00:00:00.000,2026-07-10 08:00:00.000
3166,34,Synthetic Site 034,True,GB,3001,SI_D_DI,2023,Y,Approved,GBP,9292.0,,,Air polluting installations,Notifiable,4. BImSchV,Permit renewal pending; operations continue under existing permit.,,2023-07-24 00:00:00.000,2026-07-10 08:00:00.000
3167,34,Synthetic Site 034,True,GB,3001,SI_D_DI,2024,Y,Approved,GBP,9293.0,,,Waste treatment plants and own landfill,Subject to authorization,BetrSichV,,,2024-07-13 00:00:00.000,
3167,34,Synthetic Site 034,True,GB,3001,SI_D_DI,2024,Y,Approved,GBP,9294.0,,,Waste water treatment plants,Subject to authorization,,,,2024-07-13 00:00:00.000,2026-07-10 08:00:00.000
3167,34,Synthetic Site 034,True,GB,3001,SI_D_DI,2024,Y,Approved,GBP,,Diesel generator,3.0,Air polluting installations,Notifiable,4. BImSchV,,,2024-07-13 00:00:00.000,2026-07-10 08:00:00.000
3168,34,Synthetic Site 034,True,GB,3001,SI_D_DI,2025,Y,Approved,GBP,9296.0,,,Waste treatment plants and own landfill,Subject to authorization,BetrSichV,,,2025-03-31 00:00:00.000,
3168,34,Synthetic Site 034,True,GB,3001,SI_D_DI,2025,Y,Approved,GBP,9297.0,,,Waste water treatment plants,Subject to authorization,WHG,Routine inspection completed; no non-conformities found.,,2025-03-31 00:00:00.000,2026-07-10 08:00:00.000
3168,34,Synthetic Site 034,True,GB,3001,SI_D_DI,2025,Y,Approved,GBP,9298.0,Diesel generator,2.0,Air polluting installations,Notifiable,4. BImSchV,,,2025-03-31 00:00:00.000,2026-07-10 08:00:00.000
3169,34,Synthetic Site 034,True,GB,3001,SI_D_DI,2026,Y,Approved,GBP,,,,,,BetrSichV,,,2026-06-07 00:00:00.000,2026-07-10 08:00:00.000
3169,34,Synthetic Site 034,True,GB,3001,SI_D_DI,2026,Y,Approved,GBP,9300.0,Sewage treatment plant,2.0,,,WHG,,,2026-06-07 00:00:00.000,2026-07-10 08:00:00.000
3169,34,Synthetic Site 034,True,GB,3001,SI_D_DI,2026,Y,Approved,GBP,9301.0,Diesel generator,2.0,Air polluting installations,Notifiable,4. BImSchV,,,2026-06-07 00:00:00.000,2026-07-10 08:00:00.000
3170,35,Synthetic Site 035,True,PT,3002,SI_D_ED,2022,Y,Approved,EUR,,,,Plants for handling with waterpolluting substances,Subject to authorization,AwSV,Routine inspection completed; no non-conformities found.,,2022-07-31 00:00:00.000,2026-07-10 08:00:00.000
3170,35,Synthetic Site 035,True,PT,3002,SI_D_ED,2022,Y,Approved,EUR,9303.0,,,Cooling installation with HCFC/CFC,Environmental relevant,,Minor maintenance scheduled for next quarter.,,2022-07-31 00:00:00.000,2026-07-10 08:00:00.000
3170,35,Synthetic Site 035,True,PT,3002,SI_D_ED,2022,Y,Approved,EUR,9304.0,Diesel generator,1.0,Air polluting installations,Notifiable,4. BImSchV,,,2022-07-31 00:00:00.000,2026-07-10 08:00:00.000
3170,35,Synthetic Site 035,True,PT,3002,SI_D_ED,2022,Y,Approved,EUR,9305.0,,,Air polluting installations,Subject to authorization,,,,2022-07-31 00:00:00.000,2026-07-10 08:00:00.000
3171,35,Synthetic Site 035,True,PT,3002,SI_D_ED,2023,Y,Approved,EUR,9306.0,Hazardous substance storage,4.0,Plants for handling with waterpolluting substances,Subject to authorization,,Routine inspection completed; no non-conformities found.,,2023-02-16 00:00:00.000,
3171,35,Synthetic Site 035,True,PT,3002,SI_D_ED,2023,Y,Approved,EUR,9307.0,HVAC unit,2.0,Cooling installation with HCFC/CFC,Environmental relevant,,,,,2026-07-10 08:00:00.000
3171,35,Synthetic Site 035,True,PT,3002,SI_D_ED,2023,Y,Approved,EUR,9308.0,,,,,4. BImSchV,Permit renewal pending; operations continue under existing permit.,,2023-02-16 00:00:00.000,2026-07-10 08:00:00.000
3171,35,Synthetic Site 035,True,PT,3002,SI_D_ED,2023,Y,Approved,EUR,9309.0,,,Air polluting installations,Subject to authorization,BImSchV,,,2023-02-16 00:00:00.000,2026-07-10 08:00:00.000
3172,35,Synthetic Site 035,True,PT,3002,SI_D_ED,2024,Y,Approved,EUR,9310.0,Hazardous substance storage,1.0,Plants for handling with waterpolluting substances,Subject to authorization,AwSV,,,2024-05-17 00:00:00.000,2026-07-10 08:00:00.000
3172,35,Synthetic Site 035,True,PT,3002,SI_D_ED,2024,Y,Approved,EUR,,HVAC unit,1.0,Cooling installation with HCFC/CFC,Environmental relevant,,,,2024-05-17 00:00:00.000,2026-07-10 08:00:00.000
3172,35,Synthetic Site 035,True,PT,3002,SI_D_ED,2024,Y,Approved,EUR,9312.0,Diesel generator,1.0,Air polluting installations,Notifiable,4. BImSchV,,,2024-05-17 00:00:00.000,
3172,35,Synthetic Site 035,True,PT,3002,SI_D_ED,2024,Y,Approved,EUR,9313.0,Fuel burning boiler,1.0,Air polluting installations,Subject to authorization,BImSchV,,,2024-05-17 00:00:00.000,
3173,35,Synthetic Site 035,True,PT,3002,SI_D_ED,2025,Y,Approved,EUR,9314.0,Hazardous substance storage,1.0,Plants for handling with waterpolluting substances,Subject to authorization,AwSV,,,2025-01-28 00:00:00.000,2026-07-10 08:00:00.000
3173,35,Synthetic Site 035,True,PT,3002,SI_D_ED,2025,Y,Approved,EUR,9315.0,HVAC unit,4.0,Cooling installation with HCFC/CFC,Environmental relevant,,,,2025-01-28 00:00:00.000,2026-07-10 08:00:00.000
3173,35,Synthetic Site 035,True,PT,3002,SI_D_ED,2025,Y,Approved,EUR,9316.0,,,Air polluting installations,Notifiable,4. BImSchV,,,2025-01-28 00:00:00.000,2026-07-10 08:00:00.000
3173,35,Synthetic Site 035,True,PT,3002,SI_D_ED,2025,Y,Approved,EUR,9317.0,Fuel burning boiler,1.0,Air polluting installations,Subject to authorization,BImSchV,Annual review: installation within permitted limits.,,2025-01-28 00:00:00.000,2026-07-10 08:00:00.000
3174,35,Synthetic Site 035,True,PT,3002,SI_D_ED,2026,Y,Approved,EUR,9318.0,Hazardous substance storage,8.0,Plants for handling with waterpolluting substances,Subject to authorization,AwSV,Routine inspection completed; no non-conformities found.,,2025-12-31 00:00:00.000,2026-07-10 08:00:00.000
3174,35,Synthetic Site 035,True,PT,3002,SI_D_ED,2026,Y,Approved,EUR,9319.0,,,Cooling installation with HCFC/CFC,Environmental relevant,,,,2025-12-31 00:00:00.000,2026-07-10 08:00:00.000
3174,35,Synthetic Site 035,True,PT,3002,SI_D_ED,2026,Y,Approved,EUR,9320.0,,,Air polluting installations,Notifiable,,,,2025-12-31 00:00:00.000,2026-07-10 08:00:00.000
3174,35,Synthetic Site 035,True,PT,3002,SI_D_ED,2026,Y,Approved,EUR,9321.0,Fuel burning boiler,1.0,Air polluting installations,Subject to authorization,BImSchV,,,2025-12-31 00:00:00.000,
3175,36,Synthetic Site 036,True,DE,3011,SI_D_OP,2022,Y,Approved,EUR,9322.0,Battery storage room,1.0,Plants for handling with waterpolluting substances,Environmental relevant,,Permit renewal pending; operations continue under existing permit.,,2022-07-31 00:00:00.000,2026-07-10 08:00:00.000
3175,36,Synthetic Site 036,True,DE,3011,SI_D_OP,2022,Y,Approved,EUR,9323.0,Underground storage tank,1.0,Plants for handling with waterpolluting substances,Notifiable,AwSV,Permit renewal pending; operations continue under existing permit.,,2022-07-31 00:00:00.000,2026-07-10 08:00:00.000
3175,36,Synthetic Site 036,True,DE,3011,SI_D_OP,2022,Y,Approved,EUR,9324.0,,,Waste treatment plants and own landfill,Subject to authorization,BetrSichV,,,2022-07-31 00:00:00.000,2026-07-10 08:00:00.000
3175,36,Synthetic Site 036,True,DE,3011,SI_D_OP,2022,Y,Approved,EUR,9325.0,Cooling unit HCFC,2.0,Cooling installation with HCFC/CFC,Subject to authorization,31. BImSchV,Routine inspection completed; no non-conformities found.,,2022-07-31 00:00:00.000,2026-07-10 08:00:00.000
3175,36,Synthetic Site 036,True,DE,3011,SI_D_OP,2022,Y,Approved,EUR,9326.0,,,Plants for handling with waterpolluting substances,Subject to authorization,AwSV,,,2022-07-31 00:00:00.000,2026-07-10 08:00:00.000
3175,36,Synthetic Site 036,True,DE,3011,SI_D_OP,2022,Y,Approved,EUR,,Biological treatment unit,1.0,Waste water treatment plants,Subject to authorization,WHG-VawS,Annual review: installation within permitted limits.,,2022-07-31 00:00:00.000,2026-07-10 08:00:00.000
3175,36,Synthetic Site 036,True,DE,3011,SI_D_OP,2022,Y,Approved,EUR,9328.0,,,Air polluting installations,Environmental relevant,,Minor maintenance scheduled for next quarter.,,2022-07-31 00:00:00.000,2026-07-10 08:00:00.000
3175,36,Synthetic Site 036,True,DE,3011,SI_D_OP,2022,Y,Approved,EUR,9329.0,Compressed gas cylinder store,2.0,Other plants,Notifiable,AwSV,,,2022-07-31 00:00:00.000,2026-07-10 08:00:00.000
3176,36,Synthetic Site 036,True,DE,3011,SI_D_OP,2023,Y,Approved,EUR,9330.0,Battery storage room,4.0,Plants for handling with waterpolluting substances,Environmental relevant,,Permit renewal pending; operations continue under existing permit.,,2022-12-17 00:00:00.000,2026-07-10 08:00:00.000
3176,36,Synthetic Site 036,True,DE,3011,SI_D_OP,2023,Y,Approved,EUR,9331.0,Underground storage tank,1.0,Plants for handling with waterpolluting substances,Notifiable,,Permit renewal pending; operations continue under existing permit.,,2022-12-17 00:00:00.000,2026-07-10 08:00:00.000
3176,36,Synthetic Site 036,True,DE,3011,SI_D_OP,2023,Y,Approved,EUR,9332.0,Waste sorting facility,1.0,Waste treatment plants and own landfill,Subject to authorization,BetrSichV,,,2022-12-17 00:00:00.000,2026-07-10 08:00:00.000
3176,36,Synthetic Site 036,True,DE,3011,SI_D_OP,2023,Y,Approved,EUR,9333.0,Cooling unit HCFC,1.0,Cooling installation with HCFC/CFC,Subject to authorization,,,,2022-12-17 00:00:00.000,2026-07-10 08:00:00.000
3176,36,Synthetic Site 036,True,DE,3011,SI_D_OP,2023,Y,Approved,EUR,9334.0,Hazardous substance storage,7.0,Plants for handling with waterpolluting substances,Subject to authorization,AwSV,,,2022-12-17 00:00:00.000,2026-07-10 08:00:00.000
3176,36,Synthetic Site 036,True,DE,3011,SI_D_OP,2023,Y,Approved,EUR,9335.0,Biological treatment unit,1.0,Waste water treatment plants,Subject to authorization,WHG-VawS,,,2022-12-17 00:00:00.000,2026-07-10 08:00:00.000
3176,36,Synthetic Site 036,True,DE,3011,SI_D_OP,2023,Y,Approved,EUR,9336.0,,,Air polluting installations,Environmental relevant,,,,2022-12-17 00:00:00.000,2026-07-10 08:00:00.000
3176,36,Synthetic Site 036,True,DE,3011,SI_D_OP,2023,Y,Approved,EUR,9337.0,Compressed gas cylinder store,2.0,,,,,,2022-12-17 00:00:00.000,2026-07-10 08:00:00.000
3177,36,Synthetic Site 036,True,DE,3011,SI_D_OP,2024,Y,Approved,EUR,9338.0,Battery storage room,1.0,Plants for handling with waterpolluting substances,Environmental relevant,,,,2024-06-07 00:00:00.000,2026-07-10 08:00:00.000
3177,36,Synthetic Site 036,True,DE,3011,SI_D_OP,2024,Y,Approved,EUR,,Underground storage tank,3.0,Plants for handling with waterpolluting substances,Notifiable,AwSV,,,2024-06-07 00:00:00.000,2026-07-10 08:00:00.000
3177,36,Synthetic Site 036,True,DE,3011,SI_D_OP,2024,Y,Approved,EUR,9340.0,Waste sorting facility,4.0,Waste treatment plants and own landfill,Subject to authorization,BetrSichV,Routine inspection completed; no non-conformities found.,,2024-06-07 00:00:00.000,2026-07-10 08:00:00.000
3177,36,Synthetic Site 036,True,DE,3011,SI_D_OP,2024,Y,Approved,EUR,9341.0,,,Cooling installation with HCFC/CFC,Subject to authorization,31. BImSchV,,,2024-06-07 00:00:00.000,2026-07-10 08:00:00.000
3177,36,Synthetic Site 036,True,DE,3011,SI_D_OP,2024,Y,Approved,EUR,9342.0,Hazardous substance storage,3.0,Plants for handling with waterpolluting substances,Subject to authorization,,,,2024-06-07 00:00:00.000,2026-07-10 08:00:00.000
3177,36,Synthetic Site 036,True,DE,3011,SI_D_OP,2024,Y,Approved,EUR,9343.0,Biological treatment unit,1.0,Waste water treatment plants,Subject to authorization,WHG-VawS,Annual review: installation within permitted limits.,,2024-06-07 00:00:00.000,2026-07-10 08:00:00.000
3177,36,Synthetic Site 036,True,DE,3011,SI_D_OP,2024,Y,Approved,EUR,9344.0,Nitrogen tank,1.0,Air polluting installations,Environmental relevant,,Minor maintenance scheduled for next quarter.,,2024-06-07 00:00:00.000,2026-07-10 08:00:00.000
3177,36,Synthetic Site 036,True,DE,3011,SI_D_OP,2024,Y,Approved,EUR,9345.0,Compressed gas cylinder store,3.0,Other plants,Notifiable,AwSV,,,2024-06-07 00:00:00.000,2026-07-10 08:00:00.000
3178,36,Synthetic Site 036,False,DE,3011,SI_D_OP,2025,Y,Approved,EUR,9346.0,Battery storage room,1.0,Plants for handling with waterpolluting substances,Environmental relevant,,,,2025-04-29 00:00:00.000,2026-07-10 08:00:00.000
3178,36,Synthetic Site 036,False,DE,3011,SI_D_OP,2025,Y,Approved,EUR,9347.0,Underground storage tank,1.0,Plants for handling with waterpolluting substances,Notifiable,,Permit renewal pending; operations continue under existing permit.,,2025-04-29 00:00:00.000,
3178,36,Synthetic Site 036,False,DE,3011,SI_D_OP,2025,Y,Approved,EUR,9348.0,Waste sorting facility,2.0,Waste treatment plants and own landfill,Subject to authorization,BetrSichV,,,2025-04-29 00:00:00.000,2026-07-10 08:00:00.000
3178,36,Synthetic Site 036,False,DE,3011,SI_D_OP,2025,Y,Approved,EUR,9349.0,,,Cooling installation with HCFC/CFC,Subject to authorization,31. BImSchV,,,2025-04-29 00:00:00.000,2026-07-10 08:00:00.000
3178,36,Synthetic Site 036,False,DE,3011,SI_D_OP,2025,Y,Approved,EUR,9350.0,,,Plants for handling with waterpolluting substances,Subject to authorization,,,,2025-04-29 00:00:00.000,2026-07-10 08:00:00.000
3178,36,Synthetic Site 036,False,DE,3011,SI_D_OP,2025,Y,Approved,EUR,9351.0,,,Waste water treatment plants,Subject to authorization,WHG-VawS,,,2025-04-29 00:00:00.000,2026-07-10 08:00:00.000
3178,36,Synthetic Site 036,False,DE,3011,SI_D_OP,2025,Y,Approved,EUR,9352.0,Nitrogen tank,1.0,,,,Minor maintenance scheduled for next quarter.,,2025-04-29 00:00:00.000,2026-07-10 08:00:00.000
3178,36,Synthetic Site 036,False,DE,3011,SI_D_OP,2025,Y,Approved,EUR,9353.0,Compressed gas cylinder store,5.0,Other plants,Notifiable,,,,2025-04-29 00:00:00.000,2026-07-10 08:00:00.000
3179,36,Synthetic Site 036,True,DE,3011,SI_D_OP,2026,Y,Approved,EUR,9354.0,Battery storage room,1.0,Plants for handling with waterpolluting substances,Environmental relevant,,,,2026-07-09 00:00:00.000,2026-07-10 08:00:00.000
3179,36,Synthetic Site 036,True,DE,3011,SI_D_OP,2026,Y,Approved,EUR,9355.0,Underground storage tank,1.0,Plants for handling with waterpolluting substances,Notifiable,,,,2026-07-09 00:00:00.000,2026-07-10 08:00:00.000
3179,36,Synthetic Site 036,True,DE,3011,SI_D_OP,2026,Y,Approved,EUR,9356.0,Waste sorting facility,1.0,Waste treatment plants and own landfill,Subject to authorization,BetrSichV,,,2026-07-09 00:00:00.000,2026-07-10 08:00:00.000
3179,36,Synthetic Site 036,True,DE,3011,SI_D_OP,2026,Y,Approved,EUR,9357.0,Cooling unit HCFC,2.0,Cooling installation with HCFC/CFC,Subject to authorization,,Routine inspection completed; no non-conformities found.,,2026-07-09 00:00:00.000,2026-07-10 08:00:00.000
3179,36,Synthetic Site 036,True,,3011,SI_D_OP,2026,Y,Approved,EUR,9358.0,,,Plants for handling with waterpolluting substances,Subject to authorization,AwSV,,,2026-07-09 00:00:00.000,2026-07-10 08:00:00.000
3179,36,Synthetic Site 036,True,DE,3011,SI_D_OP,2026,Y,Approved,EUR,9359.0,Biological treatment unit,1.0,Waste water treatment plants,Subject to authorization,,,,2026-07-09 00:00:00.000,2026-07-10 08:00:00.000
3179,36,Synthetic Site 036,True,DE,3011,SI_D_OP,2026,Y,Approved,EUR,9360.0,,,Air polluting installations,Environmental relevant,,,,2026-07-09 00:00:00.000,2026-07-10 08:00:00.000
3179,36,Synthetic Site 036,True,DE,3011,SI_D_OP,2026,Y,Approved,EUR,9361.0,Compressed gas cylinder store,1.0,Other plants,Notifiable,AwSV,,,2026-07-09 00:00:00.000,2026-07-10 08:00:00.000
3180,37,Synthetic Site 037,True,FR,3007,SI_D_SW,2022,Y,Approved,EUR,9362.0,Diesel generator,1.0,Air polluting installations,Notifiable,4. BImSchV,,,2022-04-16 00:00:00.000,2026-07-10 08:00:00.000
3180,37,Synthetic Site 037,True,FR,3007,SI_D_SW,2022,Y,Approved,EUR,9363.0,Transformer station,1.0,Other plants,Environmental relevant,,,,2022-04-16 00:00:00.000,2026-07-10 08:00:00.000
3180,37,Synthetic Site 037,True,FR,3007,SI_D_SW,2022,Y,Approved,EUR,9364.0,Waste sorting facility,2.0,Waste treatment plants and own landfill,Subject to authorization,,,,2022-04-16 00:00:00.000,2026-07-10 08:00:00.000
3180,37,Synthetic Site 037,True,FR,3007,SI_D_SW,2022,Y,Approved,EUR,9365.0,Fat separator,1.0,Waste water treatment plants,Environmental relevant,WHG,,,2022-04-16 00:00:00.000,2026-07-10 08:00:00.000
3180,37,Synthetic Site 037,True,FR,3007,SI_D_SW,2022,Y,Approved,EUR,9366.0,CHP unit,2.0,Other plants,Subject to authorization,BImSchV,,,2022-04-16 00:00:00.000,2026-07-10 08:00:00.000
3180,37,Synthetic Site 037,True,FR,3007,SI_D_SW,2022,Y,Approved,EUR,9367.0,Chemical storage area,1.0,Plants for handling with waterpolluting substances,Environmental relevant,AwSV,,,2022-04-16 00:00:00.000,2026-07-10 08:00:00.000
3180,37,Synthetic Site 037,True,FR,3007,SI_D_SW,2022,Y,Approved,EUR,9368.0,Nitrogen tank,1.0,Air polluting installations,Environmental relevant,,Minor maintenance scheduled for next quarter.,,2022-04-16 00:00:00.000,2026-07-10 08:00:00.000
3180,37,Synthetic Site 037,True,FR,3007,SI_D_SW,2022,Y,Approved,EUR,9369.0,Biological treatment unit,2.0,Waste water treatment plants,Subject to authorization,,,,2022-04-16 00:00:00.000,2026-07-10 08:00:00.000
3181,37,Synthetic Site 037,True,FR,3007,SI_D_SW,2023,Y,Approved,EUR,9370.0,,,Air polluting installations,Notifiable,4. BImSchV,,,2023-01-27 00:00:00.000,2026-07-10 08:00:00.000
3181,37,Synthetic Site 037,True,FR,3007,SI_D_SW,2023,Y,Approved,EUR,,Transformer station,1.0,Other plants,Environmental relevant,,Permit renewal pending; operations continue under existing permit.,,2023-01-27 00:00:00.000,2026-07-10 08:00:00.000
3181,37,Synthetic Site 037,True,FR,3007,SI_D_SW,2023,Y,Approved,EUR,9372.0,Waste sorting facility,2.0,Waste treatment plants and own landfill,Subject to authorization,,,,2023-01-27 00:00:00.000,2026-07-10 08:00:00.000
3181,37,Synthetic Site 037,True,FR,3007,SI_D_SW,2023,Y,Approved,EUR,9373.0,Fat separator,1.0,Waste water treatment plants,Environmental relevant,,,,2023-01-27 00:00:00.000,2026-07-10 08:00:00.000
3181,37,Synthetic Site 037,True,FR,3007,SI_D_SW,2023,Y,Approved,EUR,9374.0,CHP unit,1.0,Other plants,Subject to authorization,,,,2023-01-27 00:00:00.000,
3181,37,Synthetic Site 037,True,FR,3007,SI_D_SW,2023,Y,Approved,EUR,9375.0,Chemical storage area,1.0,Plants for handling with waterpolluting substances,Environmental relevant,,Routine inspection completed; no non-conformities found.,,2023-01-27 00:00:00.000,2026-07-10 08:00:00.000
3181,37,Synthetic Site 037,True,FR,3007,SI_D_SW,2023,Y,Approved,EUR,9376.0,Nitrogen tank,1.0,Air polluting installations,Environmental relevant,,Minor maintenance scheduled for next quarter.,,2023-01-27 00:00:00.000,2026-07-10 08:00:00.000
3181,37,Synthetic Site 037,True,FR,3007,SI_D_SW,2023,Y,Approved,EUR,9377.0,,,Waste water treatment plants,Subject to authorization,WHG-VawS,,,2023-01-27 00:00:00.000,2026-07-10 08:00:00.000
3182,37,Synthetic Site 037,True,FR,3007,SI_D_SW,2024,Y,Approved,EUR,9378.0,Diesel generator,1.0,Air polluting installations,Notifiable,4. BImSchV,,,2024-02-24 00:00:00.000,2026-07-10 08:00:00.000
3182,37,Synthetic Site 037,True,FR,3007,SI_D_SW,2024,Y,Approved,EUR,9379.0,Transformer station,1.0,Other plants,Environmental relevant,,,,2024-02-24 00:00:00.000,2026-07-10 08:00:00.000
3182,37,Synthetic Site 037,True,FR,3007,SI_D_SW,2024,Y,Approved,,9380.0,Waste sorting facility,1.0,Waste treatment plants and own landfill,Subject to authorization,BetrSichV,,,2024-02-24 00:00:00.000,2026-07-10 08:00:00.000
3182,37,Synthetic Site 037,True,FR,3007,SI_D_SW,2024,Y,Approved,EUR,9381.0,,,Waste water treatment plants,Environmental relevant,WHG,Permit renewal pending; operations continue under existing permit.,,2024-02-24 00:00:00.000,2026-07-10 08:00:00.000
3182,37,Synthetic Site 037,True,FR,3007,SI_D_SW,2024,Y,Approved,EUR,9382.0,CHP unit,1.0,Other plants,Subject to authorization,,,,2024-02-24 00:00:00.000,2026-07-10 08:00:00.000
3182,37,Synthetic Site 037,True,FR,3007,SI_D_SW,2024,Y,Approved,EUR,,Chemical storage area,1.0,Plants for handling with waterpolluting substances,Environmental relevant,AwSV,Routine inspection completed; no non-conformities found.,,2024-02-24 00:00:00.000,2026-07-10 08:00:00.000
3182,37,Synthetic Site 037,True,FR,3007,SI_D_SW,2024,Y,Approved,EUR,9384.0,Nitrogen tank,1.0,Air polluting installations,Environmental relevant,,Minor maintenance scheduled for next quarter.,,2024-02-24 00:00:00.000,2026-07-10 08:00:00.000
3182,37,Synthetic Site 037,True,FR,3007,SI_D_SW,2024,Y,Approved,EUR,9385.0,,,Waste water treatment plants,Subject to authorization,WHG-VawS,,,2024-02-24 00:00:00.000,2026-07-10 08:00:00.000
3183,37,Synthetic Site 037,False,FR,3007,SI_D_SW,2025,Y,In Work,EUR,9386.0,Diesel generator,2.0,Air polluting installations,Notifiable,4. BImSchV,,,2024-12-17 00:00:00.000,2026-07-10 08:00:00.000
3183,37,Synthetic Site 037,False,FR,3007,SI_D_SW,2025,Y,In Work,EUR,9387.0,Transformer station,3.0,Other plants,Environmental relevant,,,,2024-12-17 00:00:00.000,2026-07-10 08:00:00.000
3183,37,Synthetic Site 037,False,FR,3007,SI_D_SW,2025,Y,In Work,EUR,9388.0,Waste sorting facility,2.0,Waste treatment plants and own landfill,Subject to authorization,BetrSichV,,,2024-12-17 00:00:00.000,2026-07-10 08:00:00.000
3183,37,Synthetic Site 037,False,FR,3007,SI_D_SW,2025,Y,In Work,EUR,9389.0,Fat separator,8.0,Waste water treatment plants,Environmental relevant,,Permit renewal pending; operations continue under existing permit.,,2024-12-17 00:00:00.000,2026-07-10 08:00:00.000
3183,37,Synthetic Site 037,False,FR,3007,SI_D_SW,2025,Y,In Work,EUR,9390.0,CHP unit,1.0,Other plants,Subject to authorization,BImSchV,Minor maintenance scheduled for next quarter.,,2024-12-17 00:00:00.000,2026-07-10 08:00:00.000
3183,37,Synthetic Site 037,False,FR,3007,SI_D_SW,2025,Y,In Work,EUR,9391.0,Chemical storage area,1.0,Plants for handling with waterpolluting substances,Environmental relevant,AwSV,,,2024-12-17 00:00:00.000,2026-07-10 08:00:00.000
3183,37,Synthetic Site 037,False,FR,3007,SI_D_SW,2025,Y,In Work,EUR,9392.0,Nitrogen tank,7.0,Air polluting installations,Environmental relevant,,Minor maintenance scheduled for next quarter.,,2024-12-17 00:00:00.000,2026-07-10 08:00:00.000
3183,37,Synthetic Site 037,False,FR,3007,SI_D_SW,2025,Y,In Work,EUR,9393.0,,,Waste water treatment plants,Subject to authorization,WHG-VawS,,,2024-12-17 00:00:00.000,2026-07-10 08:00:00.000
3184,37,Synthetic Site 037,True,FR,3007,SI_D_SW,2026,Y,Approved,EUR,,,,Air polluting installations,Notifiable,4. BImSchV,,,2026-04-22 00:00:00.000,2026-07-10 08:00:00.000
3184,37,Synthetic Site 037,True,FR,3007,SI_D_SW,2026,Y,Approved,EUR,9395.0,Transformer station,2.0,Other plants,Environmental relevant,,,,2026-04-22 00:00:00.000,2026-07-10 08:00:00.000
3184,37,Synthetic Site 037,True,FR,3007,SI_D_SW,2026,Y,Approved,EUR,9396.0,Waste sorting facility,2.0,Waste treatment plants and own landfill,Subject to authorization,,,,2026-04-22 00:00:00.000,2026-07-10 08:00:00.000
3184,37,Synthetic Site 037,True,FR,3007,SI_D_SW,2026,Y,Approved,EUR,9397.0,Fat separator,4.0,Waste water treatment plants,Environmental relevant,WHG,,,2026-04-22 00:00:00.000,2026-07-10 08:00:00.000
3184,37,Synthetic Site 037,True,FR,3007,SI_D_SW,2026,Y,Approved,EUR,9398.0,CHP unit,4.0,Other plants,Subject to authorization,BImSchV,Minor maintenance scheduled for next quarter.,,2026-04-22 00:00:00.000,2026-07-10 08:00:00.000
3184,37,Synthetic Site 037,True,FR,3007,SI_D_SW,2026,Y,Approved,EUR,9399.0,Chemical storage area,1.0,Plants for handling with waterpolluting substances,Environmental relevant,AwSV,,,2026-04-22 00:00:00.000,
3184,37,Synthetic Site 037,True,FR,3007,SI_D_SW,2026,Y,Approved,EUR,9400.0,Nitrogen tank,1.0,Air polluting installations,Environmental relevant,,,,2026-04-22 00:00:00.000,2026-07-10 08:00:00.000
3184,37,Synthetic Site 037,True,FR,3007,SI_D_SW,2026,Y,Approved,EUR,9401.0,Biological treatment unit,1.0,,,WHG-VawS,Routine inspection completed; no non-conformities found.,,2026-04-22 00:00:00.000,2026-07-10 08:00:00.000
3185,38,Synthetic Site 038,True,DE,3003,SI_D_FS,2022,Y,Approved,EUR,9402.0,Cooling unit HCFC,3.0,Cooling installation with HCFC/CFC,Subject to authorization,31. BImSchV,,,2022-04-26 00:00:00.000,2026-07-10 08:00:00.000
3185,38,Synthetic Site 038,True,DE,3003,SI_D_FS,2022,Y,Approved,EUR,9403.0,Diesel generator,2.0,Air polluting installations,Notifiable,4. BImSchV,Routine inspection completed; no non-conformities found.,,2022-04-26 00:00:00.000,2026-07-10 08:00:00.000
3185,38,Synthetic Site 038,True,DE,3003,SI_D_FS,2022,Y,Approved,EUR,9404.0,Hazardous waste storage,1.0,Waste treatment plants and own landfill,Notifiable,BetrSichV,,,2022-04-26 00:00:00.000,2026-07-10 08:00:00.000
3185,38,Synthetic Site 038,True,DE,3003,SI_D_FS,2022,Y,Approved,EUR,9405.0,,,,,,,,2022-04-26 00:00:00.000,2026-07-10 08:00:00.000
3185,38,Synthetic Site 038,True,DE,3003,SI_D_FS,2022,Y,Approved,EUR,9406.0,Chemical storage area,5.0,Plants for handling with waterpolluting substances,Environmental relevant,AwSV,,,2022-04-26 00:00:00.000,2026-07-10 08:00:00.000
3185,38,Synthetic Site 038,True,DE,3003,SI_D_FS,2022,Y,Approved,EUR,9407.0,Transformer station,4.0,Other plants,Environmental relevant,,,,2022-04-26 00:00:00.000,2026-07-10 08:00:00.000
3185,38,Synthetic Site 038,True,DE,3003,SI_D_FS,2022,Y,Approved,EUR,9408.0,Waste sorting facility,4.0,Waste treatment plants and own landfill,Subject to authorization,BetrSichV,,,2022-04-26 00:00:00.000,
3186,38,Synthetic Site 038,True,DE,3003,SI_D_FS,2023,Y,Approved,EUR,9409.0,Cooling unit HCFC,2.0,,,31. BImSchV,,,2022-11-02 00:00:00.000,2026-07-10 08:00:00.000
3186,38,Synthetic Site 038,True,DE,3003,SI_D_FS,2023,Y,Approved,EUR,9410.0,,,Air polluting installations,Notifiable,4. BImSchV,Routine inspection completed; no non-conformities found.,,2022-11-02 00:00:00.000,2026-07-10 08:00:00.000
3186,38,Synthetic Site 038,True,DE,3003,SI_D_FS,2023,Y,Approved,EUR,9411.0,Hazardous waste storage,1.0,Waste treatment plants and own landfill,Notifiable,BetrSichV,,,2022-11-02 00:00:00.000,2026-07-10 08:00:00.000
3186,38,Synthetic Site 038,True,DE,3003,SI_D_FS,2023,Y,Approved,EUR,9412.0,,,Waste water treatment plants,Notifiable,WHG,Documentation updated following last audit.,,2022-11-02 00:00:00.000,2026-07-10 08:00:00.000
3186,38,Synthetic Site 038,True,DE,3003,SI_D_FS,2023,Y,Approved,EUR,9413.0,Chemical storage area,5.0,Plants for handling with waterpolluting substances,Environmental relevant,,,,2022-11-02 00:00:00.000,2026-07-10 08:00:00.000
3186,38,Synthetic Site 038,True,DE,3003,SI_D_FS,2023,Y,Approved,EUR,9414.0,Transformer station,3.0,Other plants,Environmental relevant,,Documentation updated following last audit.,,2022-11-02 00:00:00.000,2026-07-10 08:00:00.000
3186,38,Synthetic Site 038,True,DE,3003,SI_D_FS,2023,Y,Approved,EUR,9415.0,Waste sorting facility,1.0,Waste treatment plants and own landfill,Subject to authorization,BetrSichV,Routine inspection completed; no non-conformities found.,,2022-11-02 00:00:00.000,2026-07-10 08:00:00.000
3187,38,Synthetic Site 038,True,DE,3003,SI_D_FS,2024,Y,Approved,EUR,9416.0,Cooling unit HCFC,3.0,Cooling installation with HCFC/CFC,Subject to authorization,,,,2023-12-17 00:00:00.000,2026-07-10 08:00:00.000
3187,38,Synthetic Site 038,True,DE,3003,SI_D_FS,2024,Y,Approved,EUR,9417.0,Diesel generator,1.0,Air polluting installations,Notifiable,4. BImSchV,Routine inspection completed; no non-conformities found.,,2023-12-17 00:00:00.000,2026-07-10 08:00:00.000
3187,38,Synthetic Site 038,True,DE,3003,SI_D_FS,2024,Y,Approved,EUR,9418.0,,,Waste treatment plants and own landfill,Notifiable,BetrSichV,Documentation updated following last audit.,,2023-12-17 00:00:00.000,2026-07-10 08:00:00.000
3187,38,Synthetic Site 038,True,DE,3003,SI_D_FS,2024,Y,Approved,EUR,9419.0,Oil-water separator,1.0,Waste water treatment plants,Notifiable,WHG,,,2023-12-17 00:00:00.000,2026-07-10 08:00:00.000
3187,38,Synthetic Site 038,True,DE,3003,SI_D_FS,2024,Y,Approved,EUR,,Chemical storage area,3.0,Plants for handling with waterpolluting substances,Environmental relevant,,Permit renewal pending; operations continue under existing permit.,,2023-12-17 00:00:00.000,2026-07-10 08:00:00.000
3187,38,Synthetic Site 038,True,DE,3003,SI_D_FS,2024,Y,Approved,EUR,9421.0,,,Other plants,Environmental relevant,,,,2023-12-17 00:00:00.000,2026-07-10 08:00:00.000
3187,38,Synthetic Site 038,True,DE,3003,SI_D_FS,2024,Y,Approved,EUR,9422.0,,,,,BetrSichV,,,2023-12-17 00:00:00.000,
3188,38,Synthetic Site 038,True,DE,3003,SI_D_FS,2025,Y,In Work,EUR,9423.0,,,Cooling installation with HCFC/CFC,Subject to authorization,31. BImSchV,,,2025-04-24 00:00:00.000,2026-07-10 08:00:00.000
3188,38,Synthetic Site 038,True,DE,3003,SI_D_FS,2025,Y,In Work,EUR,9424.0,,,Air polluting installations,Notifiable,,,,2025-04-24 00:00:00.000,2026-07-10 08:00:00.000
3188,38,Synthetic Site 038,True,DE,3003,SI_D_FS,2025,Y,In Work,EUR,9425.0,Hazardous waste storage,4.0,Waste treatment plants and own landfill,Notifiable,,,,2025-04-24 00:00:00.000,2026-07-10 08:00:00.000
3188,38,Synthetic Site 038,True,DE,3003,SI_D_FS,2025,Y,In Work,EUR,9426.0,Oil-water separator,5.0,Waste water treatment plants,Notifiable,WHG,,,2025-04-24 00:00:00.000,2026-07-10 08:00:00.000
3188,38,Synthetic Site 038,True,DE,3003,SI_D_FS,2025,Y,In Work,EUR,9427.0,,,Plants for handling with waterpolluting substances,Environmental relevant,,,,2025-04-24 00:00:00.000,2026-07-10 08:00:00.000
3188,38,Synthetic Site 038,True,DE,3003,SI_D_FS,2025,Y,In Work,EUR,9428.0,Transformer station,5.0,Other plants,Environmental relevant,,Documentation updated following last audit.,,2025-04-24 00:00:00.000,2026-07-10 08:00:00.000
3188,38,Synthetic Site 038,True,DE,3003,SI_D_FS,2025,Y,In Work,EUR,9429.0,,,Waste treatment plants and own landfill,Subject to authorization,BetrSichV,,,2025-04-24 00:00:00.000,2026-07-10 08:00:00.000
3189,38,Synthetic Site 038,True,DE,3003,SI_D_FS,2026,Y,Approved,EUR,9430.0,Cooling unit HCFC,2.0,Cooling installation with HCFC/CFC,Subject to authorization,31. BImSchV,,,2025-11-16 00:00:00.000,2026-07-10 08:00:00.000
3189,38,Synthetic Site 038,True,DE,3003,SI_D_FS,2026,Y,Approved,EUR,9431.0,Diesel generator,2.0,Air polluting installations,Notifiable,4. BImSchV,Routine inspection completed; no non-conformities found.,,2025-11-16 00:00:00.000,2026-07-10 08:00:00.000
3189,38,Synthetic Site 038,True,DE,3003,SI_D_FS,2026,Y,Approved,EUR,9432.0,,,Waste treatment plants and own landfill,Notifiable,BetrSichV,,,2025-11-16 00:00:00.000,2026-07-10 08:00:00.000
3189,38,Synthetic Site 038,True,DE,3003,SI_D_FS,2026,Y,Approved,EUR,9433.0,Oil-water separator,1.0,Waste water treatment plants,Notifiable,WHG,,,2025-11-16 00:00:00.000,2026-07-10 08:00:00.000
3189,38,Synthetic Site 038,True,DE,3003,SI_D_FS,2026,Y,Approved,EUR,9434.0,Chemical storage area,1.0,Plants for handling with waterpolluting substances,Environmental relevant,,,,2025-11-16 00:00:00.000,2026-07-10 08:00:00.000
3189,38,Synthetic Site 038,True,DE,3003,SI_D_FS,2026,Y,Approved,EUR,9435.0,,,Other plants,Environmental relevant,,,,2025-11-16 00:00:00.000,2026-07-10 08:00:00.000
3189,38,Synthetic Site 038,True,DE,3003,SI_D_FS,2026,Y,Approved,EUR,9436.0,Waste sorting facility,2.0,Waste treatment plants and own landfill,Subject to authorization,BetrSichV,,,2025-11-16 00:00:00.000,2026-07-10 08:00:00.000
3190,39,Synthetic Site 039,True,FR,3008,SI_D_TI,2022,Y,Approved,EUR,9437.0,Chemical storage area,1.0,Plants for handling with waterpolluting substances,Environmental relevant,,Minor maintenance scheduled for next quarter.,,2022-02-25 00:00:00.000,2026-07-10 08:00:00.000
3191,39,Synthetic Site 039,True,FR,3008,SI_D_TI,2023,Y,Approved,EUR,9438.0,Chemical storage area,2.0,Plants for handling with waterpolluting substances,Environmental relevant,AwSV,Minor maintenance scheduled for next quarter.,,2023-04-13 00:00:00.000,2026-07-10 08:00:00.000
3192,39,Synthetic Site 039,True,FR,3008,SI_D_TI,2024,Y,Approved,EUR,9439.0,Chemical storage area,3.0,,,AwSV,Minor maintenance scheduled for next quarter.,,2024-02-10 00:00:00.000,
3193,39,Synthetic Site 039,True,FR,3008,SI_D_TI,2025,Y,Approved,EUR,9440.0,,,Plants for handling with waterpolluting substances,Environmental relevant,,Minor maintenance scheduled for next quarter.,,2025-03-27 00:00:00.000,2026-07-10 08:00:00.000
3194,39,Synthetic Site 039,True,FR,3008,SI_D_TI,2026,Y,Approved,EUR,9441.0,,,Plants for handling with waterpolluting substances,Environmental relevant,AwSV,,,2026-05-28 00:00:00.000,2026-07-10 08:00:00.000
3195,40,Synthetic Site 040,True,US,3003,SI_D_FS,2022,Y,Approved,USD,9442.0,Hazardous waste storage,1.0,Waste treatment plants and own landfill,Notifiable,BetrSichV,,,2022-02-11 00:00:00.000,2026-07-10 08:00:00.000
3195,40,Synthetic Site 040,True,US,3003,SI_D_FS,2022,Y,Approved,USD,9443.0,Emergency power unit,1.0,Other plants,Notifiable,BetrSichV,,,2022-02-11 00:00:00.000,2026-07-10 08:00:00.000
3196,40,Synthetic Site 040,True,US,3003,SI_D_FS,2023,Y,Approved,USD,9444.0,Hazardous waste storage,1.0,Waste treatment plants and own landfill,Notifiable,,,,2023-07-16 00:00:00.000,2026-07-10 08:00:00.000
3196,40,Synthetic Site 040,True,US,3003,SI_D_FS,2023,Y,Approved,USD,9445.0,,,Other plants,Notifiable,BetrSichV,Routine inspection completed; no non-conformities found.,,2023-07-16 00:00:00.000,2026-07-10 08:00:00.000
3197,40,Synthetic Site 040,False,US,3003,SI_D_FS,2024,Y,Approved,USD,9446.0,,,Waste treatment plants and own landfill,Notifiable,BetrSichV,,,2023-11-05 00:00:00.000,2026-07-10 08:00:00.000
3197,40,Synthetic Site 040,False,US,3003,SI_D_FS,2024,Y,Approved,USD,9447.0,Emergency power unit,1.0,Other plants,Notifiable,BetrSichV,Routine inspection completed; no non-conformities found.,,2023-11-05 00:00:00.000,2026-07-10 08:00:00.000
3198,40,Synthetic Site 040,True,US,3003,SI_D_FS,2025,Y,Approved,USD,9448.0,Hazardous waste storage,8.0,Waste treatment plants and own landfill,Notifiable,BetrSichV,Minor maintenance scheduled for next quarter.,,2025-06-21 00:00:00.000,2026-07-10 08:00:00.000
3198,40,Synthetic Site 040,True,US,3003,SI_D_FS,2025,Y,Approved,USD,9449.0,,,Other plants,Notifiable,BetrSichV,,,2025-06-21 00:00:00.000,2026-07-10 08:00:00.000
3199,40,Synthetic Site 040,True,US,3003,SI_D_FS,2026,Y,Approved,USD,9450.0,,,,,BetrSichV,Minor maintenance scheduled for next quarter.,,2026-04-08 00:00:00.000,2026-07-10 08:00:00.000
3199,40,Synthetic Site 040,True,US,3003,SI_D_FS,2026,Y,Approved,USD,9451.0,Emergency power unit,2.0,Other plants,Notifiable,BetrSichV,,,2026-04-08 00:00:00.000,2026-07-10 08:00:00.000
3200,41,Synthetic Site 041,True,NL,3011,SI_D_OP,2022,Y,Approved,EUR,9452.0,Underground storage tank,3.0,Plants for handling with waterpolluting substances,Notifiable,,Minor maintenance scheduled for next quarter.,,2022-03-10 00:00:00.000,2026-07-10 08:00:00.000
3200,41,Synthetic Site 041,True,NL,3011,SI_D_OP,2022,Y,Approved,EUR,9453.0,Compressed gas cylinder store,3.0,Other plants,Notifiable,AwSV,Annual review: installation within permitted limits.,,2022-03-10 00:00:00.000,2026-07-10 08:00:00.000
3200,41,Synthetic Site 041,True,NL,3011,SI_D_OP,2022,Y,Approved,EUR,9454.0,,,Waste treatment plants and own landfill,Subject to authorization,BetrSichV,,,2022-03-10 00:00:00.000,2026-07-10 08:00:00.000
3200,41,Synthetic Site 041,True,NL,3011,SI_D_OP,2022,Y,Approved,EUR,9455.0,Nitrogen tank,1.0,Air polluting installations,Environmental relevant,,,,2022-03-10 00:00:00.000,2026-07-10 08:00:00.000
3200,41,Synthetic Site 041,True,NL,3011,SI_D_OP,2022,Y,Approved,EUR,9456.0,Chiller,1.0,Cooling installation with HCFC/CFC,Notifiable,42. BImSchV,,,2022-03-10 00:00:00.000,2026-07-10 08:00:00.000
3201,41,Synthetic Site 041,True,NL,3011,SI_D_OP,2023,Y,Approved,EUR,9457.0,,,Plants for handling with waterpolluting substances,Notifiable,AwSV,Minor maintenance scheduled for next quarter.,,2023-03-25 00:00:00.000,2026-07-10 08:00:00.000
3201,41,Synthetic Site 041,True,NL,3011,SI_D_OP,2023,Y,Approved,EUR,9458.0,,,Other plants,Notifiable,,,,2023-03-25 00:00:00.000,2026-07-10 08:00:00.000
3201,41,Synthetic Site 041,True,NL,3011,SI_D_OP,2023,Y,Approved,EUR,9459.0,,,Waste treatment plants and own landfill,Subject to authorization,BetrSichV,,,2023-03-25 00:00:00.000,2026-07-10 08:00:00.000
3201,41,Synthetic Site 041,True,NL,3011,SI_D_OP,2023,Y,Approved,EUR,9460.0,Nitrogen tank,3.0,Air polluting installations,Environmental relevant,,,,2023-03-25 00:00:00.000,2026-07-10 08:00:00.000
3201,41,Synthetic Site 041,True,NL,3011,SI_D_OP,2023,Y,Approved,EUR,9461.0,Chiller,1.0,Cooling installation with HCFC/CFC,Notifiable,42. BImSchV,,,2023-03-25 00:00:00.000,2026-07-10 08:00:00.000
3202,41,Synthetic Site 041,True,NL,3011,SI_D_OP,2024,Y,Approved,EUR,9462.0,Underground storage tank,1.0,Plants for handling with waterpolluting substances,Notifiable,AwSV,Minor maintenance scheduled for next quarter.,,2024-06-23 00:00:00.000,2026-07-10 08:00:00.000
3202,41,Synthetic Site 041,True,NL,3011,SI_D_OP,2024,Y,Approved,EUR,9463.0,,,Other plants,Notifiable,AwSV,,,2024-06-23 00:00:00.000,2026-07-10 08:00:00.000
3202,41,Synthetic Site 041,True,NL,3011,SI_D_OP,2024,Y,Approved,EUR,9464.0,Waste sorting facility,1.0,Waste treatment plants and own landfill,Subject to authorization,,,,2024-06-23 00:00:00.000,2026-07-10 08:00:00.000
3202,41,Synthetic Site 041,True,NL,3011,SI_D_OP,2024,Y,Approved,EUR,9465.0,Nitrogen tank,2.0,Air polluting installations,Environmental relevant,,,,2024-06-23 00:00:00.000,2026-07-10 08:00:00.000
3202,41,Synthetic Site 041,True,NL,3011,SI_D_OP,2024,Y,Approved,EUR,9466.0,Chiller,2.0,Cooling installation with HCFC/CFC,Notifiable,42. BImSchV,,,2024-06-23 00:00:00.000,2026-07-10 08:00:00.000
3203,41,Synthetic Site 041,False,NL,3011,SI_D_OP,2025,Y,Approved,EUR,9467.0,Underground storage tank,1.0,Plants for handling with waterpolluting substances,Notifiable,,,,2025-07-19 00:00:00.000,2026-07-10 08:00:00.000
3203,41,Synthetic Site 041,False,NL,3011,SI_D_OP,2025,Y,Approved,EUR,9468.0,Compressed gas cylinder store,2.0,Other plants,Notifiable,AwSV,,,2025-07-19 00:00:00.000,2026-07-10 08:00:00.000
3203,41,Synthetic Site 041,False,NL,3011,SI_D_OP,2025,Y,Approved,EUR,9469.0,Waste sorting facility,1.0,Waste treatment plants and own landfill,Subject to authorization,BetrSichV,Minor maintenance scheduled for next quarter.,,2025-07-19 00:00:00.000,
3203,41,Synthetic Site 041,False,NL,3011,SI_D_OP,2025,Y,Approved,EUR,9470.0,Nitrogen tank,1.0,Air polluting installations,Environmental relevant,,,,2025-07-19 00:00:00.000,2026-07-10 08:00:00.000
3203,41,Synthetic Site 041,False,NL,3011,SI_D_OP,2025,Y,Approved,EUR,,Chiller,5.0,Cooling installation with HCFC/CFC,Notifiable,42. BImSchV,Routine inspection completed; no non-conformities found.,,2025-07-19 00:00:00.000,2026-07-10 08:00:00.000
3204,41,Synthetic Site 041,True,NL,3011,SI_D_OP,2026,Y,Approved,EUR,9472.0,Underground storage tank,1.0,Plants for handling with waterpolluting substances,Notifiable,AwSV,,,2026-07-29 00:00:00.000,2026-07-10 08:00:00.000
3204,41,Synthetic Site 041,True,NL,3011,SI_D_OP,2026,Y,Approved,EUR,9473.0,Compressed gas cylinder store,2.0,Other plants,Notifiable,,Annual review: installation within permitted limits.,,2026-07-29 00:00:00.000,2026-07-10 08:00:00.000
3204,41,Synthetic Site 041,True,NL,3011,SI_D_OP,2026,Y,Approved,EUR,9474.0,Waste sorting facility,1.0,Waste treatment plants and own landfill,Subject to authorization,BetrSichV,,,2026-07-29 00:00:00.000,2026-07-10 08:00:00.000
3204,41,Synthetic Site 041,True,NL,3011,SI_D_OP,2026,Y,Approved,EUR,9475.0,Nitrogen tank,2.0,Air polluting installations,Environmental relevant,,,,2026-07-29 00:00:00.000,2026-07-10 08:00:00.000
3204,41,Synthetic Site 041,True,NL,3011,SI_D_OP,2026,Y,Approved,EUR,9476.0,Chiller,5.0,,,42. BImSchV,,,2026-07-29 00:00:00.000,2026-07-10 08:00:00.000
3205,42,Synthetic Site 042,True,TR,3007,SI_D_SW,2022,Y,Approved,TRY,9477.0,Sewage treatment plant,3.0,Waste water treatment plants,Subject to authorization,,,,2022-08-26 00:00:00.000,2026-07-10 08:00:00.000
3205,42,Synthetic Site 042,True,TR,3007,SI_D_SW,2022,Y,Approved,TRY,9478.0,HVAC unit,3.0,Cooling installation with HCFC/CFC,Environmental relevant,,Routine inspection completed; no non-conformities found.,,2022-08-26 00:00:00.000,2026-07-10 08:00:00.000
3205,42,Synthetic Site 042,True,TR,3007,SI_D_SW,2022,Y,Approved,TRY,9479.0,,,Plants for handling with waterpolluting substances,Subject to authorization,AwSV,Minor maintenance scheduled for next quarter.,,2022-08-26 00:00:00.000,2026-07-10 08:00:00.000
3205,42,Synthetic Site 042,True,TR,3007,SI_D_SW,2022,Y,Approved,TRY,9480.0,Hazardous waste storage,2.0,Waste treatment plants and own landfill,Notifiable,BetrSichV,Minor maintenance scheduled for next quarter.,,2022-08-26 00:00:00.000,2026-07-10 08:00:00.000
3205,42,Synthetic Site 042,True,TR,3007,SI_D_SW,2022,Y,Approved,TRY,9481.0,Waste sorting facility,1.0,Waste treatment plants and own landfill,Subject to authorization,,Minor maintenance scheduled for next quarter.,,2022-08-26 00:00:00.000,2026-07-10 08:00:00.000
3206,42,Synthetic Site 042,False,TR,3007,SI_D_SW,2023,Y,Approved,TRY,9482.0,,,Waste water treatment plants,Subject to authorization,WHG,,,2023-07-20 00:00:00.000,2026-07-10 08:00:00.000
3206,42,Synthetic Site 042,False,TR,3007,SI_D_SW,2023,Y,Approved,TRY,9483.0,,,,,,,,2023-07-20 00:00:00.000,2026-07-10 08:00:00.000
3206,42,Synthetic Site 042,False,TR,3007,SI_D_SW,2023,Y,Approved,TRY,9484.0,Hazardous substance storage,1.0,Plants for handling with waterpolluting substances,Subject to authorization,AwSV,,,2023-07-20 00:00:00.000,2026-07-10 08:00:00.000
3206,42,Synthetic Site 042,False,TR,3007,SI_D_SW,2023,Y,Approved,TRY,9485.0,Hazardous waste storage,1.0,Waste treatment plants and own landfill,Notifiable,BetrSichV,,,2023-07-20 00:00:00.000,2026-07-10 08:00:00.000
3206,42,Synthetic Site 042,False,TR,3007,SI_D_SW,2023,Y,Approved,TRY,9486.0,Waste sorting facility,2.0,Waste treatment plants and own landfill,Subject to authorization,,,,2023-07-20 00:00:00.000,2026-07-10 08:00:00.000
3207,42,Synthetic Site 042,True,TR,3007,SI_D_SW,2024,Y,Approved,TRY,9487.0,Sewage treatment plant,1.0,Waste water treatment plants,Subject to authorization,WHG,,,2024-04-28 00:00:00.000,2026-07-10 08:00:00.000
3207,42,Synthetic Site 042,True,TR,3007,SI_D_SW,2024,Y,Approved,TRY,,HVAC unit,1.0,Cooling installation with HCFC/CFC,Environmental relevant,,Routine inspection completed; no non-conformities found.,,2024-04-28 00:00:00.000,2026-07-10 08:00:00.000
3207,42,Synthetic Site 042,True,TR,3007,SI_D_SW,2024,Y,Approved,TRY,9489.0,Hazardous substance storage,4.0,Plants for handling with waterpolluting substances,Subject to authorization,AwSV,,,2024-04-28 00:00:00.000,2026-07-10 08:00:00.000
3207,42,Synthetic Site 042,True,TR,3007,SI_D_SW,2024,Y,Approved,TRY,9490.0,Hazardous waste storage,3.0,Waste treatment plants and own landfill,Notifiable,,,,2024-04-28 00:00:00.000,2026-07-10 08:00:00.000
3207,42,Synthetic Site 042,True,TR,3007,SI_D_SW,2024,Y,Approved,TRY,9491.0,Waste sorting facility,1.0,,,BetrSichV,Minor maintenance scheduled for next quarter.,,2024-04-28 00:00:00.000,2026-07-10 08:00:00.000
3208,42,Synthetic Site 042,True,TR,3007,SI_D_SW,2025,Y,Approved,TRY,9492.0,Sewage treatment plant,1.0,Waste water treatment plants,Subject to authorization,WHG,Routine inspection completed; no non-conformities found.,,2025-01-19 00:00:00.000,2026-07-10 08:00:00.000
3208,42,Synthetic Site 042,True,TR,3007,SI_D_SW,2025,Y,Approved,TRY,9493.0,HVAC unit,2.0,Cooling installation with HCFC/CFC,Environmental relevant,,Routine inspection completed; no non-conformities found.,,2025-01-19 00:00:00.000,2026-07-10 08:00:00.000
3208,42,Synthetic Site 042,True,TR,3007,SI_D_SW,2025,Y,Approved,TRY,9494.0,Hazardous substance storage,4.0,Plants for handling with waterpolluting substances,Subject to authorization,AwSV,Minor maintenance scheduled for next quarter.,,2025-01-19 00:00:00.000,2026-07-10 08:00:00.000
3208,42,Synthetic Site 042,True,TR,3007,SI_D_SW,2025,Y,Approved,TRY,9495.0,,,Waste treatment plants and own landfill,Notifiable,,,,2025-01-19 00:00:00.000,2026-07-10 08:00:00.000
3208,42,Synthetic Site 042,True,TR,3007,SI_D_SW,2025,Y,Approved,TRY,9496.0,Waste sorting facility,1.0,,,,,,2025-01-19 00:00:00.000,2026-07-10 08:00:00.000
3209,42,Synthetic Site 042,True,TR,3007,SI_D_SW,2026,Y,Approved,TRY,9497.0,Sewage treatment plant,2.0,Waste water treatment plants,Subject to authorization,,,,2026-03-28 00:00:00.000,2026-07-10 08:00:00.000
3209,42,Synthetic Site 042,True,TR,3007,SI_D_SW,2026,Y,Approved,TRY,9498.0,HVAC unit,4.0,Cooling installation with HCFC/CFC,Environmental relevant,,Routine inspection completed; no non-conformities found.,,2026-03-28 00:00:00.000,2026-07-10 08:00:00.000
3209,42,Synthetic Site 042,True,TR,3007,SI_D_SW,2026,Y,Approved,TRY,9499.0,Hazardous substance storage,4.0,Plants for handling with waterpolluting substances,Subject to authorization,AwSV,,,2026-03-28 00:00:00.000,2026-07-10 08:00:00.000
3209,42,Synthetic Site 042,True,TR,3007,SI_D_SW,2026,Y,Approved,TRY,9500.0,Hazardous waste storage,1.0,Waste treatment plants and own landfill,Notifiable,,,,2026-03-28 00:00:00.000,2026-07-10 08:00:00.000
3209,42,Synthetic Site 042,True,TR,3007,SI_D_SW,2026,Y,Approved,TRY,9501.0,Waste sorting facility,1.0,Waste treatment plants and own landfill,Subject to authorization,,,,2026-03-28 00:00:00.000,2026-07-10 08:00:00.000
3210,43,Synthetic Site 043,True,SE,3006,SI_D_SI,2022,Y,Approved,SEK,9502.0,Fuel burning boiler,2.0,Air polluting installations,Subject to authorization,,,,2022-03-29 00:00:00.000,2026-07-10 08:00:00.000
3210,43,Synthetic Site 043,True,SE,3006,SI_D_SI,2022,Y,Approved,SEK,9503.0,Selective soldering unit,1.0,Air polluting installations,Notifiable,clean air law,,,2022-03-29 00:00:00.000,2026-07-10 08:00:00.000
3210,43,Synthetic Site 043,True,SE,3006,SI_D_SI,2022,Y,Approved,SEK,9504.0,,,,,BetrSichV,,,2022-03-29 00:00:00.000,2026-07-10 08:00:00.000
3210,43,Synthetic Site 043,True,SE,3006,SI_D_SI,2022,Y,Approved,SEK,,Sewage treatment plant,3.0,Waste water treatment plants,Subject to authorization,,,,2022-03-29 00:00:00.000,2026-07-10 08:00:00.000
3210,43,Synthetic Site 043,True,SE,3006,SI_D_SI,2022,Y,Approved,SEK,9506.0,Cooling unit HCFC,1.0,Cooling installation with HCFC/CFC,Subject to authorization,,,,2022-03-29 00:00:00.000,
3210,43,Synthetic Site 043,True,SE,3006,SI_D_SI,2022,Y,Approved,SEK,9507.0,Transformer station,1.0,Other plants,Environmental relevant,,Permit renewal pending; operations continue under existing permit.,,2022-03-29 00:00:00.000,2026-07-10 08:00:00.000
3211,43,Synthetic Site 043,True,SE,3006,SI_D_SI,2023,Y,Approved,SEK,9508.0,Fuel burning boiler,2.0,Air polluting installations,Subject to authorization,BImSchV,,,2023-08-15 00:00:00.000,2026-07-10 08:00:00.000
3211,43,Synthetic Site 043,True,SE,3006,SI_D_SI,2023,Y,Approved,SEK,9509.0,,,Air polluting installations,Notifiable,clean air law,,,2023-08-15 00:00:00.000,2026-07-10 08:00:00.000
3211,43,Synthetic Site 043,True,SE,3006,SI_D_SI,2023,Y,Approved,SEK,9510.0,,,,,BetrSichV,Documentation updated following last audit.,,2023-08-15 00:00:00.000,2026-07-10 08:00:00.000
3211,43,Synthetic Site 043,True,SE,3006,SI_D_SI,2023,Y,Approved,SEK,9511.0,Sewage treatment plant,2.0,Waste water treatment plants,Subject to authorization,WHG,Minor maintenance scheduled for next quarter.,,2023-08-15 00:00:00.000,2026-07-10 08:00:00.000
3211,43,Synthetic Site 043,True,SE,3006,SI_D_SI,2023,Y,Approved,SEK,9512.0,,,Cooling installation with HCFC/CFC,Subject to authorization,31. BImSchV,Routine inspection completed; no non-conformities found.,,2023-08-15 00:00:00.000,2026-07-10 08:00:00.000
3211,43,Synthetic Site 043,True,SE,3006,SI_D_SI,2023,Y,Approved,SEK,9513.0,,,Other plants,Environmental relevant,,Permit renewal pending; operations continue under existing permit.,,2023-08-15 00:00:00.000,2026-07-10 08:00:00.000
3212,43,Synthetic Site 043,True,SE,3006,SI_D_SI,2024,Y,Approved,SEK,9514.0,,,Air polluting installations,Subject to authorization,BImSchV,,,2023-11-14 00:00:00.000,2026-07-10 08:00:00.000
3212,43,Synthetic Site 043,True,SE,3006,SI_D_SI,2024,Y,Approved,SEK,9515.0,Selective soldering unit,2.0,Air polluting installations,Notifiable,,,,2023-11-14 00:00:00.000,2026-07-10 08:00:00.000
3212,43,Synthetic Site 043,True,SE,3006,SI_D_SI,2024,Y,Approved,SEK,9516.0,Waste sorting facility,4.0,Waste treatment plants and own landfill,Subject to authorization,BetrSichV,Documentation updated following last audit.,,2023-11-14 00:00:00.000,2026-07-10 08:00:00.000
3212,43,Synthetic Site 043,True,,3006,SI_D_SI,2024,Y,Approved,SEK,9517.0,,,Waste water treatment plants,Subject to authorization,,Minor maintenance scheduled for next quarter.,,2023-11-14 00:00:00.000,2026-07-10 08:00:00.000
3212,43,Synthetic Site 043,True,SE,3006,SI_D_SI,2024,Y,Approved,SEK,9518.0,Cooling unit HCFC,2.0,Cooling installation with HCFC/CFC,Subject to authorization,,,,2023-11-14 00:00:00.000,2026-07-10 08:00:00.000
3212,43,Synthetic Site 043,True,SE,3006,SI_D_SI,2024,Y,Approved,SEK,9519.0,,,Other plants,Environmental relevant,,,,2023-11-14 00:00:00.000,2026-07-10 08:00:00.000
3213,43,Synthetic Site 043,True,SE,3006,SI_D_SI,2025,Y,Approved,SEK,9520.0,Fuel burning boiler,1.0,Air polluting installations,Subject to authorization,BImSchV,Routine inspection completed; no non-conformities found.,,2025-07-12 00:00:00.000,2026-07-10 08:00:00.000
3213,43,Synthetic Site 043,True,SE,3006,SI_D_SI,2025,Y,Approved,SEK,,Selective soldering unit,1.0,Air polluting installations,Notifiable,clean air law,Annual review: installation within permitted limits.,,2025-07-12 00:00:00.000,2026-07-10 08:00:00.000
3213,43,Synthetic Site 043,True,SE,3006,SI_D_SI,2025,Y,Approved,SEK,9522.0,Waste sorting facility,1.0,Waste treatment plants and own landfill,Subject to authorization,BetrSichV,Documentation updated following last audit.,,2025-07-12 00:00:00.000,2026-07-10 08:00:00.000
3213,43,Synthetic Site 043,True,SE,3006,SI_D_SI,2025,Y,Approved,SEK,9523.0,Sewage treatment plant,2.0,Waste water treatment plants,Subject to authorization,WHG,,,2025-07-12 00:00:00.000,2026-07-10 08:00:00.000
3213,43,Synthetic Site 043,True,SE,3006,SI_D_SI,2025,Y,Approved,SEK,9524.0,Cooling unit HCFC,1.0,Cooling installation with HCFC/CFC,Subject to authorization,31. BImSchV,,,2025-07-12 00:00:00.000,2026-07-10 08:00:00.000
3213,43,Synthetic Site 043,True,SE,3006,SI_D_SI,2025,Y,Approved,SEK,,Transformer station,2.0,Other plants,Environmental relevant,,,,2025-07-12 00:00:00.000,2026-07-10 08:00:00.000
3214,43,Synthetic Site 043,True,SE,3006,SI_D_SI,2026,Y,Approved,SEK,9526.0,Fuel burning boiler,1.0,Air polluting installations,Subject to authorization,BImSchV,,,2025-11-24 00:00:00.000,2026-07-10 08:00:00.000
3214,43,Synthetic Site 043,True,SE,3006,SI_D_SI,2026,Y,Approved,SEK,9527.0,Selective soldering unit,3.0,Air polluting installations,Notifiable,clean air law,Annual review: installation within permitted limits.,,2025-11-24 00:00:00.000,
3214,43,Synthetic Site 043,True,SE,3006,SI_D_SI,2026,Y,Approved,SEK,,,,Waste treatment plants and own landfill,Subject to authorization,,Documentation updated following last audit.,,2025-11-24 00:00:00.000,2026-07-10 08:00:00.000
3214,43,Synthetic Site 043,True,SE,3006,SI_D_SI,2026,Y,Approved,SEK,9529.0,Sewage treatment plant,2.0,Waste water treatment plants,Subject to authorization,WHG,Minor maintenance scheduled for next quarter.,,2025-11-24 00:00:00.000,2026-07-10 08:00:00.000
3214,43,Synthetic Site 043,True,,3006,SI_D_SI,2026,Y,Approved,SEK,9530.0,,,Cooling installation with HCFC/CFC,Subject to authorization,,Routine inspection completed; no non-conformities found.,,2025-11-24 00:00:00.000,2026-07-10 08:00:00.000
3214,43,Synthetic Site 043,True,SE,3006,SI_D_SI,2026,Y,Approved,SEK,9531.0,Transformer station,2.0,Other plants,Environmental relevant,,Permit renewal pending; operations continue under existing permit.,,2025-11-24 00:00:00.000,2026-07-10 08:00:00.000
3215,44,Synthetic Site 044,True,GB,3005,SI_D_MO,2022,Y,Approved,GBP,9532.0,Oil-water separator,1.0,,,,,,2022-06-04 00:00:00.000,2026-07-10 08:00:00.000
3215,44,Synthetic Site 044,True,GB,3005,SI_D_MO,2022,Y,Approved,GBP,9533.0,Nitrogen tank,1.0,Air polluting installations,Environmental relevant,,,,2022-06-04 00:00:00.000,2026-07-10 08:00:00.000
3215,44,Synthetic Site 044,True,GB,3005,SI_D_MO,2022,Y,Approved,GBP,9534.0,Transformer station,1.0,Other plants,Environmental relevant,,Minor maintenance scheduled for next quarter.,,2022-06-04 00:00:00.000,2026-07-10 08:00:00.000
3215,44,Synthetic Site 044,True,,3005,SI_D_MO,2022,Y,Approved,GBP,9535.0,Fuel burning boiler,1.0,Air polluting installations,Subject to authorization,,,,2022-06-04 00:00:00.000,2026-07-10 08:00:00.000
3216,44,Synthetic Site 044,True,GB,3005,SI_D_MO,2023,Y,Approved,GBP,9536.0,,,Waste water treatment plants,Notifiable,WHG,,,2023-02-15 00:00:00.000,2026-07-10 08:00:00.000
3216,44,Synthetic Site 044,True,GB,3005,SI_D_MO,2023,Y,Approved,GBP,9537.0,Nitrogen tank,1.0,Air polluting installations,Environmental relevant,,,,2023-02-15 00:00:00.000,2026-07-10 08:00:00.000
3216,44,Synthetic Site 044,True,GB,3005,SI_D_MO,2023,Y,Approved,GBP,9538.0,,,Other plants,Environmental relevant,,,,2023-02-15 00:00:00.000,2026-07-10 08:00:00.000
3216,44,Synthetic Site 044,True,GB,3005,SI_D_MO,2023,Y,Approved,GBP,9539.0,,,Air polluting installations,Subject to authorization,BImSchV,,,2023-02-15 00:00:00.000,2026-07-10 08:00:00.000
3217,44,Synthetic Site 044,True,GB,3005,SI_D_MO,2024,Y,Approved,GBP,9540.0,Oil-water separator,5.0,Waste water treatment plants,Notifiable,WHG,Documentation updated following last audit.,,2024-05-14 00:00:00.000,2026-07-10 08:00:00.000
3217,44,Synthetic Site 044,True,GB,3005,SI_D_MO,2024,Y,Approved,GBP,9541.0,Nitrogen tank,1.0,,,,Annual review: installation within permitted limits.,,2024-05-14 00:00:00.000,2026-07-10 08:00:00.000
3217,44,Synthetic Site 044,True,GB,3005,SI_D_MO,2024,Y,Approved,GBP,9542.0,,,Other plants,Environmental relevant,,,,2024-05-14 00:00:00.000,2026-07-10 08:00:00.000
3217,44,Synthetic Site 044,True,GB,3005,SI_D_MO,2024,Y,Approved,GBP,9543.0,Fuel burning boiler,1.0,Air polluting installations,Subject to authorization,,,,2024-05-14 00:00:00.000,2026-07-10 08:00:00.000
3218,44,Synthetic Site 044,True,GB,3005,SI_D_MO,2025,Y,Approved,GBP,,Oil-water separator,3.0,Waste water treatment plants,Notifiable,WHG,,,2024-12-29 00:00:00.000,2026-07-10 08:00:00.000
3218,44,Synthetic Site 044,True,,3005,SI_D_MO,2025,Y,Approved,GBP,9545.0,Nitrogen tank,1.0,Air polluting installations,Environmental relevant,,Annual review: installation within permitted limits.,,2024-12-29 00:00:00.000,2026-07-10 08:00:00.000
3218,44,Synthetic Site 044,True,GB,3005,SI_D_MO,2025,Y,Approved,GBP,9546.0,Transformer station,1.0,Other plants,Environmental relevant,,Minor maintenance scheduled for next quarter.,,2024-12-29 00:00:00.000,2026-07-10 08:00:00.000
3218,44,Synthetic Site 044,True,GB,3005,SI_D_MO,2025,Y,Approved,GBP,9547.0,,,Air polluting installations,Subject to authorization,,,,2024-12-29 00:00:00.000,2026-07-10 08:00:00.000
3219,44,Synthetic Site 044,True,GB,3005,SI_D_MO,2026,Y,Approved,GBP,9548.0,Oil-water separator,1.0,Waste water treatment plants,Notifiable,,,,2026-04-13 00:00:00.000,2026-07-10 08:00:00.000
3219,44,Synthetic Site 044,True,GB,3005,SI_D_MO,2026,Y,Approved,GBP,9549.0,Nitrogen tank,4.0,Air polluting installations,Environmental relevant,,Annual review: installation within permitted limits.,,2026-04-13 00:00:00.000,2026-07-10 08:00:00.000
3219,44,Synthetic Site 044,True,GB,3005,SI_D_MO,2026,Y,Approved,GBP,9550.0,Transformer station,3.0,Other plants,Environmental relevant,,Minor maintenance scheduled for next quarter.,,2026-04-13 00:00:00.000,2026-07-10 08:00:00.000
3219,44,Synthetic Site 044,True,GB,3005,SI_D_MO,2026,Y,Approved,GBP,9551.0,Fuel burning boiler,2.0,Air polluting installations,Subject to authorization,,Documentation updated following last audit.,,2026-04-13 00:00:00.000,2026-07-10 08:00:00.000
3220,45,Synthetic Site 045,True,ZA,3010,SI_D_IN,2022,Y,Approved,ZAR,9552.0,Nitrogen tank,6.0,Air polluting installations,Environmental relevant,,,,2022-01-01 00:00:00.000,2026-07-10 08:00:00.000
3220,45,Synthetic Site 045,True,ZA,3010,SI_D_IN,2022,Y,Approved,ZAR,9553.0,,,Cooling installation with HCFC/CFC,Notifiable,42. BImSchV,,,2022-01-01 00:00:00.000,2026-07-10 08:00:00.000
3220,45,Synthetic Site 045,True,ZA,3010,SI_D_IN,2022,Y,Approved,ZAR,9554.0,CHP unit,1.0,,,BImSchV,,,2022-01-01 00:00:00.000,2026-07-10 08:00:00.000
3221,45,Synthetic Site 045,True,ZA,3010,SI_D_IN,2023,Y,Approved,ZAR,9555.0,Nitrogen tank,1.0,Air polluting installations,Environmental relevant,,,,2023-05-14 00:00:00.000,2026-07-10 08:00:00.000
3221,45,Synthetic Site 045,True,ZA,3010,SI_D_IN,2023,Y,Approved,ZAR,9556.0,Chiller,2.0,Cooling installation with HCFC/CFC,Notifiable,42. BImSchV,Annual review: installation within permitted limits.,,2023-05-14 00:00:00.000,2026-07-10 08:00:00.000
3221,45,Synthetic Site 045,True,ZA,3010,SI_D_IN,2023,Y,Approved,ZAR,9557.0,CHP unit,1.0,Other plants,Subject to authorization,BImSchV,,,2023-05-14 00:00:00.000,2026-07-10 08:00:00.000
3222,45,Synthetic Site 045,True,ZA,3010,SI_D_IN,2024,Y,Approved,ZAR,9558.0,Nitrogen tank,3.0,Air polluting installations,Environmental relevant,,Annual review: installation within permitted limits.,,2024-06-23 00:00:00.000,2026-07-10 08:00:00.000
3222,45,Synthetic Site 045,True,ZA,3010,SI_D_IN,2024,Y,Approved,ZAR,9559.0,Chiller,2.0,Cooling installation with HCFC/CFC,Notifiable,,Annual review: installation within permitted limits.,,2024-06-23 00:00:00.000,2026-07-10 08:00:00.000
3222,45,Synthetic Site 045,True,ZA,3010,SI_D_IN,2024,Y,Approved,ZAR,9560.0,CHP unit,2.0,,,BImSchV,,,2024-06-23 00:00:00.000,2026-07-10 08:00:00.000
3223,45,Synthetic Site 045,True,ZA,3010,SI_D_IN,2025,Y,Approved,ZAR,9561.0,,,Air polluting installations,Environmental relevant,,Annual review: installation within permitted limits.,,2024-12-01 00:00:00.000,2026-07-10 08:00:00.000
3223,45,Synthetic Site 045,True,ZA,3010,SI_D_IN,2025,Y,Approved,ZAR,9562.0,Chiller,7.0,Cooling installation with HCFC/CFC,Notifiable,,,,2024-12-01 00:00:00.000,
3223,45,Synthetic Site 045,True,ZA,3010,SI_D_IN,2025,Y,Approved,ZAR,9563.0,CHP unit,1.0,Other plants,Subject to authorization,BImSchV,Minor maintenance scheduled for next quarter.,,2024-12-01 00:00:00.000,2026-07-10 08:00:00.000
3224,45,Synthetic Site 045,False,ZA,3010,SI_D_IN,2026,Y,Approved,ZAR,9564.0,Nitrogen tank,1.0,Air polluting installations,Environmental relevant,,Annual review: installation within permitted limits.,,2025-12-15 00:00:00.000,2026-07-10 08:00:00.000
3224,45,Synthetic Site 045,False,ZA,3010,SI_D_IN,2026,Y,Approved,ZAR,9565.0,,,Cooling installation with HCFC/CFC,Notifiable,42. BImSchV,,,2025-12-15 00:00:00.000,2026-07-10 08:00:00.000
3224,45,Synthetic Site 045,False,ZA,3010,SI_D_IN,2026,Y,Approved,ZAR,9566.0,,,Other plants,Subject to authorization,BImSchV,Minor maintenance scheduled for next quarter.,,2025-12-15 00:00:00.000,2026-07-10 08:00:00.000
3225,46,Synthetic Site 046,True,PT,3006,SI_D_SI,2022,Y,Approved,EUR,,,,Plants for handling with waterpolluting substances,Subject to authorization,AwSV,,,2022-02-10 00:00:00.000,2026-07-10 08:00:00.000
3225,46,Synthetic Site 046,True,PT,3006,SI_D_SI,2022,Y,Approved,EUR,9568.0,Air compressor,1.0,Air polluting installations,Environmental relevant,,,,2022-02-10 00:00:00.000,2026-07-10 08:00:00.000
3225,46,Synthetic Site 046,True,PT,3006,SI_D_SI,2022,Y,Approved,EUR,9569.0,Nitrogen tank,3.0,Air polluting installations,Environmental relevant,,,,2022-02-10 00:00:00.000,
3226,46,Synthetic Site 046,False,PT,3006,SI_D_SI,2023,Y,Approved,EUR,9570.0,Hazardous substance storage,6.0,,,,,,2022-11-05 00:00:00.000,2026-07-10 08:00:00.000
3226,46,Synthetic Site 046,False,PT,3006,SI_D_SI,2023,Y,Approved,EUR,9571.0,Air compressor,3.0,Air polluting installations,Environmental relevant,,,,2022-11-05 00:00:00.000,2026-07-10 08:00:00.000
3226,46,Synthetic Site 046,False,PT,3006,SI_D_SI,2023,Y,Approved,EUR,9572.0,Nitrogen tank,2.0,Air polluting installations,Environmental relevant,,,,,2026-07-10 08:00:00.000
3227,46,Synthetic Site 046,True,PT,3006,SI_D_SI,2024,Y,Approved,EUR,9573.0,,,Plants for handling with waterpolluting substances,Subject to authorization,,,,2024-04-17 00:00:00.000,2026-07-10 08:00:00.000
3227,46,Synthetic Site 046,True,PT,3006,SI_D_SI,2024,Y,Approved,EUR,9574.0,Air compressor,8.0,Air polluting installations,Environmental relevant,BImSchV,,,2024-04-17 00:00:00.000,2026-07-10 08:00:00.000
3227,46,Synthetic Site 046,True,PT,3006,SI_D_SI,2024,Y,Approved,EUR,9575.0,Nitrogen tank,1.0,Air polluting installations,Environmental relevant,,,,2024-04-17 00:00:00.000,2026-07-10 08:00:00.000
3228,46,Synthetic Site 046,True,PT,3006,SI_D_SI,2025,Y,Approved,EUR,9576.0,Hazardous substance storage,1.0,Plants for handling with waterpolluting substances,Subject to authorization,AwSV,,,2025-01-30 00:00:00.000,2026-07-10 08:00:00.000
3228,46,Synthetic Site 046,True,PT,3006,SI_D_SI,2025,Y,Approved,EUR,9577.0,Air compressor,4.0,Air polluting installations,Environmental relevant,,,,2025-01-30 00:00:00.000,2026-07-10 08:00:00.000
3228,46,Synthetic Site 046,True,PT,3006,SI_D_SI,2025,Y,Approved,EUR,9578.0,Nitrogen tank,1.0,Air polluting installations,Environmental relevant,,Routine inspection completed; no non-conformities found.,,2025-01-30 00:00:00.000,2026-07-10 08:00:00.000
3229,46,Synthetic Site 046,True,PT,3006,SI_D_SI,2026,Y,Approved,EUR,9579.0,Hazardous substance storage,1.0,,,AwSV,,,2025-12-10 00:00:00.000,2026-07-10 08:00:00.000
3229,46,Synthetic Site 046,True,PT,3006,SI_D_SI,2026,Y,Approved,EUR,9580.0,Air compressor,1.0,Air polluting installations,Environmental relevant,BImSchV,Permit renewal pending; operations continue under existing permit.,,,2026-07-10 08:00:00.000
3229,46,Synthetic Site 046,True,PT,3006,SI_D_SI,2026,Y,Approved,EUR,9581.0,Nitrogen tank,2.0,Air polluting installations,Environmental relevant,,,,2025-12-10 00:00:00.000,2026-07-10 08:00:00.000
3230,47,Synthetic Site 047,True,NO,3002,SI_D_ED,2022,Y,Approved,NOK,9582.0,Biological treatment unit,4.0,,,WHG-VawS,,,2021-11-11 00:00:00.000,2026-07-10 08:00:00.000
3230,47,Synthetic Site 047,True,NO,3002,SI_D_ED,2022,Y,Approved,NOK,9583.0,Waste sorting facility,2.0,Waste treatment plants and own landfill,Subject to authorization,BetrSichV,,,2021-11-11 00:00:00.000,2026-07-10 08:00:00.000
3230,47,Synthetic Site 047,True,NO,3002,SI_D_ED,2022,Y,Approved,NOK,9584.0,HVAC unit,1.0,Cooling installation with HCFC/CFC,Environmental relevant,,,,2021-11-11 00:00:00.000,2026-07-10 08:00:00.000
3230,47,Synthetic Site 047,True,NO,3002,SI_D_ED,2022,Y,Approved,NOK,9585.0,Underground storage tank,1.0,,,,Documentation updated following last audit.,,2021-11-11 00:00:00.000,2026-07-10 08:00:00.000
3230,47,Synthetic Site 047,True,NO,3002,SI_D_ED,2022,Y,Approved,NOK,9586.0,,,Plants for handling with waterpolluting substances,Subject to authorization,AwSV,Routine inspection completed; no non-conformities found.,,2021-11-11 00:00:00.000,2026-07-10 08:00:00.000
3230,47,Synthetic Site 047,True,NO,3002,SI_D_ED,2022,Y,Approved,NOK,9587.0,,,Cooling installation with HCFC/CFC,Notifiable,42. BImSchV,,,2021-11-11 00:00:00.000,2026-07-10 08:00:00.000
3230,47,Synthetic Site 047,True,NO,3002,SI_D_ED,2022,Y,Approved,NOK,,Emergency power unit,2.0,Other plants,Notifiable,BetrSichV,Routine inspection completed; no non-conformities found.,,2021-11-11 00:00:00.000,2026-07-10 08:00:00.000
3230,47,Synthetic Site 047,True,NO,3002,SI_D_ED,2022,Y,Approved,NOK,9589.0,Cooling unit HCFC,3.0,Cooling installation with HCFC/CFC,Subject to authorization,31. BImSchV,Documentation updated following last audit.,,2021-11-11 00:00:00.000,2026-07-10 08:00:00.000
3231,47,Synthetic Site 047,True,NO,3002,SI_D_ED,2023,Y,Approved,NOK,,Biological treatment unit,1.0,Waste water treatment plants,Subject to authorization,WHG-VawS,Minor maintenance scheduled for next quarter.,,2023-02-01 00:00:00.000,2026-07-10 08:00:00.000
3231,47,Synthetic Site 047,True,NO,3002,SI_D_ED,2023,Y,Approved,NOK,9591.0,Waste sorting facility,1.0,Waste treatment plants and own landfill,Subject to authorization,,,,2023-02-01 00:00:00.000,2026-07-10 08:00:00.000
3231,47,Synthetic Site 047,True,NO,3002,SI_D_ED,2023,Y,Approved,NOK,9592.0,HVAC unit,2.0,Cooling installation with HCFC/CFC,Environmental relevant,,,,2023-02-01 00:00:00.000,2026-07-10 08:00:00.000
3231,47,Synthetic Site 047,True,NO,3002,SI_D_ED,2023,Y,Approved,NOK,9593.0,,,Plants for handling with waterpolluting substances,Notifiable,AwSV,,,2023-02-01 00:00:00.000,2026-07-10 08:00:00.000
3231,47,Synthetic Site 047,True,NO,3002,SI_D_ED,2023,Y,Approved,NOK,9594.0,,,Plants for handling with waterpolluting substances,Subject to authorization,AwSV,,,2023-02-01 00:00:00.000,2026-07-10 08:00:00.000
3231,47,Synthetic Site 047,True,NO,3002,SI_D_ED,2023,Y,Approved,NOK,9595.0,Chiller,1.0,Cooling installation with HCFC/CFC,Notifiable,,Minor maintenance scheduled for next quarter.,,2023-02-01 00:00:00.000,2026-07-10 08:00:00.000
3231,47,Synthetic Site 047,True,NO,3002,SI_D_ED,2023,Y,Approved,NOK,9596.0,Emergency power unit,2.0,Other plants,Notifiable,BetrSichV,,,2023-02-01 00:00:00.000,2026-07-10 08:00:00.000
3231,47,Synthetic Site 047,True,NO,3002,SI_D_ED,2023,Y,Approved,NOK,9597.0,,,Cooling installation with HCFC/CFC,Subject to authorization,31. BImSchV,,,2023-02-01 00:00:00.000,2026-07-10 08:00:00.000
3232,47,Synthetic Site 047,True,NO,3002,SI_D_ED,2024,Y,Approved,NOK,9598.0,Biological treatment unit,5.0,Waste water treatment plants,Subject to authorization,,Minor maintenance scheduled for next quarter.,,2024-02-04 00:00:00.000,2026-07-10 08:00:00.000
3232,47,Synthetic Site 047,True,NO,3002,SI_D_ED,2024,Y,Approved,NOK,9599.0,,,Waste treatment plants and own landfill,Subject to authorization,BetrSichV,,,2024-02-04 00:00:00.000,2026-07-10 08:00:00.000
3232,47,Synthetic Site 047,True,NO,3002,SI_D_ED,2024,Y,Approved,NOK,,HVAC unit,1.0,Cooling installation with HCFC/CFC,Environmental relevant,,,,2024-02-04 00:00:00.000,2026-07-10 08:00:00.000
3232,47,Synthetic Site 047,True,NO,3002,SI_D_ED,2024,Y,Approved,NOK,9601.0,Underground storage tank,1.0,Plants for handling with waterpolluting substances,Notifiable,AwSV,,,2024-02-04 00:00:00.000,2026-07-10 08:00:00.000
3232,47,Synthetic Site 047,True,NO,3002,SI_D_ED,2024,Y,Approved,NOK,9602.0,Hazardous substance storage,3.0,Plants for handling with waterpolluting substances,Subject to authorization,AwSV,,,2024-02-04 00:00:00.000,2026-07-10 08:00:00.000
3232,47,Synthetic Site 047,True,NO,3002,SI_D_ED,2024,Y,Approved,NOK,9603.0,Chiller,3.0,Cooling installation with HCFC/CFC,Notifiable,42. BImSchV,,,2024-02-04 00:00:00.000,2026-07-10 08:00:00.000
3232,47,Synthetic Site 047,True,NO,3002,SI_D_ED,2024,Y,Approved,NOK,9604.0,Emergency power unit,1.0,Other plants,Notifiable,BetrSichV,Routine inspection completed; no non-conformities found.,,2024-02-04 00:00:00.000,2026-07-10 08:00:00.000
3232,47,Synthetic Site 047,True,NO,3002,SI_D_ED,2024,Y,Approved,NOK,9605.0,,,Cooling installation with HCFC/CFC,Subject to authorization,31. BImSchV,,,2024-02-04 00:00:00.000,2026-07-10 08:00:00.000
3233,47,Synthetic Site 047,True,NO,3002,SI_D_ED,2025,Y,Approved,NOK,9606.0,Biological treatment unit,2.0,Waste water treatment plants,Subject to authorization,WHG-VawS,,,2025-02-11 00:00:00.000,2026-07-10 08:00:00.000
3233,47,Synthetic Site 047,True,NO,3002,SI_D_ED,2025,Y,Approved,NOK,9607.0,Waste sorting facility,1.0,Waste treatment plants and own landfill,Subject to authorization,,,,2025-02-11 00:00:00.000,2026-07-10 08:00:00.000
3233,47,Synthetic Site 047,True,NO,3002,SI_D_ED,2025,Y,Approved,NOK,9608.0,HVAC unit,1.0,Cooling installation with HCFC/CFC,Environmental relevant,,,,2025-02-11 00:00:00.000,2026-07-10 08:00:00.000
3233,47,Synthetic Site 047,True,NO,3002,SI_D_ED,2025,Y,Approved,NOK,9609.0,Underground storage tank,7.0,Plants for handling with waterpolluting substances,Notifiable,AwSV,Documentation updated following last audit.,,2025-02-11 00:00:00.000,2026-07-10 08:00:00.000
3233,47,Synthetic Site 047,True,NO,3002,SI_D_ED,2025,Y,Approved,NOK,9610.0,Hazardous substance storage,5.0,Plants for handling with waterpolluting substances,Subject to authorization,AwSV,,,2025-02-11 00:00:00.000,2026-07-10 08:00:00.000
3233,47,Synthetic Site 047,True,NO,3002,SI_D_ED,2025,Y,Approved,NOK,9611.0,,,,,42. BImSchV,,,2025-02-11 00:00:00.000,2026-07-10 08:00:00.000
3233,47,Synthetic Site 047,True,NO,3002,SI_D_ED,2025,Y,Approved,NOK,9612.0,,,Other plants,Notifiable,BetrSichV,,,2025-02-11 00:00:00.000,2026-07-10 08:00:00.000
3233,47,Synthetic Site 047,True,NO,3002,SI_D_ED,2025,Y,Approved,NOK,9613.0,Cooling unit HCFC,1.0,Cooling installation with HCFC/CFC,Subject to authorization,31. BImSchV,Documentation updated following last audit.,,2025-02-11 00:00:00.000,2026-07-10 08:00:00.000
3234,47,Synthetic Site 047,True,NO,3002,SI_D_ED,2026,Y,Approved,NOK,9614.0,Biological treatment unit,1.0,Waste water treatment plants,Subject to authorization,,,,2026-07-17 00:00:00.000,2026-07-10 08:00:00.000
3234,47,Synthetic Site 047,True,NO,3002,SI_D_ED,2026,Y,Approved,NOK,9615.0,,,Waste treatment plants and own landfill,Subject to authorization,,Permit renewal pending; operations continue under existing permit.,,2026-07-17 00:00:00.000,2026-07-10 08:00:00.000
3234,47,Synthetic Site 047,True,NO,3002,SI_D_ED,2026,Y,Approved,NOK,9616.0,HVAC unit,4.0,Cooling installation with HCFC/CFC,Environmental relevant,,,,2026-07-17 00:00:00.000,2026-07-10 08:00:00.000
3234,47,Synthetic Site 047,True,NO,3002,SI_D_ED,2026,Y,Approved,NOK,9617.0,Underground storage tank,1.0,Plants for handling with waterpolluting substances,Notifiable,AwSV,,,2026-07-17 00:00:00.000,2026-07-10 08:00:00.000
3234,47,Synthetic Site 047,True,NO,3002,SI_D_ED,2026,Y,Approved,NOK,9618.0,,,Plants for handling with waterpolluting substances,Subject to authorization,AwSV,,,2026-07-17 00:00:00.000,2026-07-10 08:00:00.000
3234,47,Synthetic Site 047,True,NO,3002,SI_D_ED,2026,Y,Approved,NOK,9619.0,,,Cooling installation with HCFC/CFC,Notifiable,42. BImSchV,,,2026-07-17 00:00:00.000,2026-07-10 08:00:00.000
3234,47,Synthetic Site 047,True,NO,3002,SI_D_ED,2026,Y,Approved,NOK,9620.0,,,Other plants,Notifiable,,,,2026-07-17 00:00:00.000,2026-07-10 08:00:00.000
3234,47,Synthetic Site 047,True,NO,3002,SI_D_ED,2026,Y,Approved,NOK,9621.0,,,Cooling installation with HCFC/CFC,Subject to authorization,31. BImSchV,,,2026-07-17 00:00:00.000,2026-07-10 08:00:00.000
3235,48,Synthetic Site 048,False,NL,3002,SI_D_ED,2022,Y,Approved,EUR,9622.0,Chiller,1.0,Cooling installation with HCFC/CFC,Notifiable,42. BImSchV,,,2022-01-19 00:00:00.000,2026-07-10 08:00:00.000
3235,48,Synthetic Site 048,False,NL,3002,SI_D_ED,2022,Y,Approved,EUR,,Sewage treatment plant,2.0,Waste water treatment plants,Subject to authorization,WHG,,,2022-01-19 00:00:00.000,2026-07-10 08:00:00.000
3235,48,Synthetic Site 048,False,NL,3002,SI_D_ED,2022,Y,Approved,EUR,9624.0,,,Other plants,Environmental relevant,,,,2022-01-19 00:00:00.000,2026-07-10 08:00:00.000
3235,48,Synthetic Site 048,False,NL,3002,SI_D_ED,2022,Y,Approved,EUR,9625.0,Compressed gas cylinder store,2.0,Other plants,Notifiable,AwSV,Minor maintenance scheduled for next quarter.,,2022-01-19 00:00:00.000,2026-07-10 08:00:00.000
3235,48,Synthetic Site 048,False,NL,3002,SI_D_ED,2022,Y,Approved,EUR,,Hazardous substance storage,2.0,Plants for handling with waterpolluting substances,Subject to authorization,,Annual review: installation within permitted limits.,,2022-01-19 00:00:00.000,2026-07-10 08:00:00.000
3236,48,Synthetic Site 048,True,NL,3002,SI_D_ED,2023,Y,Approved,EUR,9627.0,Chiller,2.0,Cooling installation with HCFC/CFC,Notifiable,,Permit renewal pending; operations continue under existing permit.,,2023-04-28 00:00:00.000,2026-07-10 08:00:00.000
3236,48,Synthetic Site 048,True,NL,3002,SI_D_ED,2023,Y,Approved,EUR,9628.0,,,Waste water treatment plants,Subject to authorization,,Permit renewal pending; operations continue under existing permit.,,2023-04-28 00:00:00.000,2026-07-10 08:00:00.000
3236,48,Synthetic Site 048,True,NL,3002,SI_D_ED,2023,Y,Approved,EUR,9629.0,,,Other plants,Environmental relevant,,,,2023-04-28 00:00:00.000,2026-07-10 08:00:00.000
3236,48,Synthetic Site 048,True,NL,3002,SI_D_ED,2023,Y,Approved,EUR,9630.0,Compressed gas cylinder store,2.0,Other plants,Notifiable,,Minor maintenance scheduled for next quarter.,,2023-04-28 00:00:00.000,2026-07-10 08:00:00.000
3236,48,Synthetic Site 048,True,NL,3002,SI_D_ED,2023,Y,Approved,EUR,9631.0,,,Plants for handling with waterpolluting substances,Subject to authorization,AwSV,Annual review: installation within permitted limits.,,2023-04-28 00:00:00.000,2026-07-10 08:00:00.000
3237,48,Synthetic Site 048,True,NL,3002,SI_D_ED,2024,Y,Approved,EUR,,Chiller,2.0,Cooling installation with HCFC/CFC,Notifiable,,,,2024-01-16 00:00:00.000,2026-07-10 08:00:00.000
3237,48,Synthetic Site 048,True,NL,3002,SI_D_ED,2024,Y,Approved,EUR,9633.0,,,Waste water treatment plants,Subject to authorization,,,,2024-01-16 00:00:00.000,2026-07-10 08:00:00.000
3237,48,Synthetic Site 048,True,NL,3002,SI_D_ED,2024,Y,Approved,EUR,9634.0,Transformer station,1.0,Other plants,Environmental relevant,,,,2024-01-16 00:00:00.000,2026-07-10 08:00:00.000
3237,48,Synthetic Site 048,True,NL,3002,SI_D_ED,2024,Y,Approved,EUR,9635.0,Compressed gas cylinder store,1.0,Other plants,Notifiable,,,,2024-01-16 00:00:00.000,2026-07-10 08:00:00.000
3237,48,Synthetic Site 048,True,NL,3002,SI_D_ED,2024,Y,Approved,EUR,9636.0,Hazardous substance storage,1.0,Plants for handling with waterpolluting substances,Subject to authorization,,,,2024-01-16 00:00:00.000,2026-07-10 08:00:00.000
3238,48,Synthetic Site 048,True,NL,3002,SI_D_ED,2025,Y,Approved,EUR,9637.0,Chiller,1.0,Cooling installation with HCFC/CFC,Notifiable,42. BImSchV,,,2025-01-10 00:00:00.000,2026-07-10 08:00:00.000
3238,48,Synthetic Site 048,True,NL,3002,SI_D_ED,2025,Y,Approved,EUR,9638.0,Sewage treatment plant,1.0,Waste water treatment plants,Subject to authorization,,,,2025-01-10 00:00:00.000,2026-07-10 08:00:00.000
3238,48,Synthetic Site 048,True,NL,3002,SI_D_ED,2025,Y,Approved,EUR,9639.0,Transformer station,1.0,,,,,,2025-01-10 00:00:00.000,2026-07-10 08:00:00.000
3238,48,Synthetic Site 048,True,NL,3002,SI_D_ED,2025,Y,Approved,EUR,9640.0,Compressed gas cylinder store,2.0,Other plants,Notifiable,AwSV,,,,2026-07-10 08:00:00.000
3238,48,Synthetic Site 048,True,NL,3002,SI_D_ED,2025,Y,Approved,EUR,9641.0,Hazardous substance storage,1.0,Plants for handling with waterpolluting substances,Subject to authorization,,,,2025-01-10 00:00:00.000,2026-07-10 08:00:00.000
3239,48,Synthetic Site 048,True,NL,3002,SI_D_ED,2026,Y,Approved,EUR,9642.0,Chiller,1.0,Cooling installation with HCFC/CFC,Notifiable,42. BImSchV,,,2026-07-15 00:00:00.000,2026-07-10 08:00:00.000
3239,48,Synthetic Site 048,True,NL,3002,SI_D_ED,2026,Y,Approved,EUR,9643.0,Sewage treatment plant,2.0,Waste water treatment plants,Subject to authorization,WHG,Permit renewal pending; operations continue under existing permit.,,2026-07-15 00:00:00.000,2026-07-10 08:00:00.000
3239,48,Synthetic Site 048,True,NL,3002,SI_D_ED,2026,Y,Approved,EUR,9644.0,Transformer station,1.0,Other plants,Environmental relevant,,,,2026-07-15 00:00:00.000,2026-07-10 08:00:00.000
3239,48,Synthetic Site 048,True,NL,3002,SI_D_ED,2026,Y,Approved,EUR,9645.0,Compressed gas cylinder store,1.0,Other plants,Notifiable,AwSV,,,2026-07-15 00:00:00.000,2026-07-10 08:00:00.000
3239,48,Synthetic Site 048,True,NL,3002,SI_D_ED,2026,Y,Approved,EUR,9646.0,Hazardous substance storage,1.0,Plants for handling with waterpolluting substances,Subject to authorization,,,,2026-07-15 00:00:00.000,2026-07-10 08:00:00.000
3240,49,Synthetic Site 049,True,NO,3015,SI_D_TR,2022,Y,Approved,NOK,9647.0,Battery storage room,1.0,Plants for handling with waterpolluting substances,Environmental relevant,,,,2022-07-26 00:00:00.000,2026-07-10 08:00:00.000
3240,49,Synthetic Site 049,True,NO,3015,SI_D_TR,2022,Y,Approved,NOK,9648.0,Biological treatment unit,2.0,Waste water treatment plants,Subject to authorization,WHG-VawS,,,2022-07-26 00:00:00.000,2026-07-10 08:00:00.000
3240,49,Synthetic Site 049,True,NO,3015,SI_D_TR,2022,Y,Approved,NOK,9649.0,HVAC unit,1.0,Cooling installation with HCFC/CFC,Environmental relevant,,,,2022-07-26 00:00:00.000,2026-07-10 08:00:00.000
3240,49,Synthetic Site 049,True,NO,3015,SI_D_TR,2022,Y,Approved,NOK,9650.0,Air compressor,2.0,Air polluting installations,Environmental relevant,,,,2022-07-26 00:00:00.000,2026-07-10 08:00:00.000
3241,49,Synthetic Site 049,True,NO,3015,SI_D_TR,2023,Y,Approved,NOK,,Battery storage room,2.0,Plants for handling with waterpolluting substances,Environmental relevant,,,,2023-01-05 00:00:00.000,2026-07-10 08:00:00.000
3241,49,Synthetic Site 049,True,NO,3015,SI_D_TR,2023,Y,Approved,NOK,9652.0,Biological treatment unit,1.0,Waste water treatment plants,Subject to authorization,WHG-VawS,,,2023-01-05 00:00:00.000,2026-07-10 08:00:00.000
3241,49,Synthetic Site 049,True,NO,3015,SI_D_TR,2023,Y,Approved,NOK,9653.0,HVAC unit,1.0,Cooling installation with HCFC/CFC,Environmental relevant,,Annual review: installation within permitted limits.,,2023-01-05 00:00:00.000,2026-07-10 08:00:00.000
3241,49,Synthetic Site 049,True,NO,3015,SI_D_TR,2023,Y,Approved,NOK,9654.0,Air compressor,1.0,Air polluting installations,Environmental relevant,BImSchV,Annual review: installation within permitted limits.,,2023-01-05 00:00:00.000,2026-07-10 08:00:00.000
3242,49,Synthetic Site 049,True,NO,3015,SI_D_TR,2024,Y,Approved,NOK,9655.0,Battery storage room,1.0,Plants for handling with waterpolluting substances,Environmental relevant,,Routine inspection completed; no non-conformities found.,,2024-02-06 00:00:00.000,2026-07-10 08:00:00.000
3242,49,Synthetic Site 049,True,NO,3015,SI_D_TR,2024,Y,Approved,NOK,9656.0,Biological treatment unit,1.0,Waste water treatment plants,Subject to authorization,WHG-VawS,,,2024-02-06 00:00:00.000,2026-07-10 08:00:00.000
3242,49,Synthetic Site 049,True,NO,3015,SI_D_TR,2024,Y,Approved,NOK,9657.0,HVAC unit,2.0,Cooling installation with HCFC/CFC,Environmental relevant,,,,2024-02-06 00:00:00.000,
3242,49,Synthetic Site 049,True,NO,3015,SI_D_TR,2024,Y,Approved,NOK,9658.0,,,Air polluting installations,Environmental relevant,,,,2024-02-06 00:00:00.000,2026-07-10 08:00:00.000
3243,49,Synthetic Site 049,True,NO,3015,SI_D_TR,2025,Y,Approved,NOK,9659.0,Battery storage room,1.0,Plants for handling with waterpolluting substances,Environmental relevant,,,,2025-07-27 00:00:00.000,2026-07-10 08:00:00.000
3243,49,Synthetic Site 049,True,NO,3015,SI_D_TR,2025,Y,Approved,NOK,9660.0,,,Waste water treatment plants,Subject to authorization,WHG-VawS,,,2025-07-27 00:00:00.000,2026-07-10 08:00:00.000
3243,49,Synthetic Site 049,True,NO,3015,SI_D_TR,2025,Y,Approved,NOK,9661.0,HVAC unit,5.0,Cooling installation with HCFC/CFC,Environmental relevant,,Annual review: installation within permitted limits.,,2025-07-27 00:00:00.000,2026-07-10 08:00:00.000
3243,49,Synthetic Site 049,True,NO,3015,SI_D_TR,2025,Y,Approved,NOK,9662.0,Air compressor,1.0,Air polluting installations,Environmental relevant,BImSchV,,,2025-07-27 00:00:00.000,2026-07-10 08:00:00.000
3244,49,Synthetic Site 049,True,NO,3015,SI_D_TR,2026,Y,In Work,NOK,9663.0,,,Plants for handling with waterpolluting substances,Environmental relevant,,,,2026-03-05 00:00:00.000,2026-07-10 08:00:00.000
3244,49,Synthetic Site 049,True,NO,3015,SI_D_TR,2026,Y,In Work,NOK,9664.0,,,Waste water treatment plants,Subject to authorization,WHG-VawS,Minor maintenance scheduled for next quarter.,,2026-03-05 00:00:00.000,2026-07-10 08:00:00.000
3244,49,Synthetic Site 049,True,NO,3015,SI_D_TR,2026,Y,In Work,NOK,9665.0,HVAC unit,3.0,,,,,,2026-03-05 00:00:00.000,2026-07-10 08:00:00.000
3244,49,Synthetic Site 049,True,NO,3015,SI_D_TR,2026,Y,In Work,NOK,9666.0,Air compressor,5.0,Air polluting installations,Environmental relevant,BImSchV,,,2026-03-05 00:00:00.000,
3245,50,Synthetic Site 050,True,CZ,3014,SI_D_SS,2022,Y,Approved,CZK,,Waste sorting facility,1.0,Waste treatment plants and own landfill,Subject to authorization,,,,2022-05-23 00:00:00.000,2026-07-10 08:00:00.000
3245,50,Synthetic Site 050,True,CZ,3014,SI_D_SS,2022,Y,Approved,CZK,9668.0,Emergency power unit,1.0,Other plants,Notifiable,,Permit renewal pending; operations continue under existing permit.,,2022-05-23 00:00:00.000,2026-07-10 08:00:00.000
3245,50,Synthetic Site 050,True,CZ,3014,SI_D_SS,2022,Y,Approved,CZK,9669.0,,,Cooling installation with HCFC/CFC,Environmental relevant,,,,2022-05-23 00:00:00.000,2026-07-10 08:00:00.000
3245,50,Synthetic Site 050,True,CZ,3014,SI_D_SS,2022,Y,Approved,CZK,9670.0,,,Air polluting installations,Environmental relevant,,,,2022-05-23 00:00:00.000,2026-07-10 08:00:00.000
3245,50,Synthetic Site 050,True,CZ,3014,SI_D_SS,2022,Y,Approved,CZK,9671.0,,,Waste water treatment plants,Subject to authorization,,Routine inspection completed; no non-conformities found.,,2022-05-23 00:00:00.000,2026-07-10 08:00:00.000
3245,50,Synthetic Site 050,True,CZ,3014,SI_D_SS,2022,Y,Approved,CZK,,Compressed gas cylinder store,1.0,Other plants,Notifiable,AwSV,,,2022-05-23 00:00:00.000,2026-07-10 08:00:00.000
3246,50,Synthetic Site 050,True,CZ,3014,SI_D_SS,2023,Y,Approved,CZK,9673.0,Waste sorting facility,2.0,Waste treatment plants and own landfill,Subject to authorization,BetrSichV,Routine inspection completed; no non-conformities found.,,2023-04-23 00:00:00.000,2026-07-10 08:00:00.000
3246,50,Synthetic Site 050,True,CZ,3014,SI_D_SS,2023,Y,Approved,CZK,9674.0,Emergency power unit,1.0,Other plants,Notifiable,BetrSichV,,,2023-04-23 00:00:00.000,2026-07-10 08:00:00.000
3246,50,Synthetic Site 050,True,CZ,3014,SI_D_SS,2023,Y,Approved,CZK,9675.0,,,Cooling installation with HCFC/CFC,Environmental relevant,,,,2023-04-23 00:00:00.000,2026-07-10 08:00:00.000
3246,50,Synthetic Site 050,True,CZ,3014,SI_D_SS,2023,Y,Approved,CZK,9676.0,Air compressor,1.0,,,BImSchV,Routine inspection completed; no non-conformities found.,,2023-04-23 00:00:00.000,2026-07-10 08:00:00.000
3246,50,Synthetic Site 050,True,CZ,3014,SI_D_SS,2023,Y,Approved,CZK,9677.0,Sewage treatment plant,1.0,Waste water treatment plants,Subject to authorization,,,,2023-04-23 00:00:00.000,2026-07-10 08:00:00.000
3246,50,Synthetic Site 050,True,CZ,3014,SI_D_SS,2023,Y,Approved,CZK,9678.0,,,Other plants,Notifiable,AwSV,,,2023-04-23 00:00:00.000,2026-07-10 08:00:00.000
3247,50,Synthetic Site 050,True,,3014,SI_D_SS,2024,Y,Approved,CZK,9679.0,Waste sorting facility,1.0,Waste treatment plants and own landfill,Subject to authorization,,,,2024-03-29 00:00:00.000,2026-07-10 08:00:00.000
3247,50,Synthetic Site 050,True,CZ,3014,SI_D_SS,2024,Y,Approved,CZK,9680.0,,,Other plants,Notifiable,,,,2024-03-29 00:00:00.000,2026-07-10 08:00:00.000
3247,50,Synthetic Site 050,True,CZ,3014,SI_D_SS,2024,Y,Approved,CZK,9681.0,HVAC unit,1.0,Cooling installation with HCFC/CFC,Environmental relevant,,,,2024-03-29 00:00:00.000,2026-07-10 08:00:00.000
3247,50,Synthetic Site 050,True,CZ,3014,SI_D_SS,2024,Y,Approved,CZK,9682.0,Air compressor,1.0,Air polluting installations,Environmental relevant,,Routine inspection completed; no non-conformities found.,,2024-03-29 00:00:00.000,2026-07-10 08:00:00.000
3247,50,Synthetic Site 050,True,CZ,3014,SI_D_SS,2024,Y,Approved,CZK,9683.0,,,Waste water treatment plants,Subject to authorization,,,,2024-03-29 00:00:00.000,2026-07-10 08:00:00.000
3247,50,Synthetic Site 050,True,CZ,3014,SI_D_SS,2024,Y,Approved,CZK,9684.0,,,Other plants,Notifiable,,Documentation updated following last audit.,,2024-03-29 00:00:00.000,2026-07-10 08:00:00.000
3248,50,Synthetic Site 050,True,CZ,3014,SI_D_SS,2025,Y,Approved,CZK,9685.0,Waste sorting facility,2.0,Waste treatment plants and own landfill,Subject to authorization,BetrSichV,Routine inspection completed; no non-conformities found.,,2025-07-19 00:00:00.000,2026-07-10 08:00:00.000
3248,50,Synthetic Site 050,True,CZ,3014,SI_D_SS,2025,Y,Approved,CZK,9686.0,,,Other plants,Notifiable,,Permit renewal pending; operations continue under existing permit.,,2025-07-19 00:00:00.000,2026-07-10 08:00:00.000
3248,50,Synthetic Site 050,True,CZ,3014,SI_D_SS,2025,Y,Approved,CZK,9687.0,,,Cooling installation with HCFC/CFC,Environmental relevant,,,,2025-07-19 00:00:00.000,2026-07-10 08:00:00.000
3248,50,Synthetic Site 050,True,CZ,3014,SI_D_SS,2025,Y,Approved,CZK,9688.0,Air compressor,1.0,Air polluting installations,Environmental relevant,BImSchV,,,2025-07-19 00:00:00.000,2026-07-10 08:00:00.000
3248,50,Synthetic Site 050,True,CZ,3014,SI_D_SS,2025,Y,Approved,CZK,9689.0,Sewage treatment plant,3.0,Waste water treatment plants,Subject to authorization,,Routine inspection completed; no non-conformities found.,,2025-07-19 00:00:00.000,2026-07-10 08:00:00.000
3248,50,Synthetic Site 050,True,CZ,3014,SI_D_SS,2025,Y,Approved,CZK,9690.0,,,Other plants,Notifiable,,,,2025-07-19 00:00:00.000,2026-07-10 08:00:00.000
3249,50,Synthetic Site 050,True,CZ,3014,SI_D_SS,2026,Y,Approved,CZK,9691.0,Waste sorting facility,1.0,Waste treatment plants and own landfill,Subject to authorization,,Routine inspection completed; no non-conformities found.,,2026-07-05 00:00:00.000,2026-07-10 08:00:00.000
3249,50,Synthetic Site 050,True,CZ,3014,SI_D_SS,2026,Y,Approved,CZK,9692.0,,,,,BetrSichV,,,2026-07-05 00:00:00.000,2026-07-10 08:00:00.000
3249,50,Synthetic Site 050,True,CZ,3014,SI_D_SS,2026,Y,Approved,CZK,9693.0,HVAC unit,2.0,Cooling installation with HCFC/CFC,Environmental relevant,,Routine inspection completed; no non-conformities found.,,2026-07-05 00:00:00.000,2026-07-10 08:00:00.000
3249,50,Synthetic Site 050,True,CZ,3014,SI_D_SS,2026,Y,Approved,CZK,9694.0,Air compressor,4.0,Air polluting installations,Environmental relevant,BImSchV,,,2026-07-05 00:00:00.000,2026-07-10 08:00:00.000
3249,50,Synthetic Site 050,True,CZ,3014,SI_D_SS,2026,Y,Approved,CZK,,Sewage treatment plant,1.0,Waste water treatment plants,Subject to authorization,WHG,,,2026-07-05 00:00:00.000,2026-07-10 08:00:00.000
3249,50,Synthetic Site 050,True,CZ,3014,SI_D_SS,2026,Y,Approved,CZK,9696.0,Compressed gas cylinder store,2.0,Other plants,Notifiable,AwSV,Documentation updated following last audit.,,2026-07-05 00:00:00.000,2026-07-10 08:00:00.000
3250,51,Synthetic Site 051,True,CA,3011,SI_D_OP,2022,Y,Approved,CAD,9697.0,Fat separator,1.0,Waste water treatment plants,Environmental relevant,,,,2022-06-20 00:00:00.000,2026-07-10 08:00:00.000
3250,51,Synthetic Site 051,True,CA,3011,SI_D_OP,2022,Y,Approved,CAD,9698.0,,,,,,,,2022-06-20 00:00:00.000,2026-07-10 08:00:00.000
3250,51,Synthetic Site 051,True,CA,3011,SI_D_OP,2022,Y,Approved,CAD,9699.0,Emergency power unit,1.0,Other plants,Notifiable,BetrSichV,,,,2026-07-10 08:00:00.000
3250,51,Synthetic Site 051,True,CA,3011,SI_D_OP,2022,Y,Approved,CAD,9700.0,CHP unit,1.0,Other plants,Subject to authorization,BImSchV,,,2022-06-20 00:00:00.000,2026-07-10 08:00:00.000
3251,51,Synthetic Site 051,True,CA,3011,SI_D_OP,2023,Y,Approved,CAD,,Fat separator,2.0,Waste water treatment plants,Environmental relevant,WHG,,,2023-07-11 00:00:00.000,
3251,51,Synthetic Site 051,True,CA,3011,SI_D_OP,2023,Y,Approved,CAD,9702.0,,,Waste water treatment plants,Notifiable,WHG,Annual review: installation within permitted limits.,,2023-07-11 00:00:00.000,
3251,51,Synthetic Site 051,True,CA,3011,SI_D_OP,2023,Y,Approved,CAD,9703.0,Emergency power unit,1.0,Other plants,Notifiable,BetrSichV,,,2023-07-11 00:00:00.000,2026-07-10 08:00:00.000
3251,51,Synthetic Site 051,True,CA,3011,SI_D_OP,2023,Y,Approved,CAD,9704.0,,,Other plants,Subject to authorization,BImSchV,Routine inspection completed; no non-conformities found.,,2023-07-11 00:00:00.000,2026-07-10 08:00:00.000
3252,51,Synthetic Site 051,True,CA,3011,SI_D_OP,2024,Y,Approved,CAD,9705.0,Fat separator,2.0,Waste water treatment plants,Environmental relevant,WHG,,,2024-03-08 00:00:00.000,2026-07-10 08:00:00.000
3252,51,Synthetic Site 051,True,CA,3011,SI_D_OP,2024,Y,Approved,CAD,9706.0,,,Waste water treatment plants,Notifiable,,,,2024-03-08 00:00:00.000,2026-07-10 08:00:00.000
3252,51,Synthetic Site 051,True,CA,3011,SI_D_OP,2024,Y,Approved,CAD,9707.0,Emergency power unit,2.0,Other plants,Notifiable,,Permit renewal pending; operations continue under existing permit.,,2024-03-08 00:00:00.000,2026-07-10 08:00:00.000
3252,51,Synthetic Site 051,True,CA,3011,SI_D_OP,2024,Y,Approved,CAD,9708.0,CHP unit,1.0,Other plants,Subject to authorization,BImSchV,,,2024-03-08 00:00:00.000,2026-07-10 08:00:00.000
3253,51,Synthetic Site 051,True,CA,3011,SI_D_OP,2025,Y,Approved,CAD,9709.0,Fat separator,2.0,Waste water treatment plants,Environmental relevant,,Minor maintenance scheduled for next quarter.,,2024-12-26 00:00:00.000,2026-07-10 08:00:00.000
3253,51,Synthetic Site 051,True,CA,3011,SI_D_OP,2025,Y,Approved,CAD,9710.0,Oil-water separator,1.0,Waste water treatment plants,Notifiable,,,,2024-12-26 00:00:00.000,2026-07-10 08:00:00.000
3253,51,Synthetic Site 051,True,CA,3011,SI_D_OP,2025,Y,Approved,CAD,9711.0,,,Other plants,Notifiable,BetrSichV,,,2024-12-26 00:00:00.000,2026-07-10 08:00:00.000
3253,51,Synthetic Site 051,True,CA,3011,SI_D_OP,2025,Y,Approved,CAD,9712.0,CHP unit,4.0,Other plants,Subject to authorization,BImSchV,,,2024-12-26 00:00:00.000,2026-07-10 08:00:00.000
3254,51,Synthetic Site 051,True,CA,3011,SI_D_OP,2026,Y,Approved,CAD,9713.0,Fat separator,4.0,Waste water treatment plants,Environmental relevant,WHG,,,2026-02-18 00:00:00.000,2026-07-10 08:00:00.000
3254,51,Synthetic Site 051,True,CA,3011,SI_D_OP,2026,Y,Approved,CAD,9714.0,,,Waste water treatment plants,Notifiable,WHG,,,2026-02-18 00:00:00.000,2026-07-10 08:00:00.000
3254,51,Synthetic Site 051,True,CA,3011,SI_D_OP,2026,Y,Approved,CAD,9715.0,Emergency power unit,4.0,Other plants,Notifiable,BetrSichV,,,,2026-07-10 08:00:00.000
3254,51,Synthetic Site 051,True,CA,3011,SI_D_OP,2026,Y,Approved,CAD,9716.0,CHP unit,1.0,Other plants,Subject to authorization,BImSchV,,,2026-02-18 00:00:00.000,2026-07-10 08:00:00.000
3255,52,Synthetic Site 052,True,SG,3007,SI_D_SW,2022,Y,Approved,SGD,9717.0,HVAC unit,1.0,Cooling installation with HCFC/CFC,Environmental relevant,,Minor maintenance scheduled for next quarter.,,2022-04-23 00:00:00.000,2026-07-10 08:00:00.000
3255,52,Synthetic Site 052,True,SG,3007,SI_D_SW,2022,Y,Approved,SGD,9718.0,CHP unit,2.0,Other plants,Subject to authorization,BImSchV,Minor maintenance scheduled for next quarter.,,2022-04-23 00:00:00.000,2026-07-10 08:00:00.000
3255,52,Synthetic Site 052,True,SG,3007,SI_D_SW,2022,Y,Approved,SGD,9719.0,Hazardous waste storage,2.0,Waste treatment plants and own landfill,Notifiable,,Minor maintenance scheduled for next quarter.,,2022-04-23 00:00:00.000,2026-07-10 08:00:00.000
3255,52,Synthetic Site 052,True,SG,3007,SI_D_SW,2022,Y,Approved,SGD,9720.0,Fat separator,1.0,Waste water treatment plants,Environmental relevant,WHG,Documentation updated following last audit.,,2022-04-23 00:00:00.000,2026-07-10 08:00:00.000
3255,52,Synthetic Site 052,True,SG,3007,SI_D_SW,2022,Y,Approved,SGD,9721.0,,,Other plants,Notifiable,BetrSichV,,,2022-04-23 00:00:00.000,2026-07-10 08:00:00.000
3256,52,Synthetic Site 052,True,SG,3007,SI_D_SW,2023,Y,Approved,SGD,9722.0,HVAC unit,3.0,Cooling installation with HCFC/CFC,Environmental relevant,,,,2022-12-28 00:00:00.000,2026-07-10 08:00:00.000
3256,52,Synthetic Site 052,True,SG,3007,SI_D_SW,2023,Y,Approved,SGD,9723.0,,,Other plants,Subject to authorization,BImSchV,,,2022-12-28 00:00:00.000,2026-07-10 08:00:00.000
3256,52,Synthetic Site 052,True,SG,3007,SI_D_SW,2023,Y,Approved,SGD,9724.0,Hazardous waste storage,2.0,Waste treatment plants and own landfill,Notifiable,,,,2022-12-28 00:00:00.000,
3256,52,Synthetic Site 052,True,SG,3007,SI_D_SW,2023,Y,Approved,,9725.0,Fat separator,3.0,Waste water treatment plants,Environmental relevant,WHG,Documentation updated following last audit.,,2022-12-28 00:00:00.000,2026-07-10 08:00:00.000
3256,52,Synthetic Site 052,True,SG,3007,SI_D_SW,2023,Y,Approved,SGD,9726.0,,,Other plants,Notifiable,BetrSichV,,,2022-12-28 00:00:00.000,2026-07-10 08:00:00.000
3257,52,Synthetic Site 052,True,SG,3007,SI_D_SW,2024,Y,Approved,SGD,9727.0,HVAC unit,5.0,Cooling installation with HCFC/CFC,Environmental relevant,,,,2024-06-01 00:00:00.000,2026-07-10 08:00:00.000
3257,52,Synthetic Site 052,True,SG,3007,SI_D_SW,2024,Y,Approved,SGD,9728.0,CHP unit,2.0,Other plants,Subject to authorization,BImSchV,,,2024-06-01 00:00:00.000,2026-07-10 08:00:00.000
3257,52,Synthetic Site 052,True,SG,3007,SI_D_SW,2024,Y,Approved,SGD,9729.0,Hazardous waste storage,1.0,Waste treatment plants and own landfill,Notifiable,BetrSichV,,,2024-06-01 00:00:00.000,
3257,52,Synthetic Site 052,True,SG,3007,SI_D_SW,2024,Y,Approved,SGD,9730.0,Fat separator,1.0,Waste water treatment plants,Environmental relevant,WHG,,,2024-06-01 00:00:00.000,2026-07-10 08:00:00.000
3257,52,Synthetic Site 052,True,SG,3007,SI_D_SW,2024,Y,Approved,SGD,9731.0,,,Other plants,Notifiable,BetrSichV,,,2024-06-01 00:00:00.000,2026-07-10 08:00:00.000
3258,52,Synthetic Site 052,False,SG,3007,SI_D_SW,2025,Y,Approved,SGD,9732.0,HVAC unit,1.0,Cooling installation with HCFC/CFC,Environmental relevant,,,,2025-04-30 00:00:00.000,
3258,52,Synthetic Site 052,False,SG,3007,SI_D_SW,2025,Y,Approved,SGD,9733.0,CHP unit,1.0,Other plants,Subject to authorization,,Minor maintenance scheduled for next quarter.,,2025-04-30 00:00:00.000,2026-07-10 08:00:00.000
3258,52,Synthetic Site 052,False,SG,3007,SI_D_SW,2025,Y,Approved,SGD,9734.0,Hazardous waste storage,1.0,Waste treatment plants and own landfill,Notifiable,BetrSichV,,,2025-04-30 00:00:00.000,2026-07-10 08:00:00.000
3258,52,Synthetic Site 052,False,SG,3007,SI_D_SW,2025,Y,Approved,SGD,,Fat separator,2.0,,,WHG,,,2025-04-30 00:00:00.000,2026-07-10 08:00:00.000
3258,52,Synthetic Site 052,False,SG,3007,SI_D_SW,2025,Y,Approved,SGD,9736.0,Emergency power unit,2.0,Other plants,Notifiable,,,,2025-04-30 00:00:00.000,
3259,52,Synthetic Site 052,True,SG,3007,SI_D_SW,2026,Y,Approved,SGD,9737.0,HVAC unit,1.0,Cooling installation with HCFC/CFC,Environmental relevant,,,,2026-08-01 00:00:00.000,2026-07-10 08:00:00.000
3259,52,Synthetic Site 052,True,SG,3007,SI_D_SW,2026,Y,Approved,SGD,9738.0,CHP unit,1.0,Other plants,Subject to authorization,BImSchV,,,2026-08-01 00:00:00.000,2026-07-10 08:00:00.000
3259,52,Synthetic Site 052,True,SG,3007,SI_D_SW,2026,Y,Approved,SGD,9739.0,Hazardous waste storage,1.0,Waste treatment plants and own landfill,Notifiable,BetrSichV,,,2026-08-01 00:00:00.000,2026-07-10 08:00:00.000
3259,52,Synthetic Site 052,True,SG,3007,SI_D_SW,2026,Y,Approved,SGD,9740.0,Fat separator,4.0,Waste water treatment plants,Environmental relevant,WHG,,,2026-08-01 00:00:00.000,2026-07-10 08:00:00.000
3259,52,Synthetic Site 052,True,SG,3007,SI_D_SW,2026,Y,Approved,SGD,9741.0,,,Other plants,Notifiable,BetrSichV,,,2026-08-01 00:00:00.000,2026-07-10 08:00:00.000
3260,53,Synthetic Site 053,True,DE,3012,SI_D_PM,2022,Y,Approved,EUR,9742.0,,,Plants for handling with waterpolluting substances,Notifiable,,,,2022-02-19 00:00:00.000,2026-07-10 08:00:00.000
3260,53,Synthetic Site 053,True,DE,3012,SI_D_PM,2022,Y,Approved,EUR,9743.0,Battery storage room,5.0,Plants for handling with waterpolluting substances,Environmental relevant,,,,2022-02-19 00:00:00.000,2026-07-10 08:00:00.000
3260,53,Synthetic Site 053,True,DE,3012,SI_D_PM,2022,Y,Approved,EUR,9744.0,Chemical storage area,1.0,Plants for handling with waterpolluting substances,Environmental relevant,,,,2022-02-19 00:00:00.000,2026-07-10 08:00:00.000
3260,53,Synthetic Site 053,True,DE,3012,SI_D_PM,2022,Y,Approved,EUR,9745.0,Emergency power unit,2.0,Other plants,Notifiable,,Annual review: installation within permitted limits.,,2022-02-19 00:00:00.000,2026-07-10 08:00:00.000
3261,53,Synthetic Site 053,True,DE,3012,SI_D_PM,2023,Y,Approved,EUR,9746.0,,,Plants for handling with waterpolluting substances,Notifiable,,Documentation updated following last audit.,,2023-01-10 00:00:00.000,2026-07-10 08:00:00.000
3261,53,Synthetic Site 053,True,DE,3012,SI_D_PM,2023,Y,Approved,EUR,9747.0,Battery storage room,1.0,Plants for handling with waterpolluting substances,Environmental relevant,,Minor maintenance scheduled for next quarter.,,2023-01-10 00:00:00.000,2026-07-10 08:00:00.000
3261,53,Synthetic Site 053,True,DE,3012,SI_D_PM,2023,Y,Approved,EUR,9748.0,,,Plants for handling with waterpolluting substances,Environmental relevant,,Documentation updated following last audit.,,2023-01-10 00:00:00.000,2026-07-10 08:00:00.000
3261,53,Synthetic Site 053,True,DE,3012,SI_D_PM,2023,Y,Approved,EUR,9749.0,,,Other plants,Notifiable,,,,2023-01-10 00:00:00.000,2026-07-10 08:00:00.000
3262,53,Synthetic Site 053,True,DE,3012,SI_D_PM,2024,Y,Approved,EUR,9750.0,,,Plants for handling with waterpolluting substances,Notifiable,AwSV,,,2024-02-12 00:00:00.000,2026-07-10 08:00:00.000
3262,53,Synthetic Site 053,True,DE,3012,SI_D_PM,2024,Y,Approved,EUR,9751.0,Battery storage room,1.0,Plants for handling with waterpolluting substances,Environmental relevant,,,,2024-02-12 00:00:00.000,2026-07-10 08:00:00.000
3262,53,Synthetic Site 053,True,DE,3012,SI_D_PM,2024,Y,Approved,EUR,9752.0,Chemical storage area,3.0,,,,,,2024-02-12 00:00:00.000,2026-07-10 08:00:00.000
3262,53,Synthetic Site 053,True,DE,3012,SI_D_PM,2024,Y,Approved,EUR,9753.0,,,Other plants,Notifiable,BetrSichV,,,2024-02-12 00:00:00.000,2026-07-10 08:00:00.000
3263,53,Synthetic Site 053,True,DE,3012,SI_D_PM,2025,Y,Approved,EUR,9754.0,Underground storage tank,4.0,Plants for handling with waterpolluting substances,Notifiable,AwSV,Documentation updated following last audit.,,2025-03-14 00:00:00.000,2026-07-10 08:00:00.000
3263,53,Synthetic Site 053,True,DE,3012,SI_D_PM,2025,Y,Approved,EUR,9755.0,Battery storage room,1.0,Plants for handling with waterpolluting substances,Environmental relevant,,,,2025-03-14 00:00:00.000,2026-07-10 08:00:00.000
3263,53,Synthetic Site 053,True,DE,3012,SI_D_PM,2025,Y,Approved,EUR,9756.0,Chemical storage area,3.0,Plants for handling with waterpolluting substances,Environmental relevant,AwSV,,,2025-03-14 00:00:00.000,2026-07-10 08:00:00.000
3263,53,Synthetic Site 053,True,DE,3012,SI_D_PM,2025,Y,Approved,EUR,9757.0,,,Other plants,Notifiable,BetrSichV,,,2025-03-14 00:00:00.000,2026-07-10 08:00:00.000
3264,53,Synthetic Site 053,True,DE,3012,SI_D_PM,2026,Y,Approved,EUR,9758.0,Underground storage tank,1.0,Plants for handling with waterpolluting substances,Notifiable,AwSV,Documentation updated following last audit.,,2026-08-18 00:00:00.000,2026-07-10 08:00:00.000
3264,53,Synthetic Site 053,True,DE,3012,SI_D_PM,2026,Y,Approved,EUR,9759.0,,,Plants for handling with waterpolluting substances,Environmental relevant,,Minor maintenance scheduled for next quarter.,,2026-08-18 00:00:00.000,2026-07-10 08:00:00.000
3264,53,Synthetic Site 053,True,DE,3012,SI_D_PM,2026,Y,Approved,EUR,9760.0,Chemical storage area,1.0,Plants for handling with waterpolluting substances,Environmental relevant,AwSV,,,2026-08-18 00:00:00.000,2026-07-10 08:00:00.000
3264,53,Synthetic Site 053,True,DE,3012,SI_D_PM,2026,Y,Approved,EUR,9761.0,,,Other plants,Notifiable,BetrSichV,,,2026-08-18 00:00:00.000,2026-07-10 08:00:00.000
3265,54,Synthetic Site 054,True,DE,3004,SI_D_HC,2022,Y,Approved,EUR,9762.0,CHP unit,1.0,Other plants,Subject to authorization,,,,2022-03-07 00:00:00.000,
3266,54,Synthetic Site 054,True,DE,3004,SI_D_HC,2023,Y,Approved,EUR,9763.0,,,Other plants,Subject to authorization,BImSchV,Routine inspection completed; no non-conformities found.,,2023-03-14 00:00:00.000,2026-07-10 08:00:00.000
3267,54,Synthetic Site 054,True,DE,3004,SI_D_HC,2024,Y,Approved,EUR,9764.0,CHP unit,3.0,Other plants,Subject to authorization,BImSchV,,,2024-04-05 00:00:00.000,2026-07-10 08:00:00.000
3268,54,Synthetic Site 054,True,DE,3004,SI_D_HC,2025,Y,Approved,EUR,9765.0,CHP unit,2.0,Other plants,Subject to authorization,BImSchV,,,2025-06-21 00:00:00.000,2026-07-10 08:00:00.000
3269,54,Synthetic Site 054,True,DE,3004,SI_D_HC,2026,Y,Approved,EUR,9766.0,,,Other plants,Subject to authorization,,Routine inspection completed; no non-conformities found.,,2026-02-07 00:00:00.000,2026-07-10 08:00:00.000
3270,55,Synthetic Site 055,True,SG,3012,SI_D_PM,2022,Y,Approved,SGD,9767.0,Transformer station,2.0,Other plants,Environmental relevant,,Minor maintenance scheduled for next quarter.,,2022-02-10 00:00:00.000,
3270,55,Synthetic Site 055,True,SG,3012,SI_D_PM,2022,Y,Approved,SGD,9768.0,Fuel burning boiler,1.0,Air polluting installations,Subject to authorization,BImSchV,,,2022-02-10 00:00:00.000,2026-07-10 08:00:00.000
3270,55,Synthetic Site 055,True,SG,3012,SI_D_PM,2022,Y,Approved,SGD,9769.0,Battery storage room,1.0,Plants for handling with waterpolluting substances,Environmental relevant,,Annual review: installation within permitted limits.,,2022-02-10 00:00:00.000,2026-07-10 08:00:00.000
3271,55,Synthetic Site 055,True,SG,3012,SI_D_PM,2023,Y,Approved,SGD,9770.0,Transformer station,1.0,Other plants,Environmental relevant,,Minor maintenance scheduled for next quarter.,,2023-05-07 00:00:00.000,2026-07-10 08:00:00.000
3271,55,Synthetic Site 055,True,SG,3012,SI_D_PM,2023,Y,Approved,SGD,9771.0,Fuel burning boiler,2.0,Air polluting installations,Subject to authorization,BImSchV,,,2023-05-07 00:00:00.000,2026-07-10 08:00:00.000
3271,55,Synthetic Site 055,True,SG,3012,SI_D_PM,2023,Y,Approved,SGD,9772.0,,,,,,,,2023-05-07 00:00:00.000,2026-07-10 08:00:00.000
3272,55,Synthetic Site 055,True,SG,3012,SI_D_PM,2024,Y,Approved,SGD,9773.0,Transformer station,1.0,Other plants,Environmental relevant,,Minor maintenance scheduled for next quarter.,,2024-05-06 00:00:00.000,2026-07-10 08:00:00.000
3272,55,Synthetic Site 055,True,SG,3012,SI_D_PM,2024,Y,Approved,SGD,9774.0,,,Air polluting installations,Subject to authorization,BImSchV,,,2024-05-06 00:00:00.000,
3272,55,Synthetic Site 055,True,SG,3012,SI_D_PM,2024,Y,Approved,SGD,9775.0,Battery storage room,1.0,Plants for handling with waterpolluting substances,Environmental relevant,,Annual review: installation within permitted limits.,,2024-05-06 00:00:00.000,2026-07-10 08:00:00.000
3273,55,Synthetic Site 055,True,SG,3012,SI_D_PM,2025,Y,Approved,SGD,9776.0,Transformer station,3.0,Other plants,Environmental relevant,,,,2025-03-17 00:00:00.000,2026-07-10 08:00:00.000
3273,55,Synthetic Site 055,True,SG,3012,SI_D_PM,2025,Y,Approved,SGD,9777.0,Fuel burning boiler,1.0,Air polluting installations,Subject to authorization,BImSchV,Permit renewal pending; operations continue under existing permit.,,2025-03-17 00:00:00.000,2026-07-10 08:00:00.000
3273,55,Synthetic Site 055,True,SG,3012,SI_D_PM,2025,Y,Approved,SGD,9778.0,,,Plants for handling with waterpolluting substances,Environmental relevant,,,,2025-03-17 00:00:00.000,2026-07-10 08:00:00.000
3274,55,Synthetic Site 055,True,SG,3012,SI_D_PM,2026,Y,Approved,SGD,9779.0,Transformer station,2.0,Other plants,Environmental relevant,,,,2026-02-21 00:00:00.000,2026-07-10 08:00:00.000
3274,55,Synthetic Site 055,True,SG,3012,SI_D_PM,2026,Y,Approved,SGD,9780.0,Fuel burning boiler,2.0,Air polluting installations,Subject to authorization,BImSchV,Permit renewal pending; operations continue under existing permit.,,2026-02-21 00:00:00.000,2026-07-10 08:00:00.000
3274,55,Synthetic Site 055,True,SG,3012,SI_D_PM,2026,Y,Approved,SGD,9781.0,,,Plants for handling with waterpolluting substances,Environmental relevant,,,,2026-02-21 00:00:00.000,2026-07-10 08:00:00.000
3275,56,Synthetic Site 056,True,IT,3011,SI_D_OP,2022,Y,Approved,EUR,9782.0,Air compressor,1.0,Air polluting installations,Environmental relevant,BImSchV,,,2022-03-04 00:00:00.000,
3275,56,Synthetic Site 056,True,IT,3011,SI_D_OP,2022,Y,Approved,EUR,9783.0,,,Plants for handling with waterpolluting substances,Environmental relevant,AwSV,,,2022-03-04 00:00:00.000,2026-07-10 08:00:00.000
3275,56,Synthetic Site 056,True,IT,3011,SI_D_OP,2022,Y,Approved,EUR,9784.0,,,Waste water treatment plants,Notifiable,,Permit renewal pending; operations continue under existing permit.,,2022-03-04 00:00:00.000,2026-07-10 08:00:00.000
3275,56,Synthetic Site 056,True,IT,3011,SI_D_OP,2022,Y,Approved,EUR,9785.0,CHP unit,1.0,Other plants,Subject to authorization,BImSchV,,,2022-03-04 00:00:00.000,2026-07-10 08:00:00.000
3275,56,Synthetic Site 056,True,IT,3011,SI_D_OP,2022,Y,Approved,EUR,9786.0,Sewage treatment plant,1.0,Waste water treatment plants,Subject to authorization,,Annual review: installation within permitted limits.,,2022-03-04 00:00:00.000,2026-07-10 08:00:00.000
3276,56,Synthetic Site 056,True,IT,3011,SI_D_OP,2023,Y,Approved,EUR,9787.0,Air compressor,4.0,Air polluting installations,Environmental relevant,BImSchV,Annual review: installation within permitted limits.,,2022-11-15 00:00:00.000,2026-07-10 08:00:00.000
3276,56,Synthetic Site 056,True,IT,3011,SI_D_OP,2023,Y,Approved,EUR,9788.0,Chemical storage area,4.0,Plants for handling with waterpolluting substances,Environmental relevant,AwSV,Permit renewal pending; operations continue under existing permit.,,2022-11-15 00:00:00.000,2026-07-10 08:00:00.000
3276,56,Synthetic Site 056,True,IT,3011,SI_D_OP,2023,Y,Approved,EUR,9789.0,,,Waste water treatment plants,Notifiable,,,,2022-11-15 00:00:00.000,2026-07-10 08:00:00.000
3276,56,Synthetic Site 056,True,IT,3011,SI_D_OP,2023,Y,Approved,EUR,9790.0,,,Other plants,Subject to authorization,BImSchV,,,2022-11-15 00:00:00.000,2026-07-10 08:00:00.000
3276,56,Synthetic Site 056,True,IT,3011,SI_D_OP,2023,Y,Approved,EUR,9791.0,Sewage treatment plant,1.0,Waste water treatment plants,Subject to authorization,WHG,Annual review: installation within permitted limits.,,2022-11-15 00:00:00.000,2026-07-10 08:00:00.000
3277,56,Synthetic Site 056,True,IT,3011,SI_D_OP,2024,Y,Approved,EUR,9792.0,Air compressor,1.0,Air polluting installations,Environmental relevant,,,,2024-06-24 00:00:00.000,2026-07-10 08:00:00.000
3277,56,Synthetic Site 056,True,IT,3011,SI_D_OP,2024,Y,Approved,EUR,9793.0,,,Plants for handling with waterpolluting substances,Environmental relevant,AwSV,Permit renewal pending; operations continue under existing permit.,,2024-06-24 00:00:00.000,2026-07-10 08:00:00.000
3277,56,Synthetic Site 056,True,IT,3011,SI_D_OP,2024,Y,Approved,EUR,9794.0,,,,,WHG,,,2024-06-24 00:00:00.000,2026-07-10 08:00:00.000
3277,56,Synthetic Site 056,True,IT,3011,SI_D_OP,2024,Y,Approved,EUR,9795.0,CHP unit,1.0,Other plants,Subject to authorization,BImSchV,,,2024-06-24 00:00:00.000,2026-07-10 08:00:00.000
3277,56,Synthetic Site 056,True,IT,3011,SI_D_OP,2024,Y,Approved,EUR,,Sewage treatment plant,2.0,Waste water treatment plants,Subject to authorization,WHG,,,2024-06-24 00:00:00.000,2026-07-10 08:00:00.000
3278,56,Synthetic Site 056,True,IT,3011,SI_D_OP,2025,Y,Approved,EUR,9797.0,Air compressor,1.0,Air polluting installations,Environmental relevant,BImSchV,,,2024-12-15 00:00:00.000,2026-07-10 08:00:00.000
3278,56,Synthetic Site 056,True,IT,3011,SI_D_OP,2025,Y,Approved,EUR,9798.0,Chemical storage area,3.0,Plants for handling with waterpolluting substances,Environmental relevant,AwSV,Permit renewal pending; operations continue under existing permit.,,2024-12-15 00:00:00.000,2026-07-10 08:00:00.000
3278,56,Synthetic Site 056,True,IT,3011,SI_D_OP,2025,Y,Approved,EUR,9799.0,Oil-water separator,1.0,Waste water treatment plants,Notifiable,,,,2024-12-15 00:00:00.000,2026-07-10 08:00:00.000
3278,56,Synthetic Site 056,True,IT,3011,SI_D_OP,2025,Y,Approved,EUR,9800.0,CHP unit,1.0,Other plants,Subject to authorization,BImSchV,,,2024-12-15 00:00:00.000,2026-07-10 08:00:00.000
3278,56,Synthetic Site 056,True,IT,3011,SI_D_OP,2025,Y,Approved,EUR,9801.0,Sewage treatment plant,5.0,Waste water treatment plants,Subject to authorization,,Annual review: installation within permitted limits.,,2024-12-15 00:00:00.000,2026-07-10 08:00:00.000
3279,56,Synthetic Site 056,True,IT,3011,SI_D_OP,2026,Y,Approved,EUR,9802.0,,,Air polluting installations,Environmental relevant,BImSchV,Annual review: installation within permitted limits.,,2026-01-11 00:00:00.000,2026-07-10 08:00:00.000
3279,56,Synthetic Site 056,True,IT,3011,SI_D_OP,2026,Y,Approved,EUR,9803.0,,,Plants for handling with waterpolluting substances,Environmental relevant,AwSV,,,2026-01-11 00:00:00.000,2026-07-10 08:00:00.000
3279,56,Synthetic Site 056,True,IT,3011,SI_D_OP,2026,Y,Approved,EUR,9804.0,Oil-water separator,2.0,Waste water treatment plants,Notifiable,WHG,Permit renewal pending; operations continue under existing permit.,,2026-01-11 00:00:00.000,2026-07-10 08:00:00.000
3279,56,Synthetic Site 056,True,IT,3011,SI_D_OP,2026,Y,Approved,EUR,9805.0,CHP unit,1.0,,,BImSchV,,,2026-01-11 00:00:00.000,2026-07-10 08:00:00.000
3279,56,Synthetic Site 056,True,IT,3011,SI_D_OP,2026,Y,Approved,EUR,9806.0,Sewage treatment plant,4.0,Waste water treatment plants,Subject to authorization,WHG,,,2026-01-11 00:00:00.000,2026-07-10 08:00:00.000
3280,57,Synthetic Site 057,True,AT,3007,SI_D_SW,2022,Y,Approved,EUR,9807.0,Sewage treatment plant,3.0,Waste water treatment plants,Subject to authorization,WHG,Minor maintenance scheduled for next quarter.,,2022-08-05 00:00:00.000,2026-07-10 08:00:00.000
3280,57,Synthetic Site 057,True,AT,3007,SI_D_SW,2022,Y,Approved,EUR,9808.0,Selective soldering unit,1.0,Air polluting installations,Notifiable,clean air law,,,2022-08-05 00:00:00.000,2026-07-10 08:00:00.000
3280,57,Synthetic Site 057,True,AT,3007,SI_D_SW,2022,Y,Approved,EUR,9809.0,Fuel burning boiler,1.0,Air polluting installations,Subject to authorization,BImSchV,,,2022-08-05 00:00:00.000,2026-07-10 08:00:00.000
3280,57,Synthetic Site 057,True,AT,3007,SI_D_SW,2022,Y,Approved,EUR,,Nitrogen tank,2.0,Air polluting installations,Environmental relevant,,,,2022-08-05 00:00:00.000,2026-07-10 08:00:00.000
3281,57,Synthetic Site 057,True,AT,3007,SI_D_SW,2023,Y,Approved,EUR,9811.0,,,Waste water treatment plants,Subject to authorization,,,,2023-06-14 00:00:00.000,2026-07-10 08:00:00.000
3281,57,Synthetic Site 057,True,AT,3007,SI_D_SW,2023,Y,Approved,EUR,9812.0,Selective soldering unit,2.0,Air polluting installations,Notifiable,clean air law,Minor maintenance scheduled for next quarter.,,2023-06-14 00:00:00.000,2026-07-10 08:00:00.000
3281,57,Synthetic Site 057,True,AT,3007,SI_D_SW,2023,Y,Approved,EUR,9813.0,Fuel burning boiler,1.0,Air polluting installations,Subject to authorization,,,,2023-06-14 00:00:00.000,2026-07-10 08:00:00.000
3281,57,Synthetic Site 057,True,AT,3007,SI_D_SW,2023,Y,Approved,EUR,9814.0,Nitrogen tank,1.0,Air polluting installations,Environmental relevant,,,,2023-06-14 00:00:00.000,2026-07-10 08:00:00.000
3282,57,Synthetic Site 057,True,AT,3007,SI_D_SW,2024,Y,Approved,EUR,9815.0,Sewage treatment plant,1.0,Waste water treatment plants,Subject to authorization,WHG,Minor maintenance scheduled for next quarter.,,2023-11-04 00:00:00.000,2026-07-10 08:00:00.000
3282,57,Synthetic Site 057,True,AT,3007,SI_D_SW,2024,Y,Approved,EUR,9816.0,Selective soldering unit,2.0,Air polluting installations,Notifiable,clean air law,,,2023-11-04 00:00:00.000,2026-07-10 08:00:00.000
3282,57,Synthetic Site 057,True,AT,3007,SI_D_SW,2024,Y,Approved,EUR,9817.0,Fuel burning boiler,3.0,Air polluting installations,Subject to authorization,BImSchV,,,2023-11-04 00:00:00.000,2026-07-10 08:00:00.000
3282,57,Synthetic Site 057,True,AT,3007,SI_D_SW,2024,Y,Approved,EUR,9818.0,,,Air polluting installations,Environmental relevant,,Documentation updated following last audit.,,2023-11-04 00:00:00.000,2026-07-10 08:00:00.000
3283,57,Synthetic Site 057,True,AT,3007,SI_D_SW,2025,Y,Approved,EUR,9819.0,Sewage treatment plant,2.0,Waste water treatment plants,Subject to authorization,,,,2025-01-27 00:00:00.000,2026-07-10 08:00:00.000
3283,57,Synthetic Site 057,True,AT,3007,SI_D_SW,2025,Y,Approved,EUR,9820.0,Selective soldering unit,3.0,Air polluting installations,Notifiable,,,,2025-01-27 00:00:00.000,2026-07-10 08:00:00.000
3283,57,Synthetic Site 057,True,AT,3007,SI_D_SW,2025,Y,Approved,EUR,9821.0,Fuel burning boiler,1.0,Air polluting installations,Subject to authorization,BImSchV,Documentation updated following last audit.,,2025-01-27 00:00:00.000,2026-07-10 08:00:00.000
3283,57,Synthetic Site 057,True,AT,3007,SI_D_SW,2025,Y,Approved,EUR,9822.0,Nitrogen tank,2.0,Air polluting installations,Environmental relevant,,,,2025-01-27 00:00:00.000,2026-07-10 08:00:00.000
3284,57,Synthetic Site 057,True,AT,3007,SI_D_SW,2026,Y,Approved,EUR,9823.0,Sewage treatment plant,2.0,,,WHG,Minor maintenance scheduled for next quarter.,,2026-02-27 00:00:00.000,2026-07-10 08:00:00.000
3284,57,Synthetic Site 057,True,AT,3007,SI_D_SW,2026,Y,Approved,EUR,9824.0,Selective soldering unit,3.0,Air polluting installations,Notifiable,clean air law,Minor maintenance scheduled for next quarter.,,2026-02-27 00:00:00.000,2026-07-10 08:00:00.000
3284,57,Synthetic Site 057,True,AT,3007,SI_D_SW,2026,Y,Approved,EUR,9825.0,,,Air polluting installations,Subject to authorization,,Documentation updated following last audit.,,2026-02-27 00:00:00.000,2026-07-10 08:00:00.000
3284,57,Synthetic Site 057,True,AT,3007,SI_D_SW,2026,Y,Approved,EUR,9826.0,Nitrogen tank,6.0,Air polluting installations,Environmental relevant,,Documentation updated following last audit.,,2026-02-27 00:00:00.000,2026-07-10 08:00:00.000
3285,58,Synthetic Site 058,True,IT,3005,SI_D_MO,2022,Y,Approved,EUR,9827.0,CHP unit,1.0,Other plants,Subject to authorization,,,,2021-12-10 00:00:00.000,2026-07-10 08:00:00.000
3285,58,Synthetic Site 058,True,IT,3005,SI_D_MO,2022,Y,Approved,EUR,9828.0,Battery storage room,1.0,Plants for handling with waterpolluting substances,Environmental relevant,,,,2021-12-10 00:00:00.000,2026-07-10 08:00:00.000
3285,58,Synthetic Site 058,True,IT,3005,SI_D_MO,2022,Y,Approved,EUR,9829.0,Oil-water separator,1.0,,,,Documentation updated following last audit.,,2021-12-10 00:00:00.000,2026-07-10 08:00:00.000
3285,58,Synthetic Site 058,True,IT,3005,SI_D_MO,2022,Y,Approved,EUR,9830.0,Sewage treatment plant,2.0,Waste water treatment plants,Subject to authorization,,Permit renewal pending; operations continue under existing permit.,,2021-12-10 00:00:00.000,
3285,58,Synthetic Site 058,True,IT,3005,SI_D_MO,2022,Y,Approved,EUR,9831.0,Air compressor,2.0,Air polluting installations,Environmental relevant,,,,2021-12-10 00:00:00.000,2026-07-10 08:00:00.000
3285,58,Synthetic Site 058,True,IT,3005,SI_D_MO,2022,Y,Approved,EUR,9832.0,Selective soldering unit,2.0,Air polluting installations,Notifiable,,,,2021-12-10 00:00:00.000,2026-07-10 08:00:00.000
3285,58,Synthetic Site 058,True,IT,3005,SI_D_MO,2022,Y,Approved,EUR,9833.0,Underground storage tank,1.0,,,AwSV,,,2021-12-10 00:00:00.000,2026-07-10 08:00:00.000
3286,58,Synthetic Site 058,True,IT,3005,SI_D_MO,2023,Y,Approved,EUR,9834.0,CHP unit,7.0,Other plants,Subject to authorization,BImSchV,Permit renewal pending; operations continue under existing permit.,,2023-03-16 00:00:00.000,2026-07-10 08:00:00.000
3286,58,Synthetic Site 058,True,IT,3005,SI_D_MO,2023,Y,Approved,EUR,9835.0,,,Plants for handling with waterpolluting substances,Environmental relevant,,,,2023-03-16 00:00:00.000,2026-07-10 08:00:00.000
3286,58,Synthetic Site 058,True,IT,3005,SI_D_MO,2023,Y,Approved,EUR,9836.0,Oil-water separator,3.0,Waste water treatment plants,Notifiable,,,,2023-03-16 00:00:00.000,
3286,58,Synthetic Site 058,True,IT,3005,SI_D_MO,2023,Y,Approved,EUR,9837.0,Sewage treatment plant,1.0,Waste water treatment plants,Subject to authorization,,,,2023-03-16 00:00:00.000,2026-07-10 08:00:00.000
3286,58,Synthetic Site 058,True,IT,3005,SI_D_MO,2023,Y,Approved,EUR,9838.0,Air compressor,1.0,Air polluting installations,Environmental relevant,BImSchV,Annual review: installation within permitted limits.,,2023-03-16 00:00:00.000,2026-07-10 08:00:00.000
3286,58,Synthetic Site 058,True,IT,3005,SI_D_MO,2023,Y,Approved,EUR,9839.0,Selective soldering unit,3.0,Air polluting installations,Notifiable,clean air law,Routine inspection completed; no non-conformities found.,,2023-03-16 00:00:00.000,2026-07-10 08:00:00.000
3286,58,Synthetic Site 058,True,IT,3005,SI_D_MO,2023,Y,Approved,EUR,9840.0,Underground storage tank,3.0,Plants for handling with waterpolluting substances,Notifiable,AwSV,,,2023-03-16 00:00:00.000,2026-07-10 08:00:00.000
3287,58,Synthetic Site 058,True,IT,3005,SI_D_MO,2024,Y,Approved,EUR,9841.0,CHP unit,2.0,Other plants,Subject to authorization,,,,2024-05-24 00:00:00.000,2026-07-10 08:00:00.000
3287,58,Synthetic Site 058,True,IT,3005,SI_D_MO,2024,Y,Approved,EUR,9842.0,Battery storage room,3.0,Plants for handling with waterpolluting substances,Environmental relevant,,,,2024-05-24 00:00:00.000,
3287,58,Synthetic Site 058,True,IT,3005,SI_D_MO,2024,Y,Approved,EUR,9843.0,Oil-water separator,3.0,,,,,,2024-05-24 00:00:00.000,2026-07-10 08:00:00.000
3287,58,Synthetic Site 058,True,IT,3005,SI_D_MO,2024,Y,Approved,EUR,9844.0,Sewage treatment plant,5.0,Waste water treatment plants,Subject to authorization,WHG,,,2024-05-24 00:00:00.000,2026-07-10 08:00:00.000
3287,58,Synthetic Site 058,True,IT,3005,SI_D_MO,2024,Y,Approved,EUR,9845.0,Air compressor,1.0,Air polluting installations,Environmental relevant,BImSchV,,,2024-05-24 00:00:00.000,2026-07-10 08:00:00.000
3287,58,Synthetic Site 058,True,IT,3005,SI_D_MO,2024,Y,Approved,EUR,9846.0,Selective soldering unit,2.0,Air polluting installations,Notifiable,clean air law,,,2024-05-24 00:00:00.000,2026-07-10 08:00:00.000
3287,58,Synthetic Site 058,True,IT,3005,SI_D_MO,2024,Y,Approved,EUR,9847.0,Underground storage tank,1.0,Plants for handling with waterpolluting substances,Notifiable,,,,2024-05-24 00:00:00.000,2026-07-10 08:00:00.000
3288,58,Synthetic Site 058,True,IT,3005,SI_D_MO,2025,Y,Approved,EUR,9848.0,,,Other plants,Subject to authorization,BImSchV,Permit renewal pending; operations continue under existing permit.,,2025-04-28 00:00:00.000,2026-07-10 08:00:00.000
3288,58,Synthetic Site 058,True,IT,3005,SI_D_MO,2025,Y,Approved,EUR,9849.0,,,Plants for handling with waterpolluting substances,Environmental relevant,,,,2025-04-28 00:00:00.000,2026-07-10 08:00:00.000
3288,58,Synthetic Site 058,True,IT,3005,SI_D_MO,2025,Y,Approved,EUR,9850.0,,,Waste water treatment plants,Notifiable,WHG,,,2025-04-28 00:00:00.000,2026-07-10 08:00:00.000
3288,58,Synthetic Site 058,True,IT,3005,SI_D_MO,2025,Y,Approved,EUR,9851.0,Sewage treatment plant,1.0,Waste water treatment plants,Subject to authorization,,Permit renewal pending; operations continue under existing permit.,,2025-04-28 00:00:00.000,2026-07-10 08:00:00.000
3288,58,Synthetic Site 058,True,IT,3005,SI_D_MO,2025,Y,Approved,EUR,9852.0,Air compressor,3.0,Air polluting installations,Environmental relevant,BImSchV,Annual review: installation within permitted limits.,,2025-04-28 00:00:00.000,2026-07-10 08:00:00.000
3288,58,Synthetic Site 058,True,IT,3005,SI_D_MO,2025,Y,Approved,EUR,9853.0,,,Air polluting installations,Notifiable,,Routine inspection completed; no non-conformities found.,,2025-04-28 00:00:00.000,2026-07-10 08:00:00.000
3288,58,Synthetic Site 058,True,IT,3005,SI_D_MO,2025,Y,Approved,EUR,9854.0,Underground storage tank,1.0,Plants for handling with waterpolluting substances,Notifiable,AwSV,,,2025-04-28 00:00:00.000,2026-07-10 08:00:00.000
3289,58,Synthetic Site 058,True,IT,3005,SI_D_MO,2026,Y,Approved,EUR,9855.0,CHP unit,2.0,Other plants,Subject to authorization,BImSchV,Permit renewal pending; operations continue under existing permit.,,2025-12-03 00:00:00.000,
3289,58,Synthetic Site 058,True,IT,3005,SI_D_MO,2026,Y,Approved,EUR,9856.0,Battery storage room,3.0,Plants for handling with waterpolluting substances,Environmental relevant,,,,2025-12-03 00:00:00.000,2026-07-10 08:00:00.000
3289,58,Synthetic Site 058,True,IT,3005,SI_D_MO,2026,Y,Approved,EUR,9857.0,,,,,,Documentation updated following last audit.,,2025-12-03 00:00:00.000,2026-07-10 08:00:00.000
3289,58,Synthetic Site 058,True,IT,3005,SI_D_MO,2026,Y,Approved,EUR,9858.0,,,Waste water treatment plants,Subject to authorization,WHG,,,2025-12-03 00:00:00.000,2026-07-10 08:00:00.000
3289,58,Synthetic Site 058,True,IT,3005,SI_D_MO,2026,Y,Approved,EUR,9859.0,,,Air polluting installations,Environmental relevant,BImSchV,,,2025-12-03 00:00:00.000,2026-07-10 08:00:00.000
3289,58,Synthetic Site 058,True,IT,3005,SI_D_MO,2026,Y,Approved,EUR,9860.0,Selective soldering unit,2.0,Air polluting installations,Notifiable,,Routine inspection completed; no non-conformities found.,,2025-12-03 00:00:00.000,2026-07-10 08:00:00.000
3289,58,Synthetic Site 058,True,IT,3005,SI_D_MO,2026,Y,Approved,EUR,9861.0,Underground storage tank,1.0,Plants for handling with waterpolluting substances,Notifiable,AwSV,,,2025-12-03 00:00:00.000,2026-07-10 08:00:00.000
3290,59,Synthetic Site 059,True,HU,3002,SI_D_ED,2022,Y,Approved,HUF,,,,Air polluting installations,Notifiable,,Annual review: installation within permitted limits.,,2022-05-29 00:00:00.000,2026-07-10 08:00:00.000
3290,59,Synthetic Site 059,True,HU,3002,SI_D_ED,2022,Y,Approved,HUF,9863.0,Sewage treatment plant,1.0,Waste water treatment plants,Subject to authorization,WHG,Documentation updated following last audit.,,2022-05-29 00:00:00.000,2026-07-10 08:00:00.000
3290,59,Synthetic Site 059,True,HU,3002,SI_D_ED,2022,Y,Approved,HUF,9864.0,Hazardous waste storage,2.0,Waste treatment plants and own landfill,Notifiable,,,,2022-05-29 00:00:00.000,2026-07-10 08:00:00.000
3290,59,Synthetic Site 059,True,HU,3002,SI_D_ED,2022,Y,Approved,HUF,9865.0,Diesel generator,6.0,Air polluting installations,Notifiable,4. BImSchV,,,2022-05-29 00:00:00.000,
3291,59,Synthetic Site 059,True,HU,3002,SI_D_ED,2023,Y,Approved,HUF,,Selective soldering unit,2.0,Air polluting installations,Notifiable,clean air law,,,2022-11-10 00:00:00.000,2026-07-10 08:00:00.000
3291,59,Synthetic Site 059,True,HU,3002,SI_D_ED,2023,Y,Approved,HUF,9867.0,Sewage treatment plant,1.0,Waste water treatment plants,Subject to authorization,,,,2022-11-10 00:00:00.000,2026-07-10 08:00:00.000
3291,59,Synthetic Site 059,True,HU,3002,SI_D_ED,2023,Y,Approved,HUF,9868.0,Hazardous waste storage,1.0,Waste treatment plants and own landfill,Notifiable,BetrSichV,,,2022-11-10 00:00:00.000,2026-07-10 08:00:00.000
3291,59,Synthetic Site 059,True,HU,3002,SI_D_ED,2023,Y,Approved,HUF,9869.0,Diesel generator,1.0,Air polluting installations,Notifiable,,Documentation updated following last audit.,,2022-11-10 00:00:00.000,2026-07-10 08:00:00.000
3292,59,Synthetic Site 059,True,HU,3002,SI_D_ED,2024,Y,Approved,HUF,9870.0,Selective soldering unit,3.0,Air polluting installations,Notifiable,clean air law,Annual review: installation within permitted limits.,,2023-11-23 00:00:00.000,2026-07-10 08:00:00.000
3292,59,Synthetic Site 059,True,HU,3002,SI_D_ED,2024,Y,Approved,HUF,9871.0,,,Waste water treatment plants,Subject to authorization,WHG,Documentation updated following last audit.,,2023-11-23 00:00:00.000,2026-07-10 08:00:00.000
3292,59,Synthetic Site 059,True,HU,3002,SI_D_ED,2024,Y,Approved,HUF,9872.0,,,Waste treatment plants and own landfill,Notifiable,BetrSichV,,,2023-11-23 00:00:00.000,2026-07-10 08:00:00.000
3292,59,Synthetic Site 059,True,HU,3002,SI_D_ED,2024,Y,Approved,HUF,9873.0,,,Air polluting installations,Notifiable,4. BImSchV,,,2023-11-23 00:00:00.000,2026-07-10 08:00:00.000
3293,59,Synthetic Site 059,True,HU,3002,SI_D_ED,2025,Y,In Work,HUF,9874.0,Selective soldering unit,2.0,Air polluting installations,Notifiable,clean air law,,,2024-12-17 00:00:00.000,2026-07-10 08:00:00.000
3293,59,Synthetic Site 059,True,HU,3002,SI_D_ED,2025,Y,In Work,HUF,9875.0,,,Waste water treatment plants,Subject to authorization,WHG,Documentation updated following last audit.,,2024-12-17 00:00:00.000,2026-07-10 08:00:00.000
3293,59,Synthetic Site 059,True,HU,3002,SI_D_ED,2025,Y,In Work,HUF,9876.0,Hazardous waste storage,2.0,Waste treatment plants and own landfill,Notifiable,BetrSichV,Annual review: installation within permitted limits.,,2024-12-17 00:00:00.000,2026-07-10 08:00:00.000
3293,59,Synthetic Site 059,True,HU,3002,SI_D_ED,2025,Y,In Work,HUF,,Diesel generator,1.0,Air polluting installations,Notifiable,4. BImSchV,Documentation updated following last audit.,,2024-12-17 00:00:00.000,
3294,59,Synthetic Site 059,True,HU,3002,SI_D_ED,2026,Y,Approved,HUF,9878.0,Selective soldering unit,1.0,,,clean air law,Annual review: installation within permitted limits.,,2026-01-04 00:00:00.000,2026-07-10 08:00:00.000
3294,59,Synthetic Site 059,True,HU,3002,SI_D_ED,2026,Y,Approved,HUF,9879.0,,,Waste water treatment plants,Subject to authorization,WHG,Documentation updated following last audit.,,2026-01-04 00:00:00.000,
3294,59,Synthetic Site 059,True,HU,3002,SI_D_ED,2026,Y,Approved,HUF,9880.0,Hazardous waste storage,3.0,Waste treatment plants and own landfill,Notifiable,BetrSichV,,,2026-01-04 00:00:00.000,2026-07-10 08:00:00.000
3294,59,Synthetic Site 059,True,HU,3002,SI_D_ED,2026,Y,Approved,HUF,9881.0,Diesel generator,1.0,Air polluting installations,Notifiable,4. BImSchV,Documentation updated following last audit.,,2026-01-04 00:00:00.000,2026-07-10 08:00:00.000
3295,60,Synthetic Site 060,True,FI,3014,SI_D_SS,2022,Y,Approved,EUR,9882.0,Sewage treatment plant,5.0,Waste water treatment plants,Subject to authorization,,,,2022-05-16 00:00:00.000,2026-07-10 08:00:00.000
3295,60,Synthetic Site 060,True,FI,3014,SI_D_SS,2022,Y,Approved,EUR,9883.0,Fat separator,5.0,Waste water treatment plants,Environmental relevant,,,,2022-05-16 00:00:00.000,2026-07-10 08:00:00.000
3295,60,Synthetic Site 060,True,FI,3014,SI_D_SS,2022,Y,Approved,EUR,9884.0,Oil-water separator,2.0,Waste water treatment plants,Notifiable,WHG,,,2022-05-16 00:00:00.000,2026-07-10 08:00:00.000
3295,60,Synthetic Site 060,True,FI,3014,SI_D_SS,2022,Y,Approved,EUR,9885.0,Transformer station,4.0,Other plants,Environmental relevant,,Routine inspection completed; no non-conformities found.,,2022-05-16 00:00:00.000,2026-07-10 08:00:00.000
3295,60,Synthetic Site 060,True,FI,3014,SI_D_SS,2022,Y,Approved,EUR,9886.0,,,Plants for handling with waterpolluting substances,Environmental relevant,,Annual review: installation within permitted limits.,,2022-05-16 00:00:00.000,2026-07-10 08:00:00.000
3296,60,Synthetic Site 060,True,FI,3014,SI_D_SS,2023,Y,Approved,EUR,9887.0,,,Waste water treatment plants,Subject to authorization,WHG,,,2022-11-28 00:00:00.000,2026-07-10 08:00:00.000
3296,60,Synthetic Site 060,True,FI,3014,SI_D_SS,2023,Y,Approved,EUR,9888.0,Fat separator,1.0,Waste water treatment plants,Environmental relevant,WHG,,,2022-11-28 00:00:00.000,2026-07-10 08:00:00.000
3296,60,Synthetic Site 060,True,FI,3014,SI_D_SS,2023,Y,Approved,EUR,9889.0,Oil-water separator,1.0,Waste water treatment plants,Notifiable,WHG,Routine inspection completed; no non-conformities found.,,2022-11-28 00:00:00.000,2026-07-10 08:00:00.000
3296,60,Synthetic Site 060,True,FI,3014,SI_D_SS,2023,Y,Approved,EUR,9890.0,,,Other plants,Environmental relevant,,Routine inspection completed; no non-conformities found.,,2022-11-28 00:00:00.000,2026-07-10 08:00:00.000
3296,60,Synthetic Site 060,True,FI,3014,SI_D_SS,2023,Y,Approved,EUR,9891.0,Chemical storage area,1.0,Plants for handling with waterpolluting substances,Environmental relevant,AwSV,,,2022-11-28 00:00:00.000,2026-07-10 08:00:00.000
3297,60,Synthetic Site 060,True,FI,3014,SI_D_SS,2024,Y,Approved,EUR,9892.0,Sewage treatment plant,1.0,Waste water treatment plants,Subject to authorization,WHG,,,2024-07-21 00:00:00.000,2026-07-10 08:00:00.000
3297,60,Synthetic Site 060,True,FI,3014,SI_D_SS,2024,Y,Approved,EUR,9893.0,Fat separator,2.0,Waste water treatment plants,Environmental relevant,WHG,Minor maintenance scheduled for next quarter.,,2024-07-21 00:00:00.000,2026-07-10 08:00:00.000
3297,60,Synthetic Site 060,True,FI,3014,SI_D_SS,2024,Y,Approved,EUR,9894.0,,,Waste water treatment plants,Notifiable,WHG,Routine inspection completed; no non-conformities found.,,2024-07-21 00:00:00.000,2026-07-10 08:00:00.000
3297,60,Synthetic Site 060,True,FI,3014,SI_D_SS,2024,Y,Approved,EUR,9895.0,Transformer station,1.0,Other plants,Environmental relevant,,,,2024-07-21 00:00:00.000,2026-07-10 08:00:00.000
3297,60,Synthetic Site 060,True,FI,3014,SI_D_SS,2024,Y,Approved,EUR,9896.0,Chemical storage area,1.0,Plants for handling with waterpolluting substances,Environmental relevant,,,,2024-07-21 00:00:00.000,2026-07-10 08:00:00.000
3298,60,Synthetic Site 060,True,FI,3014,SI_D_SS,2025,Y,Approved,EUR,9897.0,Sewage treatment plant,3.0,Waste water treatment plants,Subject to authorization,WHG,,,2025-01-28 00:00:00.000,2026-07-10 08:00:00.000
3298,60,Synthetic Site 060,True,FI,3014,SI_D_SS,2025,Y,Approved,EUR,9898.0,Fat separator,1.0,Waste water treatment plants,Environmental relevant,,Minor maintenance scheduled for next quarter.,,2025-01-28 00:00:00.000,2026-07-10 08:00:00.000
3298,60,Synthetic Site 060,True,FI,3014,SI_D_SS,2025,Y,Approved,EUR,9899.0,Oil-water separator,6.0,Waste water treatment plants,Notifiable,WHG,Routine inspection completed; no non-conformities found.,,2025-01-28 00:00:00.000,2026-07-10 08:00:00.000
3298,60,Synthetic Site 060,True,FI,3014,SI_D_SS,2025,Y,Approved,EUR,9900.0,Transformer station,1.0,Other plants,Environmental relevant,,,,2025-01-28 00:00:00.000,2026-07-10 08:00:00.000
3298,60,Synthetic Site 060,True,FI,3014,SI_D_SS,2025,Y,Approved,EUR,9901.0,Chemical storage area,1.0,Plants for handling with waterpolluting substances,Environmental relevant,,Annual review: installation within permitted limits.,,2025-01-28 00:00:00.000,2026-07-10 08:00:00.000
3299,60,Synthetic Site 060,True,FI,3014,SI_D_SS,2026,Y,Approved,EUR,9902.0,Sewage treatment plant,1.0,,,WHG,,,2026-02-10 00:00:00.000,2026-07-10 08:00:00.000
3299,60,Synthetic Site 060,True,FI,3014,SI_D_SS,2026,Y,Approved,EUR,9903.0,Fat separator,1.0,Waste water treatment plants,Environmental relevant,WHG,,,2026-02-10 00:00:00.000,2026-07-10 08:00:00.000
3299,60,Synthetic Site 060,True,FI,3014,SI_D_SS,2026,Y,Approved,EUR,9904.0,Oil-water separator,1.0,Waste water treatment plants,Notifiable,WHG,Routine inspection completed; no non-conformities found.,,2026-02-10 00:00:00.000,2026-07-10 08:00:00.000
3299,60,Synthetic Site 060,True,FI,3014,SI_D_SS,2026,Y,Approved,EUR,9905.0,Transformer station,1.0,,,,,,2026-02-10 00:00:00.000,
3299,60,Synthetic Site 060,True,FI,3014,SI_D_SS,2026,Y,Approved,EUR,9906.0,Chemical storage area,1.0,Plants for handling with waterpolluting substances,Environmental relevant,AwSV,,,2026-02-10 00:00:00.000,2026-07-10 08:00:00.000
3300,61,Synthetic Site 061,False,CH,3007,SI_D_SW,2022,Y,Approved,CHF,9907.0,Cooling unit HCFC,2.0,Cooling installation with HCFC/CFC,Subject to authorization,,,,2022-08-19 00:00:00.000,2026-07-10 08:00:00.000
3300,61,Synthetic Site 061,False,,3007,SI_D_SW,2022,Y,Approved,CHF,9908.0,Hazardous waste storage,1.0,Waste treatment plants and own landfill,Notifiable,BetrSichV,Permit renewal pending; operations continue under existing permit.,,2022-08-19 00:00:00.000,2026-07-10 08:00:00.000
3300,61,Synthetic Site 061,False,CH,3007,SI_D_SW,2022,Y,Approved,CHF,9909.0,Battery storage room,3.0,Plants for handling with waterpolluting substances,Environmental relevant,,Minor maintenance scheduled for next quarter.,,2022-08-19 00:00:00.000,2026-07-10 08:00:00.000
3300,61,Synthetic Site 061,False,CH,3007,SI_D_SW,2022,Y,Approved,CHF,9910.0,Chiller,2.0,Cooling installation with HCFC/CFC,Notifiable,42. BImSchV,Routine inspection completed; no non-conformities found.,,2022-08-19 00:00:00.000,2026-07-10 08:00:00.000
3300,61,Synthetic Site 061,False,CH,3007,SI_D_SW,2022,Y,Approved,CHF,9911.0,Nitrogen tank,1.0,Air polluting installations,Environmental relevant,,,,2022-08-19 00:00:00.000,2026-07-10 08:00:00.000
3300,61,Synthetic Site 061,False,CH,3007,SI_D_SW,2022,Y,Approved,CHF,9912.0,Emergency power unit,11.0,Other plants,Notifiable,,Permit renewal pending; operations continue under existing permit.,,2022-08-19 00:00:00.000,2026-07-10 08:00:00.000
3301,61,Synthetic Site 061,False,CH,3007,SI_D_SW,2023,Y,Approved,CHF,9913.0,,,,,31. BImSchV,Minor maintenance scheduled for next quarter.,,2023-05-31 00:00:00.000,2026-07-10 08:00:00.000
3301,61,Synthetic Site 061,False,CH,3007,SI_D_SW,2023,Y,Approved,CHF,9914.0,,,Waste treatment plants and own landfill,Notifiable,,Permit renewal pending; operations continue under existing permit.,,2023-05-31 00:00:00.000,2026-07-10 08:00:00.000
3301,61,Synthetic Site 061,False,CH,3007,SI_D_SW,2023,Y,Approved,CHF,9915.0,,,Plants for handling with waterpolluting substances,Environmental relevant,,Minor maintenance scheduled for next quarter.,,2023-05-31 00:00:00.000,2026-07-10 08:00:00.000
3301,61,Synthetic Site 061,False,CH,3007,SI_D_SW,2023,Y,Approved,CHF,,Chiller,2.0,Cooling installation with HCFC/CFC,Notifiable,,,,2023-05-31 00:00:00.000,2026-07-10 08:00:00.000
3301,61,Synthetic Site 061,False,CH,3007,SI_D_SW,2023,Y,Approved,CHF,9917.0,Nitrogen tank,2.0,Air polluting installations,Environmental relevant,,,,2023-05-31 00:00:00.000,2026-07-10 08:00:00.000
3301,61,Synthetic Site 061,False,CH,3007,SI_D_SW,2023,Y,Approved,CHF,9918.0,Emergency power unit,3.0,,,BetrSichV,,,2023-05-31 00:00:00.000,2026-07-10 08:00:00.000
3302,61,Synthetic Site 061,True,CH,3007,SI_D_SW,2024,Y,Approved,CHF,9919.0,Cooling unit HCFC,3.0,Cooling installation with HCFC/CFC,Subject to authorization,31. BImSchV,,,2024-02-20 00:00:00.000,2026-07-10 08:00:00.000
3302,61,Synthetic Site 061,True,CH,3007,SI_D_SW,2024,Y,Approved,CHF,9920.0,Hazardous waste storage,1.0,Waste treatment plants and own landfill,Notifiable,BetrSichV,Permit renewal pending; operations continue under existing permit.,,2024-02-20 00:00:00.000,2026-07-10 08:00:00.000
3302,61,Synthetic Site 061,True,CH,3007,SI_D_SW,2024,Y,Approved,CHF,9921.0,Battery storage room,2.0,Plants for handling with waterpolluting substances,Environmental relevant,,Minor maintenance scheduled for next quarter.,,2024-02-20 00:00:00.000,2026-07-10 08:00:00.000
3302,61,Synthetic Site 061,True,CH,3007,SI_D_SW,2024,Y,Approved,CHF,9922.0,Chiller,2.0,Cooling installation with HCFC/CFC,Notifiable,42. BImSchV,,,2024-02-20 00:00:00.000,2026-07-10 08:00:00.000
3302,61,Synthetic Site 061,True,CH,3007,SI_D_SW,2024,Y,Approved,CHF,9923.0,,,Air polluting installations,Environmental relevant,,,,2024-02-20 00:00:00.000,2026-07-10 08:00:00.000
3302,61,Synthetic Site 061,True,CH,3007,SI_D_SW,2024,Y,Approved,CHF,9924.0,Emergency power unit,2.0,Other plants,Notifiable,BetrSichV,,,2024-02-20 00:00:00.000,2026-07-10 08:00:00.000
3303,61,Synthetic Site 061,False,CH,3007,SI_D_SW,2025,Y,Approved,CHF,9925.0,,,Cooling installation with HCFC/CFC,Subject to authorization,,,,2025-02-19 00:00:00.000,
3303,61,Synthetic Site 061,False,CH,3007,SI_D_SW,2025,Y,Approved,CHF,,Hazardous waste storage,2.0,Waste treatment plants and own landfill,Notifiable,,,,2025-02-19 00:00:00.000,2026-07-10 08:00:00.000
3303,61,Synthetic Site 061,False,CH,3007,SI_D_SW,2025,Y,Approved,CHF,9927.0,Battery storage room,1.0,Plants for handling with waterpolluting substances,Environmental relevant,,,,2025-02-19 00:00:00.000,2026-07-10 08:00:00.000
3303,61,Synthetic Site 061,False,CH,3007,SI_D_SW,2025,Y,Approved,CHF,9928.0,Chiller,1.0,Cooling installation with HCFC/CFC,Notifiable,,Routine inspection completed; no non-conformities found.,,2025-02-19 00:00:00.000,2026-07-10 08:00:00.000
3303,61,Synthetic Site 061,False,CH,3007,SI_D_SW,2025,Y,Approved,CHF,9929.0,Nitrogen tank,1.0,Air polluting installations,Environmental relevant,,,,2025-02-19 00:00:00.000,2026-07-10 08:00:00.000
3303,61,Synthetic Site 061,False,CH,3007,SI_D_SW,2025,Y,Approved,CHF,9930.0,,,Other plants,Notifiable,,,,2025-02-19 00:00:00.000,2026-07-10 08:00:00.000
3304,61,Synthetic Site 061,True,CH,3007,SI_D_SW,2026,Y,Approved,CHF,9931.0,Cooling unit HCFC,2.0,Cooling installation with HCFC/CFC,Subject to authorization,31. BImSchV,,,2025-11-03 00:00:00.000,2026-07-10 08:00:00.000
3304,61,Synthetic Site 061,True,CH,3007,SI_D_SW,2026,Y,Approved,CHF,9932.0,Hazardous waste storage,1.0,Waste treatment plants and own landfill,Notifiable,BetrSichV,,,2025-11-03 00:00:00.000,2026-07-10 08:00:00.000
3304,61,Synthetic Site 061,True,CH,3007,SI_D_SW,2026,Y,Approved,CHF,9933.0,Battery storage room,3.0,Plants for handling with waterpolluting substances,Environmental relevant,,,,2025-11-03 00:00:00.000,2026-07-10 08:00:00.000
3304,61,Synthetic Site 061,True,CH,3007,SI_D_SW,2026,Y,Approved,CHF,9934.0,Chiller,2.0,Cooling installation with HCFC/CFC,Notifiable,,,,2025-11-03 00:00:00.000,2026-07-10 08:00:00.000
3304,61,Synthetic Site 061,True,CH,3007,SI_D_SW,2026,Y,Approved,CHF,9935.0,Nitrogen tank,1.0,Air polluting installations,Environmental relevant,,,,2025-11-03 00:00:00.000,2026-07-10 08:00:00.000
3304,61,Synthetic Site 061,True,CH,3007,SI_D_SW,2026,Y,Approved,CHF,,Emergency power unit,1.0,Other plants,Notifiable,BetrSichV,,,2025-11-03 00:00:00.000,2026-07-10 08:00:00.000
3305,62,Synthetic Site 062,False,CH,3004,SI_D_HC,2022,Y,Approved,CHF,9937.0,,,Other plants,Notifiable,BetrSichV,,,2022-04-20 00:00:00.000,2026-07-10 08:00:00.000
3306,62,Synthetic Site 062,False,CH,3004,SI_D_HC,2023,Y,Approved,CHF,9938.0,Emergency power unit,3.0,Other plants,Notifiable,BetrSichV,,,2022-11-03 00:00:00.000,2026-07-10 08:00:00.000
3307,62,Synthetic Site 062,False,CH,3004,SI_D_HC,2024,Y,Approved,CHF,9939.0,Emergency power unit,3.0,Other plants,Notifiable,BetrSichV,,,2024-04-02 00:00:00.000,2026-07-10 08:00:00.000
3308,62,Synthetic Site 062,False,CH,3004,SI_D_HC,2025,Y,In Work,CHF,9940.0,Emergency power unit,4.0,Other plants,Notifiable,BetrSichV,,,2025-07-23 00:00:00.000,2026-07-10 08:00:00.000
3309,62,Synthetic Site 062,False,CH,3004,SI_D_HC,2026,Y,Approved,CHF,9941.0,,,Other plants,Notifiable,BetrSichV,,,2026-08-11 00:00:00.000,2026-07-10 08:00:00.000
3310,63,Synthetic Site 063,True,CH,3005,SI_D_MO,2022,Y,Approved,CHF,,Chiller,1.0,Cooling installation with HCFC/CFC,Notifiable,,,,2021-12-01 00:00:00.000,2026-07-10 08:00:00.000
3310,63,Synthetic Site 063,True,CH,3005,SI_D_MO,2022,Y,Approved,CHF,9943.0,Cooling unit HCFC,3.0,Cooling installation with HCFC/CFC,Subject to authorization,,,,2021-12-01 00:00:00.000,
3310,63,Synthetic Site 063,True,CH,3005,SI_D_MO,2022,Y,Approved,CHF,9944.0,Chemical storage area,2.0,Plants for handling with waterpolluting substances,Environmental relevant,,,,2021-12-01 00:00:00.000,2026-07-10 08:00:00.000
3310,63,Synthetic Site 063,True,CH,3005,SI_D_MO,2022,Y,Approved,CHF,9945.0,,,,,4. BImSchV,,,2021-12-01 00:00:00.000,2026-07-10 08:00:00.000
3310,63,Synthetic Site 063,True,CH,3005,SI_D_MO,2022,Y,Approved,CHF,9946.0,Compressed gas cylinder store,4.0,Other plants,Notifiable,AwSV,,,2021-12-01 00:00:00.000,2026-07-10 08:00:00.000
3311,63,Synthetic Site 063,True,CH,3005,SI_D_MO,2023,Y,Approved,CHF,9947.0,Chiller,3.0,Cooling installation with HCFC/CFC,Notifiable,42. BImSchV,,,2023-01-27 00:00:00.000,2026-07-10 08:00:00.000
3311,63,Synthetic Site 063,True,CH,3005,SI_D_MO,2023,Y,Approved,CHF,9948.0,Cooling unit HCFC,3.0,Cooling installation with HCFC/CFC,Subject to authorization,,,,2023-01-27 00:00:00.000,2026-07-10 08:00:00.000
3311,63,Synthetic Site 063,True,CH,3005,SI_D_MO,2023,Y,Approved,CHF,9949.0,Chemical storage area,1.0,Plants for handling with waterpolluting substances,Environmental relevant,AwSV,,,2023-01-27 00:00:00.000,2026-07-10 08:00:00.000
3311,63,Synthetic Site 063,True,CH,3005,SI_D_MO,2023,Y,Approved,CHF,9950.0,Diesel generator,1.0,Air polluting installations,Notifiable,4. BImSchV,Routine inspection completed; no non-conformities found.,,2023-01-27 00:00:00.000,2026-07-10 08:00:00.000
3311,63,Synthetic Site 063,True,CH,3005,SI_D_MO,2023,Y,Approved,CHF,9951.0,Compressed gas cylinder store,1.0,Other plants,Notifiable,AwSV,,,2023-01-27 00:00:00.000,2026-07-10 08:00:00.000
3312,63,Synthetic Site 063,True,CH,3005,SI_D_MO,2024,Y,Approved,CHF,9952.0,Chiller,1.0,Cooling installation with HCFC/CFC,Notifiable,42. BImSchV,Permit renewal pending; operations continue under existing permit.,,2023-11-28 00:00:00.000,2026-07-10 08:00:00.000
3312,63,Synthetic Site 063,True,CH,3005,SI_D_MO,2024,Y,Approved,CHF,,,,Cooling installation with HCFC/CFC,Subject to authorization,,,,2023-11-28 00:00:00.000,
3312,63,Synthetic Site 063,True,CH,3005,SI_D_MO,2024,Y,Approved,CHF,9954.0,Chemical storage area,1.0,Plants for handling with waterpolluting substances,Environmental relevant,AwSV,Permit renewal pending; operations continue under existing permit.,,2023-11-28 00:00:00.000,2026-07-10 08:00:00.000
3312,63,Synthetic Site 063,True,CH,3005,SI_D_MO,2024,Y,Approved,CHF,9955.0,Diesel generator,1.0,Air polluting installations,Notifiable,4. BImSchV,,,2023-11-28 00:00:00.000,2026-07-10 08:00:00.000
3312,63,Synthetic Site 063,True,CH,3005,SI_D_MO,2024,Y,Approved,CHF,,Compressed gas cylinder store,1.0,Other plants,Notifiable,,,,2023-11-28 00:00:00.000,2026-07-10 08:00:00.000
3313,63,Synthetic Site 063,True,CH,3005,SI_D_MO,2025,Y,Approved,CHF,9957.0,Chiller,1.0,Cooling installation with HCFC/CFC,Notifiable,42. BImSchV,,,2025-02-26 00:00:00.000,2026-07-10 08:00:00.000
3313,63,Synthetic Site 063,True,CH,3005,SI_D_MO,2025,Y,Approved,CHF,9958.0,Cooling unit HCFC,1.0,Cooling installation with HCFC/CFC,Subject to authorization,,,,2025-02-26 00:00:00.000,2026-07-10 08:00:00.000
3313,63,Synthetic Site 063,True,CH,3005,SI_D_MO,2025,Y,Approved,CHF,9959.0,Chemical storage area,1.0,Plants for handling with waterpolluting substances,Environmental relevant,AwSV,,,2025-02-26 00:00:00.000,2026-07-10 08:00:00.000
3313,63,Synthetic Site 063,True,CH,3005,SI_D_MO,2025,Y,Approved,CHF,9960.0,Diesel generator,1.0,Air polluting installations,Notifiable,4. BImSchV,,,2025-02-26 00:00:00.000,2026-07-10 08:00:00.000
3313,63,Synthetic Site 063,True,CH,3005,SI_D_MO,2025,Y,Approved,CHF,9961.0,Compressed gas cylinder store,2.0,Other plants,Notifiable,,,,2025-02-26 00:00:00.000,2026-07-10 08:00:00.000
3314,63,Synthetic Site 063,True,CH,3005,SI_D_MO,2026,Y,Approved,CHF,9962.0,Chiller,3.0,Cooling installation with HCFC/CFC,Notifiable,42. BImSchV,Permit renewal pending; operations continue under existing permit.,,2026-03-17 00:00:00.000,2026-07-10 08:00:00.000
3314,63,Synthetic Site 063,True,CH,3005,SI_D_MO,2026,Y,Approved,CHF,,Cooling unit HCFC,2.0,Cooling installation with HCFC/CFC,Subject to authorization,31. BImSchV,,,2026-03-17 00:00:00.000,2026-07-10 08:00:00.000
3314,63,Synthetic Site 063,True,CH,3005,SI_D_MO,2026,Y,Approved,CHF,9964.0,Chemical storage area,4.0,Plants for handling with waterpolluting substances,Environmental relevant,AwSV,,,2026-03-17 00:00:00.000,2026-07-10 08:00:00.000
3314,63,Synthetic Site 063,True,CH,3005,SI_D_MO,2026,Y,Approved,CHF,9965.0,Diesel generator,1.0,Air polluting installations,Notifiable,4. BImSchV,,,2026-03-17 00:00:00.000,2026-07-10 08:00:00.000
3314,63,Synthetic Site 063,True,CH,3005,SI_D_MO,2026,Y,Approved,CHF,9966.0,Compressed gas cylinder store,1.0,Other plants,Notifiable,,Annual review: installation within permitted limits.,,2026-03-17 00:00:00.000,2026-07-10 08:00:00.000
3315,64,Synthetic Site 064,True,ES,3009,SI_D_EV,2022,Y,Approved,EUR,9967.0,Fuel burning boiler,1.0,Air polluting installations,Subject to authorization,BImSchV,Routine inspection completed; no non-conformities found.,,2021-11-24 00:00:00.000,2026-07-10 08:00:00.000
3315,64,Synthetic Site 064,True,ES,3009,SI_D_EV,2022,Y,Approved,EUR,9968.0,CHP unit,1.0,Other plants,Subject to authorization,,,,2021-11-24 00:00:00.000,
3315,64,Synthetic Site 064,True,ES,3009,SI_D_EV,2022,Y,Approved,EUR,9969.0,Chiller,1.0,Cooling installation with HCFC/CFC,Notifiable,42. BImSchV,,,2021-11-24 00:00:00.000,2026-07-10 08:00:00.000
3315,64,Synthetic Site 064,True,ES,3009,SI_D_EV,2022,Y,Approved,EUR,9970.0,Emergency power unit,3.0,Other plants,Notifiable,BetrSichV,,,2021-11-24 00:00:00.000,2026-07-10 08:00:00.000
3315,64,Synthetic Site 064,True,ES,3009,SI_D_EV,2022,Y,Approved,EUR,9971.0,Waste sorting facility,1.0,Waste treatment plants and own landfill,Subject to authorization,BetrSichV,,,2021-11-24 00:00:00.000,2026-07-10 08:00:00.000
3315,64,Synthetic Site 064,True,ES,3009,SI_D_EV,2022,Y,Approved,EUR,9972.0,,,Plants for handling with waterpolluting substances,Environmental relevant,,Annual review: installation within permitted limits.,,2021-11-24 00:00:00.000,2026-07-10 08:00:00.000
3316,64,Synthetic Site 064,True,ES,3009,SI_D_EV,2023,Y,Approved,EUR,9973.0,,,Air polluting installations,Subject to authorization,,,,2023-03-05 00:00:00.000,2026-07-10 08:00:00.000
3316,64,Synthetic Site 064,True,ES,3009,SI_D_EV,2023,Y,Approved,EUR,9974.0,CHP unit,1.0,Other plants,Subject to authorization,BImSchV,,,2023-03-05 00:00:00.000,2026-07-10 08:00:00.000
3316,64,Synthetic Site 064,True,ES,3009,SI_D_EV,2023,Y,Approved,EUR,9975.0,,,Cooling installation with HCFC/CFC,Notifiable,42. BImSchV,,,2023-03-05 00:00:00.000,2026-07-10 08:00:00.000
3316,64,Synthetic Site 064,True,ES,3009,SI_D_EV,2023,Y,Approved,EUR,9976.0,Emergency power unit,5.0,Other plants,Notifiable,,,,2023-03-05 00:00:00.000,2026-07-10 08:00:00.000
3316,64,Synthetic Site 064,True,ES,3009,SI_D_EV,2023,Y,Approved,EUR,,,,Waste treatment plants and own landfill,Subject to authorization,BetrSichV,,,2023-03-05 00:00:00.000,2026-07-10 08:00:00.000
3316,64,Synthetic Site 064,True,ES,3009,SI_D_EV,2023,Y,Approved,EUR,9978.0,Battery storage room,5.0,Plants for handling with waterpolluting substances,Environmental relevant,,Annual review: installation within permitted limits.,,2023-03-05 00:00:00.000,
3317,64,Synthetic Site 064,True,ES,3009,SI_D_EV,2024,Y,Approved,EUR,9979.0,Fuel burning boiler,3.0,Air polluting installations,Subject to authorization,BImSchV,Routine inspection completed; no non-conformities found.,,2024-03-06 00:00:00.000,2026-07-10 08:00:00.000
3317,64,Synthetic Site 064,True,ES,3009,SI_D_EV,2024,Y,Approved,EUR,9980.0,CHP unit,3.0,Other plants,Subject to authorization,BImSchV,,,2024-03-06 00:00:00.000,2026-07-10 08:00:00.000
3317,64,Synthetic Site 064,True,ES,3009,SI_D_EV,2024,Y,Approved,EUR,9981.0,,,Cooling installation with HCFC/CFC,Notifiable,,,,2024-03-06 00:00:00.000,2026-07-10 08:00:00.000
3317,64,Synthetic Site 064,True,ES,3009,SI_D_EV,2024,Y,Approved,EUR,9982.0,,,,,BetrSichV,,,2024-03-06 00:00:00.000,2026-07-10 08:00:00.000
3317,64,Synthetic Site 064,True,ES,3009,SI_D_EV,2024,Y,Approved,EUR,9983.0,Waste sorting facility,2.0,Waste treatment plants and own landfill,Subject to authorization,,,,2024-03-06 00:00:00.000,2026-07-10 08:00:00.000
3317,64,Synthetic Site 064,True,ES,3009,SI_D_EV,2024,Y,Approved,EUR,9984.0,Battery storage room,4.0,Plants for handling with waterpolluting substances,Environmental relevant,,,,2024-03-06 00:00:00.000,2026-07-10 08:00:00.000
3318,64,Synthetic Site 064,False,ES,3009,SI_D_EV,2025,Y,Approved,EUR,9985.0,,,Air polluting installations,Subject to authorization,BImSchV,,,2024-11-02 00:00:00.000,2026-07-10 08:00:00.000
3318,64,Synthetic Site 064,False,ES,3009,SI_D_EV,2025,Y,Approved,EUR,9986.0,CHP unit,1.0,Other plants,Subject to authorization,,Documentation updated following last audit.,,2024-11-02 00:00:00.000,2026-07-10 08:00:00.000
3318,64,Synthetic Site 064,False,ES,3009,SI_D_EV,2025,Y,Approved,EUR,9987.0,Chiller,1.0,Cooling installation with HCFC/CFC,Notifiable,,,,2024-11-02 00:00:00.000,2026-07-10 08:00:00.000
3318,64,Synthetic Site 064,False,ES,3009,SI_D_EV,2025,Y,Approved,EUR,9988.0,,,Other plants,Notifiable,BetrSichV,,,2024-11-02 00:00:00.000,2026-07-10 08:00:00.000
3318,64,Synthetic Site 064,False,ES,3009,SI_D_EV,2025,Y,Approved,EUR,9989.0,,,Waste treatment plants and own landfill,Subject to authorization,BetrSichV,Permit renewal pending; operations continue under existing permit.,,2024-11-02 00:00:00.000,2026-07-10 08:00:00.000
3318,64,Synthetic Site 064,False,ES,3009,SI_D_EV,2025,Y,Approved,EUR,9990.0,Battery storage room,2.0,Plants for handling with waterpolluting substances,Environmental relevant,,,,2024-11-02 00:00:00.000,2026-07-10 08:00:00.000
3319,64,Synthetic Site 064,True,ES,3009,SI_D_EV,2026,Y,Approved,EUR,,,,,,BImSchV,,,2025-11-28 00:00:00.000,2026-07-10 08:00:00.000
3319,64,Synthetic Site 064,True,ES,3009,SI_D_EV,2026,Y,Approved,EUR,9992.0,CHP unit,5.0,Other plants,Subject to authorization,BImSchV,,,2025-11-28 00:00:00.000,2026-07-10 08:00:00.000
3319,64,Synthetic Site 064,True,ES,3009,SI_D_EV,2026,Y,Approved,EUR,9993.0,Chiller,4.0,Cooling installation with HCFC/CFC,Notifiable,,,,2025-11-28 00:00:00.000,2026-07-10 08:00:00.000
3319,64,Synthetic Site 064,True,ES,3009,SI_D_EV,2026,Y,Approved,EUR,9994.0,Emergency power unit,1.0,Other plants,Notifiable,BetrSichV,,,2025-11-28 00:00:00.000,2026-07-10 08:00:00.000
3319,64,Synthetic Site 064,True,ES,3009,SI_D_EV,2026,Y,Approved,EUR,9995.0,Waste sorting facility,1.0,Waste treatment plants and own landfill,Subject to authorization,BetrSichV,,,2025-11-28 00:00:00.000,2026-07-10 08:00:00.000
3319,64,Synthetic Site 064,True,ES,3009,SI_D_EV,2026,Y,Approved,EUR,9996.0,Battery storage room,2.0,Plants for handling with waterpolluting substances,Environmental relevant,,,,2025-11-28 00:00:00.000,2026-07-10 08:00:00.000
3320,65,Synthetic Site 065,True,CZ,3003,SI_D_FS,2022,Y,Approved,CZK,9997.0,Chemical storage area,3.0,Plants for handling with waterpolluting substances,Environmental relevant,AwSV,,,2022-01-20 00:00:00.000,2026-07-10 08:00:00.000
3320,65,Synthetic Site 065,True,CZ,3003,SI_D_FS,2022,Y,Approved,CZK,9998.0,CHP unit,1.0,Other plants,Subject to authorization,BImSchV,Routine inspection completed; no non-conformities found.,,2022-01-20 00:00:00.000,
3320,65,Synthetic Site 065,True,CZ,3003,SI_D_FS,2022,Y,Approved,CZK,9999.0,Sewage treatment plant,1.0,Waste water treatment plants,Subject to authorization,,,,2022-01-20 00:00:00.000,2026-07-10 08:00:00.000
3320,65,Synthetic Site 065,True,CZ,3003,SI_D_FS,2022,Y,Approved,CZK,10000.0,Diesel generator,6.0,Air polluting installations,Notifiable,4. BImSchV,Minor maintenance scheduled for next quarter.,,2022-01-20 00:00:00.000,2026-07-10 08:00:00.000
3320,65,Synthetic Site 065,True,CZ,3003,SI_D_FS,2022,Y,Approved,CZK,10001.0,,,Air polluting installations,Subject to authorization,,,,2022-01-20 00:00:00.000,2026-07-10 08:00:00.000
3320,65,Synthetic Site 065,True,CZ,3003,SI_D_FS,2022,Y,Approved,CZK,10002.0,Fat separator,2.0,Waste water treatment plants,Environmental relevant,,,,2022-01-20 00:00:00.000,2026-07-10 08:00:00.000
3320,65,Synthetic Site 065,True,CZ,3003,SI_D_FS,2022,Y,Approved,CZK,10003.0,Air compressor,1.0,Air polluting installations,Environmental relevant,BImSchV,Permit renewal pending; operations continue under existing permit.,,2022-01-20 00:00:00.000,2026-07-10 08:00:00.000
3321,65,Synthetic Site 065,True,CZ,3003,SI_D_FS,2023,Y,Approved,CZK,10004.0,Chemical storage area,2.0,Plants for handling with waterpolluting substances,Environmental relevant,AwSV,,,2022-11-28 00:00:00.000,2026-07-10 08:00:00.000
3321,65,Synthetic Site 065,True,CZ,3003,SI_D_FS,2023,Y,Approved,CZK,10005.0,CHP unit,1.0,Other plants,Subject to authorization,BImSchV,,,2022-11-28 00:00:00.000,2026-07-10 08:00:00.000
3321,65,Synthetic Site 065,True,CZ,3003,SI_D_FS,2023,Y,Approved,CZK,10006.0,Sewage treatment plant,1.0,Waste water treatment plants,Subject to authorization,WHG,,,2022-11-28 00:00:00.000,2026-07-10 08:00:00.000
3321,65,Synthetic Site 065,True,CZ,3003,SI_D_FS,2023,Y,Approved,CZK,10007.0,,,Air polluting installations,Notifiable,4. BImSchV,,,2022-11-28 00:00:00.000,2026-07-10 08:00:00.000
3321,65,Synthetic Site 065,True,CZ,3003,SI_D_FS,2023,Y,Approved,CZK,10008.0,Fuel burning boiler,1.0,Air polluting installations,Subject to authorization,,,,2022-11-28 00:00:00.000,2026-07-10 08:00:00.000
3321,65,Synthetic Site 065,True,CZ,3003,SI_D_FS,2023,Y,Approved,CZK,10009.0,Fat separator,1.0,Waste water treatment plants,Environmental relevant,WHG,Annual review: installation within permitted limits.,,2022-11-28 00:00:00.000,2026-07-10 08:00:00.000
3321,65,Synthetic Site 065,True,CZ,3003,SI_D_FS,2023,Y,Approved,CZK,10010.0,Air compressor,1.0,Air polluting installations,Environmental relevant,,,,2022-11-28 00:00:00.000,2026-07-10 08:00:00.000
3322,65,Synthetic Site 065,True,CZ,3003,SI_D_FS,2024,Y,Approved,CZK,10011.0,Chemical storage area,2.0,Plants for handling with waterpolluting substances,Environmental relevant,AwSV,,,2024-04-25 00:00:00.000,2026-07-10 08:00:00.000
3322,65,Synthetic Site 065,True,CZ,3003,SI_D_FS,2024,Y,Approved,CZK,10012.0,,,Other plants,Subject to authorization,BImSchV,,,2024-04-25 00:00:00.000,2026-07-10 08:00:00.000
3322,65,Synthetic Site 065,True,CZ,3003,SI_D_FS,2024,Y,Approved,CZK,10013.0,Sewage treatment plant,1.0,Waste water treatment plants,Subject to authorization,WHG,,,2024-04-25 00:00:00.000,
3322,65,Synthetic Site 065,True,CZ,3003,SI_D_FS,2024,Y,Approved,CZK,10014.0,,,Air polluting installations,Notifiable,4. BImSchV,,,2024-04-25 00:00:00.000,2026-07-10 08:00:00.000
3322,65,Synthetic Site 065,True,CZ,3003,SI_D_FS,2024,Y,Approved,CZK,10015.0,Fuel burning boiler,1.0,Air polluting installations,Subject to authorization,BImSchV,Annual review: installation within permitted limits.,,2024-04-25 00:00:00.000,2026-07-10 08:00:00.000
3322,65,Synthetic Site 065,True,CZ,3003,SI_D_FS,2024,Y,Approved,CZK,10016.0,,,Waste water treatment plants,Environmental relevant,WHG,Annual review: installation within permitted limits.,,2024-04-25 00:00:00.000,2026-07-10 08:00:00.000
3322,65,Synthetic Site 065,True,CZ,3003,SI_D_FS,2024,Y,Approved,CZK,10017.0,Air compressor,3.0,Air polluting installations,Environmental relevant,BImSchV,,,2024-04-25 00:00:00.000,2026-07-10 08:00:00.000
3323,65,Synthetic Site 065,True,CZ,3003,SI_D_FS,2025,Y,Approved,CZK,10018.0,Chemical storage area,1.0,Plants for handling with waterpolluting substances,Environmental relevant,AwSV,,,2025-08-12 00:00:00.000,2026-07-10 08:00:00.000
3323,65,Synthetic Site 065,True,CZ,3003,SI_D_FS,2025,Y,Approved,CZK,10019.0,CHP unit,2.0,Other plants,Subject to authorization,,,,2025-08-12 00:00:00.000,2026-07-10 08:00:00.000
3323,65,Synthetic Site 065,True,CZ,3003,SI_D_FS,2025,Y,Approved,CZK,10020.0,Sewage treatment plant,1.0,Waste water treatment plants,Subject to authorization,,Minor maintenance scheduled for next quarter.,,2025-08-12 00:00:00.000,2026-07-10 08:00:00.000
3323,65,Synthetic Site 065,True,,3003,SI_D_FS,2025,Y,Approved,CZK,10021.0,,,Air polluting installations,Notifiable,,,,2025-08-12 00:00:00.000,2026-07-10 08:00:00.000
3323,65,Synthetic Site 065,True,CZ,3003,SI_D_FS,2025,Y,Approved,CZK,10022.0,,,Air polluting installations,Subject to authorization,BImSchV,,,2025-08-12 00:00:00.000,2026-07-10 08:00:00.000
3323,65,Synthetic Site 065,True,CZ,3003,SI_D_FS,2025,Y,Approved,CZK,10023.0,Fat separator,2.0,Waste water treatment plants,Environmental relevant,WHG,Annual review: installation within permitted limits.,,2025-08-12 00:00:00.000,2026-07-10 08:00:00.000
3323,65,Synthetic Site 065,True,,3003,SI_D_FS,2025,Y,Approved,CZK,10024.0,,,Air polluting installations,Environmental relevant,BImSchV,,,,2026-07-10 08:00:00.000
3324,65,Synthetic Site 065,True,CZ,3003,SI_D_FS,2026,Y,Approved,CZK,10025.0,Chemical storage area,1.0,Plants for handling with waterpolluting substances,Environmental relevant,AwSV,,,2026-04-25 00:00:00.000,2026-07-10 08:00:00.000
3324,65,Synthetic Site 065,True,CZ,3003,SI_D_FS,2026,Y,Approved,CZK,10026.0,CHP unit,1.0,Other plants,Subject to authorization,BImSchV,,,2026-04-25 00:00:00.000,2026-07-10 08:00:00.000
3324,65,Synthetic Site 065,True,CZ,3003,SI_D_FS,2026,Y,Approved,CZK,10027.0,Sewage treatment plant,1.0,Waste water treatment plants,Subject to authorization,WHG,Minor maintenance scheduled for next quarter.,,2026-04-25 00:00:00.000,2026-07-10 08:00:00.000
3324,65,Synthetic Site 065,True,CZ,3003,SI_D_FS,2026,Y,Approved,CZK,,,,Air polluting installations,Notifiable,4. BImSchV,Minor maintenance scheduled for next quarter.,,2026-04-25 00:00:00.000,2026-07-10 08:00:00.000
3324,65,Synthetic Site 065,True,CZ,3003,SI_D_FS,2026,Y,Approved,CZK,10029.0,Fuel burning boiler,5.0,Air polluting installations,Subject to authorization,,Annual review: installation within permitted limits.,,2026-04-25 00:00:00.000,2026-07-10 08:00:00.000
3324,65,Synthetic Site 065,True,CZ,3003,SI_D_FS,2026,Y,Approved,CZK,10030.0,,,Waste water treatment plants,Environmental relevant,WHG,Annual review: installation within permitted limits.,,2026-04-25 00:00:00.000,2026-07-10 08:00:00.000
3324,65,Synthetic Site 065,True,CZ,3003,SI_D_FS,2026,Y,Approved,CZK,10031.0,Air compressor,1.0,Air polluting installations,Environmental relevant,BImSchV,,,2026-04-25 00:00:00.000,2026-07-10 08:00:00.000
3325,66,Synthetic Site 066,True,GB,3013,SI_D_RE,2022,Y,Approved,GBP,10032.0,Diesel generator,1.0,Air polluting installations,Notifiable,4. BImSchV,,,2021-11-03 00:00:00.000,2026-07-10 08:00:00.000
3325,66,Synthetic Site 066,True,GB,3013,SI_D_RE,2022,Y,Approved,GBP,10033.0,HVAC unit,1.0,Cooling installation with HCFC/CFC,Environmental relevant,,Minor maintenance scheduled for next quarter.,,2021-11-03 00:00:00.000,2026-07-10 08:00:00.000
3326,66,Synthetic Site 066,True,GB,3013,SI_D_RE,2023,Y,Approved,GBP,10034.0,,,Air polluting installations,Notifiable,4. BImSchV,Permit renewal pending; operations continue under existing permit.,,2023-06-14 00:00:00.000,
3326,66,Synthetic Site 066,True,GB,3013,SI_D_RE,2023,Y,Approved,GBP,10035.0,HVAC unit,2.0,Cooling installation with HCFC/CFC,Environmental relevant,,,,2023-06-14 00:00:00.000,2026-07-10 08:00:00.000
3327,66,Synthetic Site 066,True,GB,3013,SI_D_RE,2024,Y,Approved,GBP,10036.0,Diesel generator,3.0,Air polluting installations,Notifiable,,Permit renewal pending; operations continue under existing permit.,,2024-05-11 00:00:00.000,
3327,66,Synthetic Site 066,True,GB,3013,SI_D_RE,2024,Y,Approved,GBP,10037.0,,,Cooling installation with HCFC/CFC,Environmental relevant,,Minor maintenance scheduled for next quarter.,,2024-05-11 00:00:00.000,2026-07-10 08:00:00.000
3328,66,Synthetic Site 066,True,GB,3013,SI_D_RE,2025,Y,Approved,GBP,10038.0,Diesel generator,2.0,Air polluting installations,Notifiable,4. BImSchV,,,2025-01-14 00:00:00.000,2026-07-10 08:00:00.000
3328,66,Synthetic Site 066,True,GB,3013,SI_D_RE,2025,Y,Approved,GBP,10039.0,HVAC unit,1.0,Cooling installation with HCFC/CFC,Environmental relevant,,Minor maintenance scheduled for next quarter.,,2025-01-14 00:00:00.000,2026-07-10 08:00:00.000
3329,66,Synthetic Site 066,True,GB,3013,SI_D_RE,2026,Y,Approved,GBP,10040.0,Diesel generator,3.0,Air polluting installations,Notifiable,4. BImSchV,,,2025-11-03 00:00:00.000,2026-07-10 08:00:00.000
3329,66,Synthetic Site 066,True,GB,3013,SI_D_RE,2026,Y,Approved,GBP,10041.0,HVAC unit,1.0,Cooling installation with HCFC/CFC,Environmental relevant,,,,2025-11-03 00:00:00.000,2026-07-10 08:00:00.000
3330,67,Synthetic Site 067,True,HU,3012,SI_D_PM,2022,Y,Approved,HUF,10042.0,,,Waste treatment plants and own landfill,Subject to authorization,BetrSichV,,,2021-11-04 00:00:00.000,2026-07-10 08:00:00.000
3330,67,Synthetic Site 067,True,HU,3012,SI_D_PM,2022,Y,Approved,HUF,10043.0,Oil-water separator,1.0,Waste water treatment plants,Notifiable,WHG,,,2021-11-04 00:00:00.000,2026-07-10 08:00:00.000
3330,67,Synthetic Site 067,True,HU,3012,SI_D_PM,2022,Y,Approved,HUF,10044.0,,,Other plants,Notifiable,AwSV,,,2021-11-04 00:00:00.000,2026-07-10 08:00:00.000
3330,67,Synthetic Site 067,True,HU,3012,SI_D_PM,2022,Y,Approved,HUF,,HVAC unit,1.0,Cooling installation with HCFC/CFC,Environmental relevant,,,,2021-11-04 00:00:00.000,2026-07-10 08:00:00.000
3331,67,Synthetic Site 067,True,,3012,SI_D_PM,2023,Y,Approved,HUF,10046.0,Waste sorting facility,1.0,Waste treatment plants and own landfill,Subject to authorization,,,,2023-07-12 00:00:00.000,2026-07-10 08:00:00.000
3331,67,Synthetic Site 067,True,HU,3012,SI_D_PM,2023,Y,Approved,HUF,10047.0,Oil-water separator,4.0,Waste water treatment plants,Notifiable,WHG,,,2023-07-12 00:00:00.000,2026-07-10 08:00:00.000
3331,67,Synthetic Site 067,True,HU,3012,SI_D_PM,2023,Y,Approved,HUF,10048.0,Compressed gas cylinder store,1.0,Other plants,Notifiable,AwSV,,,2023-07-12 00:00:00.000,2026-07-10 08:00:00.000
3331,67,Synthetic Site 067,True,HU,3012,SI_D_PM,2023,Y,Approved,HUF,10049.0,HVAC unit,2.0,Cooling installation with HCFC/CFC,Environmental relevant,,Minor maintenance scheduled for next quarter.,,2023-07-12 00:00:00.000,2026-07-10 08:00:00.000
3332,67,Synthetic Site 067,True,HU,3012,SI_D_PM,2024,Y,Approved,HUF,10050.0,,,Waste treatment plants and own landfill,Subject to authorization,BetrSichV,,,2024-05-07 00:00:00.000,2026-07-10 08:00:00.000
3332,67,Synthetic Site 067,True,HU,3012,SI_D_PM,2024,Y,Approved,HUF,10051.0,Oil-water separator,1.0,Waste water treatment plants,Notifiable,,,,2024-05-07 00:00:00.000,2026-07-10 08:00:00.000
3332,67,Synthetic Site 067,True,HU,3012,SI_D_PM,2024,Y,Approved,HUF,10052.0,Compressed gas cylinder store,1.0,Other plants,Notifiable,AwSV,,,2024-05-07 00:00:00.000,2026-07-10 08:00:00.000
3332,67,Synthetic Site 067,True,HU,3012,SI_D_PM,2024,Y,Approved,HUF,10053.0,HVAC unit,7.0,,,,,,2024-05-07 00:00:00.000,2026-07-10 08:00:00.000
3333,67,Synthetic Site 067,True,HU,3012,SI_D_PM,2025,Y,Approved,HUF,10054.0,Waste sorting facility,3.0,,,BetrSichV,Annual review: installation within permitted limits.,,2024-11-06 00:00:00.000,2026-07-10 08:00:00.000
3333,67,Synthetic Site 067,True,HU,3012,SI_D_PM,2025,Y,Approved,HUF,10055.0,,,Waste water treatment plants,Notifiable,WHG,,,2024-11-06 00:00:00.000,2026-07-10 08:00:00.000
3333,67,Synthetic Site 067,True,HU,3012,SI_D_PM,2025,Y,Approved,HUF,10056.0,,,Other plants,Notifiable,AwSV,,,2024-11-06 00:00:00.000,2026-07-10 08:00:00.000
3333,67,Synthetic Site 067,True,HU,3012,SI_D_PM,2025,Y,Approved,HUF,10057.0,HVAC unit,12.0,Cooling installation with HCFC/CFC,Environmental relevant,,,,2024-11-06 00:00:00.000,2026-07-10 08:00:00.000
3334,67,Synthetic Site 067,False,HU,3012,SI_D_PM,2026,Y,Approved,HUF,10058.0,,,Waste treatment plants and own landfill,Subject to authorization,BetrSichV,Annual review: installation within permitted limits.,,2026-01-20 00:00:00.000,2026-07-10 08:00:00.000
3334,67,Synthetic Site 067,False,HU,3012,SI_D_PM,2026,Y,Approved,HUF,10059.0,Oil-water separator,4.0,Waste water treatment plants,Notifiable,,Permit renewal pending; operations continue under existing permit.,,2026-01-20 00:00:00.000,2026-07-10 08:00:00.000
3334,67,Synthetic Site 067,False,HU,3012,SI_D_PM,2026,Y,Approved,HUF,10060.0,Compressed gas cylinder store,6.0,,,AwSV,Routine inspection completed; no non-conformities found.,,2026-01-20 00:00:00.000,2026-07-10 08:00:00.000
3334,67,Synthetic Site 067,False,HU,3012,SI_D_PM,2026,Y,Approved,HUF,10061.0,HVAC unit,1.0,Cooling installation with HCFC/CFC,Environmental relevant,,,,2026-01-20 00:00:00.000,2026-07-10 08:00:00.000
3335,68,Synthetic Site 068,True,BE,3011,SI_D_OP,2022,Y,Approved,EUR,10062.0,Selective soldering unit,2.0,Air polluting installations,Notifiable,clean air law,Annual review: installation within permitted limits.,,2022-08-21 00:00:00.000,2026-07-10 08:00:00.000
3336,68,Synthetic Site 068,True,BE,3011,SI_D_OP,2023,Y,Approved,EUR,10063.0,Selective soldering unit,3.0,Air polluting installations,Notifiable,clean air law,,,2023-01-18 00:00:00.000,2026-07-10 08:00:00.000
3337,68,Synthetic Site 068,True,BE,3011,SI_D_OP,2024,Y,Approved,EUR,10064.0,,,Air polluting installations,Notifiable,,,,2024-01-04 00:00:00.000,2026-07-10 08:00:00.000
3338,68,Synthetic Site 068,True,BE,3011,SI_D_OP,2025,Y,Approved,EUR,10065.0,Selective soldering unit,4.0,Air polluting installations,Notifiable,clean air law,Annual review: installation within permitted limits.,,2025-08-13 00:00:00.000,2026-07-10 08:00:00.000
3339,68,Synthetic Site 068,True,BE,3011,SI_D_OP,2026,Y,Approved,EUR,10066.0,,,Air polluting installations,Notifiable,clean air law,,,2025-12-09 00:00:00.000,2026-07-10 08:00:00.000
3340,69,Synthetic Site 069,True,DE,3007,SI_D_SW,2022,Y,Approved,EUR,10067.0,,,Cooling installation with HCFC/CFC,Subject to authorization,31. BImSchV,Routine inspection completed; no non-conformities found.,,2022-07-24 00:00:00.000,2026-07-10 08:00:00.000
3340,69,Synthetic Site 069,True,DE,3007,SI_D_SW,2022,Y,Approved,EUR,10068.0,Selective soldering unit,1.0,,,clean air law,Documentation updated following last audit.,,2022-07-24 00:00:00.000,2026-07-10 08:00:00.000
3341,69,Synthetic Site 069,True,DE,3007,SI_D_SW,2023,Y,Approved,EUR,10069.0,Cooling unit HCFC,1.0,Cooling installation with HCFC/CFC,Subject to authorization,31. BImSchV,,,2023-07-18 00:00:00.000,2026-07-10 08:00:00.000
3341,69,Synthetic Site 069,True,DE,3007,SI_D_SW,2023,Y,Approved,EUR,10070.0,,,Air polluting installations,Notifiable,,,,2023-07-18 00:00:00.000,2026-07-10 08:00:00.000
3342,69,Synthetic Site 069,True,DE,3007,SI_D_SW,2024,Y,Approved,EUR,10071.0,,,Cooling installation with HCFC/CFC,Subject to authorization,31. BImSchV,Routine inspection completed; no non-conformities found.,,2024-05-22 00:00:00.000,2026-07-10 08:00:00.000
3342,69,Synthetic Site 069,True,DE,3007,SI_D_SW,2024,Y,Approved,EUR,10072.0,Selective soldering unit,1.0,Air polluting installations,Notifiable,,,,2024-05-22 00:00:00.000,2026-07-10 08:00:00.000
3343,69,Synthetic Site 069,True,DE,3007,SI_D_SW,2025,Y,Approved,EUR,,Cooling unit HCFC,1.0,Cooling installation with HCFC/CFC,Subject to authorization,31. BImSchV,Routine inspection completed; no non-conformities found.,,2024-12-26 00:00:00.000,2026-07-10 08:00:00.000
3343,69,Synthetic Site 069,True,DE,3007,SI_D_SW,2025,Y,Approved,EUR,10074.0,Selective soldering unit,2.0,Air polluting installations,Notifiable,clean air law,Documentation updated following last audit.,,2024-12-26 00:00:00.000,2026-07-10 08:00:00.000
3344,69,Synthetic Site 069,True,DE,3007,SI_D_SW,2026,Y,Approved,EUR,10075.0,Cooling unit HCFC,2.0,Cooling installation with HCFC/CFC,Subject to authorization,31. BImSchV,,,2026-04-14 00:00:00.000,2026-07-10 08:00:00.000
3344,69,Synthetic Site 069,True,,3007,SI_D_SW,2026,Y,Approved,EUR,10076.0,Selective soldering unit,2.0,Air polluting installations,Notifiable,,,,2026-04-14 00:00:00.000,2026-07-10 08:00:00.000
3345,70,Synthetic Site 070,True,DE,3010,SI_D_IN,2022,Y,Approved,EUR,10077.0,Selective soldering unit,4.0,Air polluting installations,Notifiable,clean air law,,,2022-04-21 00:00:00.000,
3345,70,Synthetic Site 070,True,DE,3010,SI_D_IN,2022,Y,Approved,EUR,10078.0,Oil-water separator,4.0,Waste water treatment plants,Notifiable,WHG,Permit renewal pending; operations continue under existing permit.,,2022-04-21 00:00:00.000,2026-07-10 08:00:00.000
3345,70,Synthetic Site 070,True,DE,3010,SI_D_IN,2022,Y,Approved,EUR,10079.0,Hazardous waste storage,1.0,Waste treatment plants and own landfill,Notifiable,,Routine inspection completed; no non-conformities found.,,2022-04-21 00:00:00.000,2026-07-10 08:00:00.000
3346,70,Synthetic Site 070,True,DE,3010,SI_D_IN,2023,Y,Approved,EUR,10080.0,Selective soldering unit,1.0,Air polluting installations,Notifiable,,Documentation updated following last audit.,,2023-02-12 00:00:00.000,2026-07-10 08:00:00.000
3346,70,Synthetic Site 070,True,DE,3010,SI_D_IN,2023,Y,Approved,EUR,10081.0,,,Waste water treatment plants,Notifiable,WHG,Permit renewal pending; operations continue under existing permit.,,2023-02-12 00:00:00.000,2026-07-10 08:00:00.000
3346,70,Synthetic Site 070,True,,3010,SI_D_IN,2023,Y,Approved,EUR,10082.0,,,Waste treatment plants and own landfill,Notifiable,BetrSichV,Routine inspection completed; no non-conformities found.,,2023-02-12 00:00:00.000,2026-07-10 08:00:00.000
3347,70,Synthetic Site 070,True,DE,3010,SI_D_IN,2024,Y,In Work,EUR,10083.0,Selective soldering unit,1.0,,,clean air law,,,2024-01-03 00:00:00.000,2026-07-10 08:00:00.000
3347,70,Synthetic Site 070,True,DE,3010,SI_D_IN,2024,Y,In Work,EUR,10084.0,Oil-water separator,3.0,Waste water treatment plants,Notifiable,WHG,Permit renewal pending; operations continue under existing permit.,,2024-01-03 00:00:00.000,2026-07-10 08:00:00.000
3347,70,Synthetic Site 070,True,DE,3010,SI_D_IN,2024,Y,In Work,EUR,10085.0,Hazardous waste storage,2.0,Waste treatment plants and own landfill,Notifiable,,Routine inspection completed; no non-conformities found.,,2024-01-03 00:00:00.000,2026-07-10 08:00:00.000
3348,70,Synthetic Site 070,True,DE,3010,SI_D_IN,2025,Y,Approved,EUR,10086.0,Selective soldering unit,1.0,Air polluting installations,Notifiable,clean air law,Documentation updated following last audit.,,2025-03-28 00:00:00.000,
3348,70,Synthetic Site 070,True,DE,3010,SI_D_IN,2025,Y,Approved,EUR,10087.0,,,Waste water treatment plants,Notifiable,WHG,,,2025-03-28 00:00:00.000,2026-07-10 08:00:00.000
3348,70,Synthetic Site 070,True,DE,3010,SI_D_IN,2025,Y,Approved,EUR,10088.0,,,Waste treatment plants and own landfill,Notifiable,,Routine inspection completed; no non-conformities found.,,2025-03-28 00:00:00.000,2026-07-10 08:00:00.000
3349,70,Synthetic Site 070,True,DE,3010,SI_D_IN,2026,Y,Approved,EUR,10089.0,Selective soldering unit,3.0,,,clean air law,,,2026-02-11 00:00:00.000,2026-07-10 08:00:00.000
3349,70,Synthetic Site 070,True,DE,3010,SI_D_IN,2026,Y,Approved,EUR,10090.0,,,Waste water treatment plants,Notifiable,WHG,,,2026-02-11 00:00:00.000,2026-07-10 08:00:00.000
3349,70,Synthetic Site 070,True,DE,3010,SI_D_IN,2026,Y,Approved,EUR,10091.0,,,Waste treatment plants and own landfill,Notifiable,,,,2026-02-11 00:00:00.000,2026-07-10 08:00:00.000
3350,71,Synthetic Site 071,True,SE,3009,SI_D_EV,2022,Y,Approved,SEK,10092.0,,,Waste water treatment plants,Notifiable,WHG,Documentation updated following last audit.,,2022-02-28 00:00:00.000,2026-07-10 08:00:00.000
3350,71,Synthetic Site 071,True,SE,3009,SI_D_EV,2022,Y,Approved,SEK,10093.0,Waste sorting facility,3.0,Waste treatment plants and own landfill,Subject to authorization,,,,2022-02-28 00:00:00.000,
3351,71,Synthetic Site 071,True,SE,3009,SI_D_EV,2023,Y,Approved,SEK,10094.0,Oil-water separator,1.0,Waste water treatment plants,Notifiable,WHG,Documentation updated following last audit.,,2023-01-07 00:00:00.000,2026-07-10 08:00:00.000
3351,71,Synthetic Site 071,True,SE,3009,SI_D_EV,2023,Y,Approved,SEK,10095.0,Waste sorting facility,2.0,Waste treatment plants and own landfill,Subject to authorization,BetrSichV,,,2023-01-07 00:00:00.000,2026-07-10 08:00:00.000
3352,71,Synthetic Site 071,True,,3009,SI_D_EV,2024,Y,Approved,SEK,10096.0,Oil-water separator,1.0,Waste water treatment plants,Notifiable,WHG,,,2023-11-15 00:00:00.000,2026-07-10 08:00:00.000
3352,71,Synthetic Site 071,True,SE,3009,SI_D_EV,2024,Y,Approved,SEK,10097.0,Waste sorting facility,1.0,Waste treatment plants and own landfill,Subject to authorization,,,,2023-11-15 00:00:00.000,2026-07-10 08:00:00.000
3353,71,Synthetic Site 071,True,SE,3009,SI_D_EV,2025,Y,Approved,,10098.0,,,Waste water treatment plants,Notifiable,,,,2025-05-02 00:00:00.000,2026-07-10 08:00:00.000
3353,71,Synthetic Site 071,True,SE,3009,SI_D_EV,2025,Y,Approved,SEK,10099.0,,,,,BetrSichV,,,2025-05-02 00:00:00.000,2026-07-10 08:00:00.000
3354,71,Synthetic Site 071,True,SE,3009,SI_D_EV,2026,Y,In Work,SEK,10100.0,Oil-water separator,1.0,Waste water treatment plants,Notifiable,,,,2026-07-15 00:00:00.000,2026-07-10 08:00:00.000
3354,71,Synthetic Site 071,True,SE,3009,SI_D_EV,2026,Y,In Work,SEK,10101.0,,,Waste treatment plants and own landfill,Subject to authorization,,,,2026-07-15 00:00:00.000,
3355,72,Synthetic Site 072,True,NL,3010,SI_D_IN,2022,Y,Approved,EUR,10102.0,Air compressor,2.0,Air polluting installations,Environmental relevant,BImSchV,Permit renewal pending; operations continue under existing permit.,,2022-03-07 00:00:00.000,2026-07-10 08:00:00.000
3355,72,Synthetic Site 072,True,,3010,SI_D_IN,2022,Y,Approved,EUR,10103.0,Fat separator,1.0,,,WHG,,,2022-03-07 00:00:00.000,2026-07-10 08:00:00.000
3356,72,Synthetic Site 072,True,NL,3010,SI_D_IN,2023,Y,Approved,EUR,10104.0,Air compressor,2.0,Air polluting installations,Environmental relevant,,,,2023-04-15 00:00:00.000,2026-07-10 08:00:00.000
3356,72,Synthetic Site 072,True,NL,3010,SI_D_IN,2023,Y,Approved,EUR,10105.0,Fat separator,2.0,Waste water treatment plants,Environmental relevant,,,,2023-04-15 00:00:00.000,2026-07-10 08:00:00.000
3357,72,Synthetic Site 072,False,NL,3010,SI_D_IN,2024,Y,Approved,EUR,10106.0,Air compressor,1.0,Air polluting installations,Environmental relevant,BImSchV,Permit renewal pending; operations continue under existing permit.,,2023-12-20 00:00:00.000,2026-07-10 08:00:00.000
3357,72,Synthetic Site 072,False,NL,3010,SI_D_IN,2024,Y,Approved,EUR,,Fat separator,1.0,Waste water treatment plants,Environmental relevant,WHG,Minor maintenance scheduled for next quarter.,,2023-12-20 00:00:00.000,2026-07-10 08:00:00.000
3358,72,Synthetic Site 072,True,NL,3010,SI_D_IN,2025,Y,Approved,EUR,10108.0,Air compressor,1.0,Air polluting installations,Environmental relevant,BImSchV,,,2025-05-24 00:00:00.000,2026-07-10 08:00:00.000
3358,72,Synthetic Site 072,True,NL,3010,SI_D_IN,2025,Y,Approved,EUR,10109.0,Fat separator,1.0,,,WHG,,,2025-05-24 00:00:00.000,2026-07-10 08:00:00.000
3359,72,Synthetic Site 072,True,NL,3010,SI_D_IN,2026,Y,Approved,EUR,10110.0,Air compressor,3.0,,,BImSchV,,,2026-07-23 00:00:00.000,2026-07-10 08:00:00.000
3359,72,Synthetic Site 072,True,NL,3010,SI_D_IN,2026,Y,Approved,EUR,10111.0,Fat separator,1.0,Waste water treatment plants,Environmental relevant,,,,2026-07-23 00:00:00.000,2026-07-10 08:00:00.000
3360,73,Synthetic Site 073,True,RO,3002,SI_D_ED,2022,Y,Approved,RON,10112.0,Diesel generator,2.0,Air polluting installations,Notifiable,,,,2022-05-09 00:00:00.000,
3360,73,Synthetic Site 073,True,RO,3002,SI_D_ED,2022,Y,Approved,RON,10113.0,Hazardous waste storage,3.0,Waste treatment plants and own landfill,Notifiable,,Minor maintenance scheduled for next quarter.,,2022-05-09 00:00:00.000,2026-07-10 08:00:00.000
3360,73,Synthetic Site 073,True,RO,3002,SI_D_ED,2022,Y,Approved,RON,10114.0,Biological treatment unit,1.0,Waste water treatment plants,Subject to authorization,,Minor maintenance scheduled for next quarter.,,2022-05-09 00:00:00.000,2026-07-10 08:00:00.000
3360,73,Synthetic Site 073,True,RO,3002,SI_D_ED,2022,Y,Approved,RON,,Fat separator,1.0,Waste water treatment plants,Environmental relevant,WHG,Documentation updated following last audit.,,2022-05-09 00:00:00.000,
3360,73,Synthetic Site 073,True,RO,3002,SI_D_ED,2022,Y,Approved,RON,10116.0,HVAC unit,1.0,Cooling installation with HCFC/CFC,Environmental relevant,,Routine inspection completed; no non-conformities found.,,2022-05-09 00:00:00.000,2026-07-10 08:00:00.000
3361,73,Synthetic Site 073,True,RO,3002,SI_D_ED,2023,Y,Approved,RON,10117.0,,,Air polluting installations,Notifiable,4. BImSchV,Minor maintenance scheduled for next quarter.,,2023-04-15 00:00:00.000,2026-07-10 08:00:00.000
3361,73,Synthetic Site 073,True,RO,3002,SI_D_ED,2023,Y,Approved,RON,10118.0,Hazardous waste storage,3.0,Waste treatment plants and own landfill,Notifiable,BetrSichV,,,2023-04-15 00:00:00.000,2026-07-10 08:00:00.000
3361,73,Synthetic Site 073,True,RO,3002,SI_D_ED,2023,Y,Approved,RON,10119.0,Biological treatment unit,3.0,Waste water treatment plants,Subject to authorization,WHG-VawS,,,2023-04-15 00:00:00.000,2026-07-10 08:00:00.000
3361,73,Synthetic Site 073,True,RO,3002,SI_D_ED,2023,Y,Approved,RON,10120.0,Fat separator,1.0,Waste water treatment plants,Environmental relevant,WHG,,,2023-04-15 00:00:00.000,2026-07-10 08:00:00.000
3361,73,Synthetic Site 073,True,RO,3002,SI_D_ED,2023,Y,Approved,RON,10121.0,HVAC unit,3.0,,,,,,2023-04-15 00:00:00.000,2026-07-10 08:00:00.000
3362,73,Synthetic Site 073,True,RO,3002,SI_D_ED,2024,Y,Approved,RON,10122.0,Diesel generator,1.0,Air polluting installations,Notifiable,,,,2023-11-02 00:00:00.000,2026-07-10 08:00:00.000
3362,73,Synthetic Site 073,True,RO,3002,SI_D_ED,2024,Y,Approved,RON,10123.0,Hazardous waste storage,3.0,Waste treatment plants and own landfill,Notifiable,,,,2023-11-02 00:00:00.000,2026-07-10 08:00:00.000
3362,73,Synthetic Site 073,True,RO,3002,SI_D_ED,2024,Y,Approved,RON,10124.0,Biological treatment unit,1.0,Waste water treatment plants,Subject to authorization,,,,2023-11-02 00:00:00.000,2026-07-10 08:00:00.000
3362,73,Synthetic Site 073,True,RO,3002,SI_D_ED,2024,Y,Approved,RON,10125.0,Fat separator,2.0,Waste water treatment plants,Environmental relevant,WHG,,,2023-11-02 00:00:00.000,2026-07-10 08:00:00.000
3362,73,Synthetic Site 073,True,RO,3002,SI_D_ED,2024,Y,Approved,RON,10126.0,HVAC unit,2.0,Cooling installation with HCFC/CFC,Environmental relevant,,Routine inspection completed; no non-conformities found.,,2023-11-02 00:00:00.000,2026-07-10 08:00:00.000
3363,73,Synthetic Site 073,True,RO,3002,SI_D_ED,2025,Y,Approved,RON,10127.0,Diesel generator,1.0,Air polluting installations,Notifiable,,,,2025-03-08 00:00:00.000,2026-07-10 08:00:00.000
3363,73,Synthetic Site 073,True,RO,3002,SI_D_ED,2025,Y,Approved,RON,10128.0,,,Waste treatment plants and own landfill,Notifiable,,,,2025-03-08 00:00:00.000,2026-07-10 08:00:00.000
3363,73,Synthetic Site 073,True,RO,3002,SI_D_ED,2025,Y,Approved,,10129.0,Biological treatment unit,1.0,Waste water treatment plants,Subject to authorization,,Minor maintenance scheduled for next quarter.,,2025-03-08 00:00:00.000,2026-07-10 08:00:00.000
3363,73,Synthetic Site 073,True,RO,3002,SI_D_ED,2025,Y,Approved,RON,10130.0,Fat separator,3.0,Waste water treatment plants,Environmental relevant,WHG,,,2025-03-08 00:00:00.000,2026-07-10 08:00:00.000
3363,73,Synthetic Site 073,True,RO,3002,SI_D_ED,2025,Y,Approved,RON,10131.0,HVAC unit,1.0,Cooling installation with HCFC/CFC,Environmental relevant,,,,2025-03-08 00:00:00.000,2026-07-10 08:00:00.000
3364,73,Synthetic Site 073,True,RO,3002,SI_D_ED,2026,Y,Approved,RON,10132.0,,,Air polluting installations,Notifiable,,,,2026-06-10 00:00:00.000,2026-07-10 08:00:00.000
3364,73,Synthetic Site 073,True,RO,3002,SI_D_ED,2026,Y,Approved,RON,10133.0,Hazardous waste storage,2.0,Waste treatment plants and own landfill,Notifiable,,Minor maintenance scheduled for next quarter.,,2026-06-10 00:00:00.000,2026-07-10 08:00:00.000
3364,73,Synthetic Site 073,True,RO,3002,SI_D_ED,2026,Y,Approved,RON,10134.0,Biological treatment unit,1.0,Waste water treatment plants,Subject to authorization,,,,2026-06-10 00:00:00.000,2026-07-10 08:00:00.000
3364,73,Synthetic Site 073,True,RO,3002,SI_D_ED,2026,Y,Approved,RON,10135.0,Fat separator,4.0,Waste water treatment plants,Environmental relevant,,,,2026-06-10 00:00:00.000,2026-07-10 08:00:00.000
3364,73,Synthetic Site 073,True,RO,3002,SI_D_ED,2026,Y,Approved,RON,10136.0,,,Cooling installation with HCFC/CFC,Environmental relevant,,,,2026-06-10 00:00:00.000,2026-07-10 08:00:00.000
3365,74,Synthetic Site 074,True,CZ,3007,SI_D_SW,2022,Y,Approved,CZK,10137.0,Selective soldering unit,3.0,Air polluting installations,Notifiable,clean air law,,,2022-01-09 00:00:00.000,2026-07-10 08:00:00.000
3365,74,Synthetic Site 074,True,CZ,3007,SI_D_SW,2022,Y,Approved,CZK,10138.0,Diesel generator,2.0,Air polluting installations,Notifiable,4. BImSchV,,,2022-01-09 00:00:00.000,2026-07-10 08:00:00.000
3365,74,Synthetic Site 074,True,CZ,3007,SI_D_SW,2022,Y,Approved,CZK,10139.0,,,,,WHG,,,2022-01-09 00:00:00.000,2026-07-10 08:00:00.000
3365,74,Synthetic Site 074,True,CZ,3007,SI_D_SW,2022,Y,Approved,CZK,10140.0,Emergency power unit,1.0,Other plants,Notifiable,BetrSichV,Annual review: installation within permitted limits.,,2022-01-09 00:00:00.000,2026-07-10 08:00:00.000
3365,74,Synthetic Site 074,True,CZ,3007,SI_D_SW,2022,Y,Approved,CZK,10141.0,HVAC unit,1.0,Cooling installation with HCFC/CFC,Environmental relevant,,,,2022-01-09 00:00:00.000,2026-07-10 08:00:00.000
3366,74,Synthetic Site 074,True,CZ,3007,SI_D_SW,2023,Y,Approved,CZK,10142.0,Selective soldering unit,3.0,Air polluting installations,Notifiable,clean air law,,,2022-12-12 00:00:00.000,2026-07-10 08:00:00.000
3366,74,Synthetic Site 074,True,CZ,3007,SI_D_SW,2023,Y,Approved,CZK,10143.0,Diesel generator,1.0,Air polluting installations,Notifiable,4. BImSchV,,,2022-12-12 00:00:00.000,2026-07-10 08:00:00.000
3366,74,Synthetic Site 074,True,CZ,3007,SI_D_SW,2023,Y,Approved,CZK,,,,Waste water treatment plants,Subject to authorization,WHG,Annual review: installation within permitted limits.,,2022-12-12 00:00:00.000,2026-07-10 08:00:00.000
3366,74,Synthetic Site 074,True,CZ,3007,SI_D_SW,2023,Y,Approved,CZK,10145.0,,,Other plants,Notifiable,BetrSichV,,,2022-12-12 00:00:00.000,2026-07-10 08:00:00.000
3366,74,Synthetic Site 074,True,CZ,3007,SI_D_SW,2023,Y,Approved,CZK,,HVAC unit,1.0,Cooling installation with HCFC/CFC,Environmental relevant,,,,2022-12-12 00:00:00.000,2026-07-10 08:00:00.000
3367,74,Synthetic Site 074,True,CZ,3007,SI_D_SW,2024,Y,Approved,CZK,10147.0,Selective soldering unit,2.0,Air polluting installations,Notifiable,,,,2024-07-27 00:00:00.000,2026-07-10 08:00:00.000
3367,74,Synthetic Site 074,True,CZ,3007,SI_D_SW,2024,Y,Approved,CZK,10148.0,Diesel generator,1.0,Air polluting installations,Notifiable,4. BImSchV,,,2024-07-27 00:00:00.000,2026-07-10 08:00:00.000
3367,74,Synthetic Site 074,True,CZ,3007,SI_D_SW,2024,Y,Approved,CZK,10149.0,Sewage treatment plant,1.0,Waste water treatment plants,Subject to authorization,,Annual review: installation within permitted limits.,,2024-07-27 00:00:00.000,2026-07-10 08:00:00.000
3367,74,Synthetic Site 074,True,CZ,3007,SI_D_SW,2024,Y,Approved,CZK,10150.0,Emergency power unit,1.0,Other plants,Notifiable,BetrSichV,Annual review: installation within permitted limits.,,2024-07-27 00:00:00.000,2026-07-10 08:00:00.000
3367,74,Synthetic Site 074,True,CZ,3007,SI_D_SW,2024,Y,Approved,CZK,10151.0,HVAC unit,2.0,Cooling installation with HCFC/CFC,Environmental relevant,,Routine inspection completed; no non-conformities found.,,2024-07-27 00:00:00.000,2026-07-10 08:00:00.000
3368,74,Synthetic Site 074,True,CZ,3007,SI_D_SW,2025,Y,Approved,CZK,10152.0,,,Air polluting installations,Notifiable,clean air law,,,2025-05-09 00:00:00.000,2026-07-10 08:00:00.000
3368,74,Synthetic Site 074,True,CZ,3007,SI_D_SW,2025,Y,Approved,CZK,10153.0,,,Air polluting installations,Notifiable,4. BImSchV,Minor maintenance scheduled for next quarter.,,2025-05-09 00:00:00.000,2026-07-10 08:00:00.000
3368,74,Synthetic Site 074,True,CZ,3007,SI_D_SW,2025,Y,Approved,CZK,10154.0,Sewage treatment plant,4.0,Waste water treatment plants,Subject to authorization,WHG,Annual review: installation within permitted limits.,,2025-05-09 00:00:00.000,2026-07-10 08:00:00.000
3368,74,Synthetic Site 074,True,CZ,3007,SI_D_SW,2025,Y,Approved,CZK,10155.0,Emergency power unit,5.0,Other plants,Notifiable,BetrSichV,Annual review: installation within permitted limits.,,2025-05-09 00:00:00.000,2026-07-10 08:00:00.000
3368,74,Synthetic Site 074,True,CZ,3007,SI_D_SW,2025,Y,Approved,CZK,10156.0,,,Cooling installation with HCFC/CFC,Environmental relevant,,Routine inspection completed; no non-conformities found.,,2025-05-09 00:00:00.000,2026-07-10 08:00:00.000
3369,74,Synthetic Site 074,True,CZ,3007,SI_D_SW,2026,Y,Approved,CZK,10157.0,Selective soldering unit,1.0,Air polluting installations,Notifiable,,,,2025-12-03 00:00:00.000,2026-07-10 08:00:00.000
3369,74,Synthetic Site 074,True,,3007,SI_D_SW,2026,Y,Approved,CZK,10158.0,,,Air polluting installations,Notifiable,4. BImSchV,Minor maintenance scheduled for next quarter.,,2025-12-03 00:00:00.000,2026-07-10 08:00:00.000
3369,74,Synthetic Site 074,True,CZ,3007,SI_D_SW,2026,Y,Approved,CZK,10159.0,Sewage treatment plant,3.0,Waste water treatment plants,Subject to authorization,WHG,,,2025-12-03 00:00:00.000,2026-07-10 08:00:00.000
3369,74,Synthetic Site 074,True,CZ,3007,SI_D_SW,2026,Y,Approved,CZK,10160.0,,,Other plants,Notifiable,,,,2025-12-03 00:00:00.000,2026-07-10 08:00:00.000
3369,74,Synthetic Site 074,True,CZ,3007,SI_D_SW,2026,Y,Approved,CZK,10161.0,HVAC unit,2.0,Cooling installation with HCFC/CFC,Environmental relevant,,,,2025-12-03 00:00:00.000,2026-07-10 08:00:00.000
3370,75,Synthetic Site 075,True,PL,3001,SI_D_DI,2022,Y,Approved,PLN,10162.0,Hazardous waste storage,1.0,Waste treatment plants and own landfill,Notifiable,BetrSichV,Annual review: installation within permitted limits.,,2022-08-15 00:00:00.000,2026-07-10 08:00:00.000
3370,75,Synthetic Site 075,True,PL,3001,SI_D_DI,2022,Y,Approved,PLN,10163.0,CHP unit,1.0,Other plants,Subject to authorization,BImSchV,Minor maintenance scheduled for next quarter.,,2022-08-15 00:00:00.000,2026-07-10 08:00:00.000
3370,75,Synthetic Site 075,True,PL,3001,SI_D_DI,2022,Y,Approved,PLN,10164.0,Fat separator,1.0,Waste water treatment plants,Environmental relevant,,Documentation updated following last audit.,,2022-08-15 00:00:00.000,
3370,75,Synthetic Site 075,True,PL,3001,SI_D_DI,2022,Y,Approved,PLN,10165.0,Diesel generator,2.0,Air polluting installations,Notifiable,4. BImSchV,,,2022-08-15 00:00:00.000,2026-07-10 08:00:00.000
3370,75,Synthetic Site 075,True,PL,3001,SI_D_DI,2022,Y,Approved,PLN,10166.0,Oil-water separator,2.0,Waste water treatment plants,Notifiable,WHG,,,2022-08-15 00:00:00.000,2026-07-10 08:00:00.000
3370,75,Synthetic Site 075,True,PL,3001,SI_D_DI,2022,Y,Approved,PLN,10167.0,Hazardous substance storage,1.0,Plants for handling with waterpolluting substances,Subject to authorization,AwSV,,,2022-08-15 00:00:00.000,2026-07-10 08:00:00.000
3370,75,Synthetic Site 075,True,PL,3001,SI_D_DI,2022,Y,Approved,PLN,10168.0,Air compressor,1.0,Air polluting installations,Environmental relevant,,,,2022-08-15 00:00:00.000,2026-07-10 08:00:00.000
3371,75,Synthetic Site 075,True,PL,3001,SI_D_DI,2023,Y,Approved,PLN,10169.0,Hazardous waste storage,1.0,Waste treatment plants and own landfill,Notifiable,BetrSichV,,,2022-11-21 00:00:00.000,2026-07-10 08:00:00.000
3371,75,Synthetic Site 075,True,PL,3001,SI_D_DI,2023,Y,Approved,PLN,10170.0,CHP unit,2.0,Other plants,Subject to authorization,,,,2022-11-21 00:00:00.000,2026-07-10 08:00:00.000
3371,75,Synthetic Site 075,True,PL,3001,SI_D_DI,2023,Y,Approved,PLN,10171.0,,,Waste water treatment plants,Environmental relevant,,,,2022-11-21 00:00:00.000,
3371,75,Synthetic Site 075,True,PL,3001,SI_D_DI,2023,Y,Approved,PLN,10172.0,Diesel generator,5.0,Air polluting installations,Notifiable,4. BImSchV,,,2022-11-21 00:00:00.000,2026-07-10 08:00:00.000
3371,75,Synthetic Site 075,True,PL,3001,SI_D_DI,2023,Y,Approved,PLN,10173.0,Oil-water separator,2.0,Waste water treatment plants,Notifiable,,,,2022-11-21 00:00:00.000,2026-07-10 08:00:00.000
3371,75,Synthetic Site 075,True,PL,3001,SI_D_DI,2023,Y,Approved,PLN,10174.0,Hazardous substance storage,2.0,Plants for handling with waterpolluting substances,Subject to authorization,AwSV,Documentation updated following last audit.,,2022-11-21 00:00:00.000,2026-07-10 08:00:00.000
3371,75,Synthetic Site 075,True,PL,3001,SI_D_DI,2023,Y,Approved,PLN,10175.0,Air compressor,1.0,Air polluting installations,Environmental relevant,BImSchV,Documentation updated following last audit.,,2022-11-21 00:00:00.000,2026-07-10 08:00:00.000
3372,75,Synthetic Site 075,True,PL,3001,SI_D_DI,2024,Y,Approved,PLN,10176.0,Hazardous waste storage,2.0,Waste treatment plants and own landfill,Notifiable,BetrSichV,,,2024-07-27 00:00:00.000,2026-07-10 08:00:00.000
3372,75,Synthetic Site 075,True,PL,3001,SI_D_DI,2024,Y,Approved,PLN,10177.0,CHP unit,1.0,Other plants,Subject to authorization,BImSchV,,,2024-07-27 00:00:00.000,2026-07-10 08:00:00.000
3372,75,Synthetic Site 075,True,PL,3001,SI_D_DI,2024,Y,Approved,PLN,10178.0,Fat separator,2.0,Waste water treatment plants,Environmental relevant,WHG,Documentation updated following last audit.,,2024-07-27 00:00:00.000,2026-07-10 08:00:00.000
3372,75,Synthetic Site 075,True,PL,3001,SI_D_DI,2024,Y,Approved,PLN,10179.0,,,Air polluting installations,Notifiable,,Permit renewal pending; operations continue under existing permit.,,2024-07-27 00:00:00.000,2026-07-10 08:00:00.000
3372,75,Synthetic Site 075,True,PL,3001,SI_D_DI,2024,Y,Approved,PLN,10180.0,,,Waste water treatment plants,Notifiable,WHG,,,2024-07-27 00:00:00.000,2026-07-10 08:00:00.000
3372,75,Synthetic Site 075,True,PL,3001,SI_D_DI,2024,Y,Approved,PLN,10181.0,Hazardous substance storage,2.0,Plants for handling with waterpolluting substances,Subject to authorization,AwSV,Documentation updated following last audit.,,2024-07-27 00:00:00.000,2026-07-10 08:00:00.000
3372,75,Synthetic Site 075,True,PL,3001,SI_D_DI,2024,Y,Approved,PLN,10182.0,Air compressor,1.0,Air polluting installations,Environmental relevant,BImSchV,,,2024-07-27 00:00:00.000,2026-07-10 08:00:00.000
3373,75,Synthetic Site 075,False,PL,3001,SI_D_DI,2025,Y,Approved,PLN,10183.0,Hazardous waste storage,3.0,Waste treatment plants and own landfill,Notifiable,BetrSichV,Annual review: installation within permitted limits.,,2025-08-21 00:00:00.000,2026-07-10 08:00:00.000
3373,75,Synthetic Site 075,False,PL,3001,SI_D_DI,2025,Y,Approved,PLN,10184.0,CHP unit,1.0,Other plants,Subject to authorization,BImSchV,,,2025-08-21 00:00:00.000,2026-07-10 08:00:00.000
3373,75,Synthetic Site 075,False,PL,3001,SI_D_DI,2025,Y,Approved,PLN,10185.0,Fat separator,3.0,Waste water treatment plants,Environmental relevant,WHG,,,2025-08-21 00:00:00.000,2026-07-10 08:00:00.000
3373,75,Synthetic Site 075,False,PL,3001,SI_D_DI,2025,Y,Approved,PLN,10186.0,Diesel generator,2.0,Air polluting installations,Notifiable,4. BImSchV,Permit renewal pending; operations continue under existing permit.,,2025-08-21 00:00:00.000,2026-07-10 08:00:00.000
3373,75,Synthetic Site 075,False,PL,3001,SI_D_DI,2025,Y,Approved,PLN,10187.0,Oil-water separator,2.0,Waste water treatment plants,Notifiable,WHG,Routine inspection completed; no non-conformities found.,,2025-08-21 00:00:00.000,2026-07-10 08:00:00.000
3373,75,Synthetic Site 075,False,PL,3001,SI_D_DI,2025,Y,Approved,PLN,10188.0,Hazardous substance storage,2.0,Plants for handling with waterpolluting substances,Subject to authorization,AwSV,,,2025-08-21 00:00:00.000,
3373,75,Synthetic Site 075,False,PL,3001,SI_D_DI,2025,Y,Approved,PLN,10189.0,Air compressor,1.0,Air polluting installations,Environmental relevant,,Documentation updated following last audit.,,2025-08-21 00:00:00.000,2026-07-10 08:00:00.000
3374,75,Synthetic Site 075,True,PL,3001,SI_D_DI,2026,Y,Approved,PLN,10190.0,Hazardous waste storage,1.0,Waste treatment plants and own landfill,Notifiable,BetrSichV,,,2026-07-10 00:00:00.000,2026-07-10 08:00:00.000
3374,75,Synthetic Site 075,True,PL,3001,SI_D_DI,2026,Y,Approved,PLN,10191.0,,,Other plants,Subject to authorization,,,,2026-07-10 00:00:00.000,2026-07-10 08:00:00.000
3374,75,Synthetic Site 075,True,PL,3001,SI_D_DI,2026,Y,Approved,PLN,10192.0,Fat separator,1.0,,,WHG,,,2026-07-10 00:00:00.000,2026-07-10 08:00:00.000
3374,75,Synthetic Site 075,True,PL,3001,SI_D_DI,2026,Y,Approved,PLN,10193.0,Diesel generator,2.0,,,4. BImSchV,,,2026-07-10 00:00:00.000,2026-07-10 08:00:00.000
3374,75,Synthetic Site 075,True,PL,3001,SI_D_DI,2026,Y,Approved,PLN,,,,Waste water treatment plants,Notifiable,,,,2026-07-10 00:00:00.000,2026-07-10 08:00:00.000
3374,75,Synthetic Site 075,True,PL,3001,SI_D_DI,2026,Y,Approved,PLN,,Hazardous substance storage,2.0,Plants for handling with waterpolluting substances,Subject to authorization,AwSV,Documentation updated following last audit.,,2026-07-10 00:00:00.000,2026-07-10 08:00:00.000
3374,75,Synthetic Site 075,True,PL,3001,SI_D_DI,2026,Y,Approved,PLN,10196.0,Air compressor,1.0,Air polluting installations,Environmental relevant,,Documentation updated following last audit.,,2026-07-10 00:00:00.000,2026-07-10 08:00:00.000
3375,76,Synthetic Site 076,False,DE,3008,SI_D_TI,2022,Y,Approved,EUR,10197.0,Compressed gas cylinder store,1.0,Other plants,Notifiable,AwSV,,,2022-03-02 00:00:00.000,2026-07-10 08:00:00.000
3375,76,Synthetic Site 076,False,DE,3008,SI_D_TI,2022,Y,Approved,EUR,10198.0,Chemical storage area,2.0,Plants for handling with waterpolluting substances,Environmental relevant,AwSV,Annual review: installation within permitted limits.,,2022-03-02 00:00:00.000,2026-07-10 08:00:00.000
3375,76,Synthetic Site 076,False,DE,3008,SI_D_TI,2022,Y,Approved,EUR,,,,Waste treatment plants and own landfill,Notifiable,,Documentation updated following last audit.,,2022-03-02 00:00:00.000,2026-07-10 08:00:00.000
3376,76,Synthetic Site 076,True,DE,3008,SI_D_TI,2023,Y,Approved,EUR,10200.0,Compressed gas cylinder store,1.0,Other plants,Notifiable,AwSV,,,2023-06-19 00:00:00.000,2026-07-10 08:00:00.000
3376,76,Synthetic Site 076,True,DE,3008,SI_D_TI,2023,Y,Approved,EUR,10201.0,Chemical storage area,2.0,Plants for handling with waterpolluting substances,Environmental relevant,AwSV,,,2023-06-19 00:00:00.000,2026-07-10 08:00:00.000
3376,76,Synthetic Site 076,True,DE,3008,SI_D_TI,2023,Y,Approved,EUR,10202.0,,,Waste treatment plants and own landfill,Notifiable,BetrSichV,Documentation updated following last audit.,,2023-06-19 00:00:00.000,2026-07-10 08:00:00.000
3377,76,Synthetic Site 076,True,DE,3008,SI_D_TI,2024,Y,Approved,EUR,10203.0,Compressed gas cylinder store,1.0,Other plants,Notifiable,AwSV,,,2024-03-08 00:00:00.000,2026-07-10 08:00:00.000
3377,76,Synthetic Site 076,True,DE,3008,SI_D_TI,2024,Y,Approved,EUR,10204.0,Chemical storage area,1.0,Plants for handling with waterpolluting substances,Environmental relevant,AwSV,Annual review: installation within permitted limits.,,2024-03-08 00:00:00.000,2026-07-10 08:00:00.000
3377,76,Synthetic Site 076,True,DE,3008,SI_D_TI,2024,Y,Approved,EUR,10205.0,,,Waste treatment plants and own landfill,Notifiable,BetrSichV,Documentation updated following last audit.,,2024-03-08 00:00:00.000,2026-07-10 08:00:00.000
3378,76,Synthetic Site 076,True,DE,3008,SI_D_TI,2025,Y,Approved,EUR,10206.0,Compressed gas cylinder store,1.0,Other plants,Notifiable,AwSV,,,2025-08-03 00:00:00.000,2026-07-10 08:00:00.000
3378,76,Synthetic Site 076,True,DE,3008,SI_D_TI,2025,Y,Approved,EUR,10207.0,,,Plants for handling with waterpolluting substances,Environmental relevant,,,,2025-08-03 00:00:00.000,2026-07-10 08:00:00.000
3378,76,Synthetic Site 076,True,DE,3008,SI_D_TI,2025,Y,Approved,EUR,10208.0,Hazardous waste storage,1.0,Waste treatment plants and own landfill,Notifiable,,,,2025-08-03 00:00:00.000,2026-07-10 08:00:00.000
3379,76,Synthetic Site 076,True,DE,3008,SI_D_TI,2026,Y,Approved,EUR,10209.0,Compressed gas cylinder store,1.0,Other plants,Notifiable,AwSV,,,2026-05-15 00:00:00.000,2026-07-10 08:00:00.000
3379,76,Synthetic Site 076,True,DE,3008,SI_D_TI,2026,Y,Approved,EUR,10210.0,,,Plants for handling with waterpolluting substances,Environmental relevant,AwSV,,,2026-05-15 00:00:00.000,2026-07-10 08:00:00.000
3379,76,Synthetic Site 076,True,DE,3008,SI_D_TI,2026,Y,Approved,EUR,10211.0,Hazardous waste storage,2.0,Waste treatment plants and own landfill,Notifiable,BetrSichV,,,2026-05-15 00:00:00.000,
3380,77,Synthetic Site 077,True,AT,3005,SI_D_MO,2022,Y,Approved,EUR,10212.0,Fat separator,1.0,Waste water treatment plants,Environmental relevant,WHG,,,2021-11-26 00:00:00.000,2026-07-10 08:00:00.000
3380,77,Synthetic Site 077,True,,3005,SI_D_MO,2022,Y,Approved,EUR,10213.0,Battery storage room,1.0,Plants for handling with waterpolluting substances,Environmental relevant,,,,2021-11-26 00:00:00.000,2026-07-10 08:00:00.000
3380,77,Synthetic Site 077,True,AT,3005,SI_D_MO,2022,Y,Approved,EUR,10214.0,,,Other plants,Subject to authorization,,,,2021-11-26 00:00:00.000,2026-07-10 08:00:00.000
3381,77,Synthetic Site 077,True,AT,3005,SI_D_MO,2023,Y,Approved,EUR,10215.0,Fat separator,1.0,Waste water treatment plants,Environmental relevant,WHG,Minor maintenance scheduled for next quarter.,,2022-12-08 00:00:00.000,2026-07-10 08:00:00.000
3381,77,Synthetic Site 077,True,AT,3005,SI_D_MO,2023,Y,Approved,EUR,,Battery storage room,1.0,Plants for handling with waterpolluting substances,Environmental relevant,,,,2022-12-08 00:00:00.000,2026-07-10 08:00:00.000
3381,77,Synthetic Site 077,True,AT,3005,SI_D_MO,2023,Y,Approved,EUR,10217.0,,,Other plants,Subject to authorization,BImSchV,Permit renewal pending; operations continue under existing permit.,,2022-12-08 00:00:00.000,
3382,77,Synthetic Site 077,True,AT,3005,SI_D_MO,2024,Y,Approved,EUR,10218.0,Fat separator,1.0,Waste water treatment plants,Environmental relevant,,,,2024-04-02 00:00:00.000,2026-07-10 08:00:00.000
3382,77,Synthetic Site 077,True,AT,3005,SI_D_MO,2024,Y,Approved,EUR,10219.0,Battery storage room,2.0,Plants for handling with waterpolluting substances,Environmental relevant,,Documentation updated following last audit.,,2024-04-02 00:00:00.000,2026-07-10 08:00:00.000
3382,77,Synthetic Site 077,True,AT,3005,SI_D_MO,2024,Y,Approved,EUR,10220.0,,,Other plants,Subject to authorization,BImSchV,,,2024-04-02 00:00:00.000,2026-07-10 08:00:00.000
3383,77,Synthetic Site 077,True,AT,3005,SI_D_MO,2025,Y,Approved,EUR,,Fat separator,3.0,Waste water treatment plants,Environmental relevant,,Minor maintenance scheduled for next quarter.,,2024-11-04 00:00:00.000,2026-07-10 08:00:00.000
3383,77,Synthetic Site 077,True,AT,3005,SI_D_MO,2025,Y,Approved,EUR,,Battery storage room,2.0,Plants for handling with waterpolluting substances,Environmental relevant,,,,2024-11-04 00:00:00.000,2026-07-10 08:00:00.000
3383,77,Synthetic Site 077,True,AT,3005,SI_D_MO,2025,Y,Approved,EUR,,CHP unit,1.0,Other plants,Subject to authorization,,,,2024-11-04 00:00:00.000,2026-07-10 08:00:00.000
3384,77,Synthetic Site 077,True,AT,3005,SI_D_MO,2026,Y,Approved,EUR,10224.0,Fat separator,1.0,Waste water treatment plants,Environmental relevant,,,,2026-01-17 00:00:00.000,2026-07-10 08:00:00.000
3384,77,Synthetic Site 077,True,AT,3005,SI_D_MO,2026,Y,Approved,EUR,10225.0,,,Plants for handling with waterpolluting substances,Environmental relevant,,,,2026-01-17 00:00:00.000,2026-07-10 08:00:00.000
3384,77,Synthetic Site 077,True,AT,3005,SI_D_MO,2026,Y,Approved,EUR,10226.0,CHP unit,3.0,Other plants,Subject to authorization,BImSchV,,,2026-01-17 00:00:00.000,2026-07-10 08:00:00.000
3385,78,Synthetic Site 078,True,DE,3003,SI_D_FS,2022,Y,In Work,EUR,10227.0,Oil-water separator,2.0,Waste water treatment plants,Notifiable,WHG,,,2022-06-23 00:00:00.000,2026-07-10 08:00:00.000
3386,78,Synthetic Site 078,True,DE,3003,SI_D_FS,2023,Y,Approved,EUR,10228.0,Oil-water separator,2.0,Waste water treatment plants,Notifiable,WHG,,,2023-01-20 00:00:00.000,2026-07-10 08:00:00.000
3387,78,Synthetic Site 078,True,DE,3003,SI_D_FS,2024,Y,Approved,EUR,10229.0,Oil-water separator,1.0,Waste water treatment plants,Notifiable,,,,2024-02-10 00:00:00.000,2026-07-10 08:00:00.000
3388,78,Synthetic Site 078,True,DE,3003,SI_D_FS,2025,Y,Approved,EUR,10230.0,,,Waste water treatment plants,Notifiable,WHG,Routine inspection completed; no non-conformities found.,,2025-06-04 00:00:00.000,2026-07-10 08:00:00.000
3389,78,Synthetic Site 078,False,DE,3003,SI_D_FS,2026,Y,Approved,EUR,10231.0,Oil-water separator,1.0,Waste water treatment plants,Notifiable,,,,2026-03-22 00:00:00.000,2026-07-10 08:00:00.000
3390,79,Synthetic Site 079,True,PL,3002,SI_D_ED,2022,Y,Approved,PLN,10232.0,,,Air polluting installations,Environmental relevant,BImSchV,Permit renewal pending; operations continue under existing permit.,,2022-01-07 00:00:00.000,2026-07-10 08:00:00.000
3390,79,Synthetic Site 079,True,PL,3002,SI_D_ED,2022,Y,Approved,PLN,10233.0,Biological treatment unit,5.0,Waste water treatment plants,Subject to authorization,,,,2022-01-07 00:00:00.000,2026-07-10 08:00:00.000
3390,79,Synthetic Site 079,True,PL,3002,SI_D_ED,2022,Y,Approved,PLN,10234.0,,,Waste water treatment plants,Subject to authorization,WHG,Annual review: installation within permitted limits.,,2022-01-07 00:00:00.000,2026-07-10 08:00:00.000
3390,79,Synthetic Site 079,True,PL,3002,SI_D_ED,2022,Y,Approved,PLN,,,,Other plants,Notifiable,BetrSichV,,,2022-01-07 00:00:00.000,2026-07-10 08:00:00.000
3391,79,Synthetic Site 079,True,PL,3002,SI_D_ED,2023,Y,Approved,PLN,,,,Air polluting installations,Environmental relevant,,Permit renewal pending; operations continue under existing permit.,,2022-12-31 00:00:00.000,2026-07-10 08:00:00.000
3391,79,Synthetic Site 079,True,PL,3002,SI_D_ED,2023,Y,Approved,PLN,10237.0,,,Waste water treatment plants,Subject to authorization,WHG-VawS,,,2022-12-31 00:00:00.000,2026-07-10 08:00:00.000
3391,79,Synthetic Site 079,True,PL,3002,SI_D_ED,2023,Y,Approved,PLN,10238.0,Sewage treatment plant,2.0,Waste water treatment plants,Subject to authorization,,,,2022-12-31 00:00:00.000,2026-07-10 08:00:00.000
3391,79,Synthetic Site 079,True,PL,3002,SI_D_ED,2023,Y,Approved,PLN,,Emergency power unit,1.0,Other plants,Notifiable,,,,2022-12-31 00:00:00.000,2026-07-10 08:00:00.000
3392,79,Synthetic Site 079,True,PL,3002,SI_D_ED,2024,Y,Approved,PLN,10240.0,Air compressor,2.0,Air polluting installations,Environmental relevant,,Permit renewal pending; operations continue under existing permit.,,2024-06-23 00:00:00.000,2026-07-10 08:00:00.000
3392,79,Synthetic Site 079,True,PL,3002,SI_D_ED,2024,Y,Approved,PLN,,Biological treatment unit,2.0,Waste water treatment plants,Subject to authorization,,,,2024-06-23 00:00:00.000,2026-07-10 08:00:00.000
3392,79,Synthetic Site 079,True,PL,3002,SI_D_ED,2024,Y,Approved,PLN,10242.0,Sewage treatment plant,6.0,Waste water treatment plants,Subject to authorization,WHG,Annual review: installation within permitted limits.,,2024-06-23 00:00:00.000,2026-07-10 08:00:00.000
3392,79,Synthetic Site 079,True,PL,3002,SI_D_ED,2024,Y,Approved,PLN,10243.0,,,Other plants,Notifiable,BetrSichV,Documentation updated following last audit.,,2024-06-23 00:00:00.000,2026-07-10 08:00:00.000
3393,79,Synthetic Site 079,True,PL,3002,SI_D_ED,2025,Y,Approved,PLN,10244.0,,,Air polluting installations,Environmental relevant,BImSchV,Permit renewal pending; operations continue under existing permit.,,2024-12-12 00:00:00.000,2026-07-10 08:00:00.000
3393,79,Synthetic Site 079,True,PL,3002,SI_D_ED,2025,Y,Approved,PLN,,Biological treatment unit,1.0,Waste water treatment plants,Subject to authorization,WHG-VawS,Annual review: installation within permitted limits.,,2024-12-12 00:00:00.000,2026-07-10 08:00:00.000
3393,79,Synthetic Site 079,True,PL,3002,SI_D_ED,2025,Y,Approved,PLN,10246.0,Sewage treatment plant,1.0,Waste water treatment plants,Subject to authorization,WHG,,,2024-12-12 00:00:00.000,2026-07-10 08:00:00.000
3393,79,Synthetic Site 079,True,PL,3002,SI_D_ED,2025,Y,Approved,PLN,10247.0,,,Other plants,Notifiable,BetrSichV,,,2024-12-12 00:00:00.000,2026-07-10 08:00:00.000
3394,79,Synthetic Site 079,True,PL,3002,SI_D_ED,2026,Y,Approved,PLN,10248.0,Air compressor,3.0,Air polluting installations,Environmental relevant,,Permit renewal pending; operations continue under existing permit.,,2025-12-04 00:00:00.000,2026-07-10 08:00:00.000
3394,79,Synthetic Site 079,True,PL,3002,SI_D_ED,2026,Y,Approved,PLN,10249.0,Biological treatment unit,3.0,Waste water treatment plants,Subject to authorization,WHG-VawS,,,2025-12-04 00:00:00.000,
3394,79,Synthetic Site 079,True,PL,3002,SI_D_ED,2026,Y,Approved,PLN,10250.0,Sewage treatment plant,1.0,Waste water treatment plants,Subject to authorization,WHG,Annual review: installation within permitted limits.,,2025-12-04 00:00:00.000,2026-07-10 08:00:00.000
3394,79,Synthetic Site 079,True,PL,3002,SI_D_ED,2026,Y,Approved,PLN,10251.0,Emergency power unit,2.0,Other plants,Notifiable,BetrSichV,Documentation updated following last audit.,,2025-12-04 00:00:00.000,2026-07-10 08:00:00.000
3395,80,Synthetic Site 080,True,FR,3009,SI_D_EV,2022,Y,Approved,EUR,10252.0,Compressed gas cylinder store,1.0,Other plants,Notifiable,AwSV,,,2021-11-19 00:00:00.000,2026-07-10 08:00:00.000
3395,80,Synthetic Site 080,True,FR,3009,SI_D_EV,2022,Y,Approved,EUR,10253.0,,,Waste water treatment plants,Subject to authorization,WHG-VawS,,,2021-11-19 00:00:00.000,2026-07-10 08:00:00.000
3396,80,Synthetic Site 080,True,FR,3009,SI_D_EV,2023,Y,Approved,EUR,10254.0,Compressed gas cylinder store,2.0,Other plants,Notifiable,AwSV,,,2023-03-02 00:00:00.000,2026-07-10 08:00:00.000
3396,80,Synthetic Site 080,True,FR,3009,SI_D_EV,2023,Y,Approved,EUR,10255.0,Biological treatment unit,2.0,Waste water treatment plants,Subject to authorization,,Minor maintenance scheduled for next quarter.,,2023-03-02 00:00:00.000,2026-07-10 08:00:00.000
3397,80,Synthetic Site 080,True,FR,3009,SI_D_EV,2024,Y,Approved,EUR,10256.0,Compressed gas cylinder store,4.0,Other plants,Notifiable,AwSV,Routine inspection completed; no non-conformities found.,,2023-11-24 00:00:00.000,
3397,80,Synthetic Site 080,True,FR,3009,SI_D_EV,2024,Y,Approved,EUR,10257.0,Biological treatment unit,1.0,Waste water treatment plants,Subject to authorization,WHG-VawS,Minor maintenance scheduled for next quarter.,,2023-11-24 00:00:00.000,2026-07-10 08:00:00.000
3398,80,Synthetic Site 080,True,FR,3009,SI_D_EV,2025,Y,Approved,EUR,10258.0,Compressed gas cylinder store,3.0,Other plants,Notifiable,AwSV,,,2024-11-01 00:00:00.000,2026-07-10 08:00:00.000
3398,80,Synthetic Site 080,True,FR,3009,SI_D_EV,2025,Y,Approved,EUR,10259.0,Biological treatment unit,2.0,,,,,,2024-11-01 00:00:00.000,2026-07-10 08:00:00.000
3399,80,Synthetic Site 080,True,FR,3009,SI_D_EV,2026,Y,Approved,EUR,10260.0,Compressed gas cylinder store,2.0,Other plants,Notifiable,,Routine inspection completed; no non-conformities found.,,,2026-07-10 08:00:00.000
3399,80,Synthetic Site 080,True,FR,3009,SI_D_EV,2026,Y,Approved,EUR,10261.0,Biological treatment unit,2.0,Waste water treatment plants,Subject to authorization,WHG-VawS,,,2026-08-25 00:00:00.000,
