report_id,location_id,location_name,fiscal_year,fiscal_quarter,status,creation_date,edition_date,approval_date,currency,type_of_production,report_scope,remark,source_last_updated,load_date
1000,1,Synthetic Site 001,2022,Q1,Approved,2021-11-15 00:00:00.000,2021-12-11 00:00:00.000,2021-12-07 00:00:00.000,EUR,Assembling,,,2021-12-15 00:00:00.000,2026-07-10 08:00:00.000
1001,1,Synthetic Site 001,2022,Q2,Approved,2022-01-22 00:00:00.000,2022-03-19 00:00:00.000,2022-04-05 00:00:00.000,EUR,Assembling,,,2022-03-21 00:00:00.000,2026-07-10 08:00:00.000
1002,1,Synthetic Site 001,2022,Q3,Approved,2022-05-16 00:00:00.000,2022-06-06 00:00:00.000,2022-05-11 00:00:00.000,EUR,Assembling,,,2022-06-11 00:00:00.000,2026-07-10 08:00:00.000
1003,1,Synthetic Site 001,2022,Q4,Approved,2022-07-29 00:00:00.000,2022-09-26 00:00:00.000,2022-09-21 00:00:00.000,EUR,Assembling,,,2022-09-24 00:00:00.000,2026-07-10 08:00:00.000
1004,1,Synthetic Site 001,2023,Q1,Approved,2022-10-23 00:00:00.000,2022-12-12 00:00:00.000,2022-12-20 00:00:00.000,EUR,Assembling,,,2022-12-14 00:00:00.000,2026-07-10 08:00:00.000
1005,1,Synthetic Site 001,2023,Q2,Approved,2023-02-20 00:00:00.000,2023-02-20 00:00:00.000,2023-03-10 00:00:00.000,EUR,Assembling,,,2023-02-23 00:00:00.000,2026-07-10 08:00:00.000
1006,1,Synthetic Site 001,2023,Q3,Approved,2023-05-14 00:00:00.000,2023-06-11 00:00:00.000,2023-07-03 00:00:00.000,EUR,Assembling,,,2023-06-12 00:00:00.000,2026-07-10 08:00:00.000
1007,1,Synthetic Site 001,2023,Q4,Approved,2023-07-25 00:00:00.000,2023-08-18 00:00:00.000,2023-09-17 00:00:00.000,EUR,Assembling,,,2023-08-22 00:00:00.000,2026-07-10 08:00:00.000
1008,1,Synthetic Site 001,2024,Q1,Approved,2023-11-03 00:00:00.000,2023-11-27 00:00:00.000,2023-11-22 00:00:00.000,EUR,Assembling,,,2023-11-30 00:00:00.000,2026-07-10 08:00:00.000
1009,1,Synthetic Site 001,2024,Q2,Approved,2024-02-05 00:00:00.000,2024-03-18 00:00:00.000,2024-03-18 00:00:00.000,EUR,Assembling,,,2024-03-17 00:00:00.000,2026-07-10 08:00:00.000
1010,1,Synthetic Site 001,2024,Q3,Approved,2024-05-05 00:00:00.000,2024-06-16 00:00:00.000,2024-06-13 00:00:00.000,EUR,Assembling,,,2024-06-13 00:00:00.000,2026-07-10 08:00:00.000
1011,1,Synthetic Site 001,2024,Q4,Approved,2024-08-13 00:00:00.000,2024-08-25 00:00:00.000,2024-09-08 00:00:00.000,EUR,Assembling,,,2024-08-23 00:00:00.000,2026-07-10 08:00:00.000
1012,1,Synthetic Site 001,2025,Q1,Approved,2024-10-20 00:00:00.000,2024-11-28 00:00:00.000,2024-12-06 00:00:00.000,EUR,Assembling,,,2024-11-23 00:00:00.000,2026-07-10 08:00:00.000
1013,1,Synthetic Site 001,2025,Q2,Approved,2025-01-27 00:00:00.000,2025-03-24 00:00:00.000,2025-04-23 00:00:00.000,EUR,Assembling,Site-level environmental report covering all activities.,,2025-03-25 00:00:00.000,2026-07-10 08:00:00.000
1014,1,Synthetic Site 001,2025,Q3,Approved,2025-05-14 00:00:00.000,2025-06-12 00:00:00.000,2025-06-08 00:00:00.000,EUR,Assembling,,,2025-06-17 00:00:00.000,2026-07-10 08:00:00.000
1015,1,Synthetic Site 001,2025,Q4,Approved,2025-07-13 00:00:00.000,2025-09-05 00:00:00.000,2025-09-08 00:00:00.000,EUR,Assembling,,,2025-09-01 00:00:00.000,2026-07-10 08:00:00.000
1016,1,Synthetic Site 001,2026,Q1,Approved,2025-11-13 00:00:00.000,2026-01-07 00:00:00.000,2026-02-05 00:00:00.000,EUR,Assembling,,,2026-01-04 00:00:00.000,2026-07-10 08:00:00.000
1017,1,Synthetic Site 001,2026,Q2,Approved,2026-02-11 00:00:00.000,2026-03-14 00:00:00.000,2026-04-08 00:00:00.000,EUR,Assembling,,,2026-03-11 00:00:00.000,2026-07-10 08:00:00.000
1018,1,Synthetic Site 001,2026,Q3,Approved,2026-04-24 00:00:00.000,2026-06-17 00:00:00.000,2026-05-25 00:00:00.000,EUR,Assembling,,,2026-06-17 00:00:00.000,2026-07-10 08:00:00.000
1019,1,Synthetic Site 001,2026,Q4,Approved,2026-08-25 00:00:00.000,2026-09-08 00:00:00.000,2026-08-10 00:00:00.000,EUR,Assembling,,,2026-09-04 00:00:00.000,2026-07-10 08:00:00.000
1020,2,Synthetic Site 002,2022,Q1,Approved,2021-10-30 00:00:00.000,2021-12-28 00:00:00.000,2021-12-28 00:00:00.000,EUR,,,,2021-12-28 00:00:00.000,2026-07-10 08:00:00.000
1021,2,Synthetic Site 002,2022,Q2,Approved,2022-02-18 00:00:00.000,2022-03-25 00:00:00.000,2022-03-20 00:00:00.000,EUR,Mechanical Production,,,2022-03-22 00:00:00.000,2026-07-10 08:00:00.000
1022,2,Synthetic Site 002,2022,Q3,Approved,2022-04-20 00:00:00.000,2022-05-19 00:00:00.000,2022-05-20 00:00:00.000,EUR,Mechanical Production,,,2022-05-21 00:00:00.000,2026-07-10 08:00:00.000
1023,2,Synthetic Site 002,2022,Q4,Approved,2022-08-16 00:00:00.000,2022-09-10 00:00:00.000,2022-08-11 00:00:00.000,EUR,Mechanical Production,,,2022-09-15 00:00:00.000,2026-07-10 08:00:00.000
1024,2,Synthetic Site 002,2023,Q1,Approved,2022-10-27 00:00:00.000,2022-12-14 00:00:00.000,2022-12-12 00:00:00.000,EUR,Mechanical Production,,,2022-12-11 00:00:00.000,2026-07-10 08:00:00.000
1025,2,Synthetic Site 002,2023,Q2,Approved,2023-02-27 00:00:00.000,2023-04-20 00:00:00.000,2023-04-06 00:00:00.000,EUR,Mechanical Production,,,2023-04-19 00:00:00.000,2026-07-10 08:00:00.000
1026,2,Synthetic Site 002,2023,Q3,Approved,2023-04-22 00:00:00.000,2023-06-11 00:00:00.000,2023-05-31 00:00:00.000,EUR,Mechanical Production,,,2023-06-09 00:00:00.000,2026-07-10 08:00:00.000
1027,2,Synthetic Site 002,2023,Q4,Approved,2023-07-21 00:00:00.000,2023-07-31 00:00:00.000,2023-08-20 00:00:00.000,EUR,Mechanical Production,,,2023-07-26 00:00:00.000,2026-07-10 08:00:00.000
1028,2,Synthetic Site 002,2024,Q1,Approved,2023-11-07 00:00:00.000,2023-11-18 00:00:00.000,2023-12-12 00:00:00.000,EUR,Mechanical Production,,,2023-11-15 00:00:00.000,2026-07-10 08:00:00.000
1029,2,Synthetic Site 002,2024,Q2,Approved,2024-01-18 00:00:00.000,2024-01-21 00:00:00.000,2024-01-15 00:00:00.000,EUR,Mechanical Production,,,2024-01-26 00:00:00.000,2026-07-10 08:00:00.000
1030,2,Synthetic Site 002,2024,Q3,Approved,2024-05-16 00:00:00.000,2024-05-24 00:00:00.000,2024-06-13 00:00:00.000,EUR,Mechanical Production,,,2024-05-24 00:00:00.000,2026-07-10 08:00:00.000
1031,2,Synthetic Site 002,2024,Q4,Approved,2024-07-19 00:00:00.000,2024-08-13 00:00:00.000,2024-08-19 00:00:00.000,EUR,Mechanical Production,,,2024-08-10 00:00:00.000,2026-07-10 08:00:00.000
1032,2,Synthetic Site 002,2025,Q1,Approved,2024-11-24 00:00:00.000,2024-12-23 00:00:00.000,2025-01-08 00:00:00.000,EUR,Mechanical Production,,,2024-12-21 00:00:00.000,2026-07-10 08:00:00.000
1033,2,Synthetic Site 002,2025,Q2,Approved,2025-01-15 00:00:00.000,2025-01-27 00:00:00.000,2025-02-02 00:00:00.000,EUR,Mechanical Production,,,2025-01-29 00:00:00.000,2026-07-10 08:00:00.000
1034,2,Synthetic Site 002,2025,Q3,Approved,2025-05-28 00:00:00.000,2025-07-25 00:00:00.000,2025-07-05 00:00:00.000,EUR,Mechanical Production,,,2025-07-28 00:00:00.000,2026-07-10 08:00:00.000
1035,2,Synthetic Site 002,2025,Q4,Approved,2025-07-20 00:00:00.000,2025-07-30 00:00:00.000,2025-07-07 00:00:00.000,EUR,Mechanical Production,,,2025-07-31 00:00:00.000,2026-07-10 08:00:00.000
1036,2,Synthetic Site 002,2026,Q1,Approved,2025-11-23 00:00:00.000,2025-11-30 00:00:00.000,2025-12-17 00:00:00.000,EUR,Mechanical Production,,,2025-11-26 00:00:00.000,2026-07-10 08:00:00.000
1037,2,Synthetic Site 002,2026,Q2,Approved,2026-02-12 00:00:00.000,2026-02-28 00:00:00.000,2026-03-18 00:00:00.000,EUR,Mechanical Production,,,2026-02-27 00:00:00.000,2026-07-10 08:00:00.000
1038,2,Synthetic Site 002,2026,Q3,Approved,2026-05-27 00:00:00.000,2026-07-23 00:00:00.000,2026-07-15 00:00:00.000,EUR,Mechanical Production,,,2026-07-26 00:00:00.000,2026-07-10 08:00:00.000
1039,2,Synthetic Site 002,2026,Q4,Approved,2026-07-18 00:00:00.000,2026-07-25 00:00:00.000,2026-07-24 00:00:00.000,EUR,,,,2026-07-26 00:00:00.000,2026-07-10 08:00:00.000
1040,3,Synthetic Site 003,2022,Q1,Approved,2021-11-08 00:00:00.000,2022-01-03 00:00:00.000,2022-01-18 00:00:00.000,EUR,Office/Administration,,,2022-01-06 00:00:00.000,2026-07-10 08:00:00.000
1041,3,Synthetic Site 003,2022,Q2,Approved,2022-01-20 00:00:00.000,2022-02-28 00:00:00.000,2022-03-08 00:00:00.000,EUR,Office/Administration,,,2022-02-23 00:00:00.000,2026-07-10 08:00:00.000
1042,3,Synthetic Site 003,2022,Q3,Approved,2022-05-25 00:00:00.000,2022-05-27 00:00:00.000,2022-04-27 00:00:00.000,EUR,Office/Administration,,,2022-05-22 00:00:00.000,2026-07-10 08:00:00.000
1043,3,Synthetic Site 003,2022,Q4,Approved,2022-07-18 00:00:00.000,2022-09-03 00:00:00.000,2022-09-24 00:00:00.000,EUR,Office/Administration,,,2022-09-05 00:00:00.000,2026-07-10 08:00:00.000
1044,3,Synthetic Site 003,2023,Q1,Approved,2022-11-05 00:00:00.000,2022-11-14 00:00:00.000,2022-12-03 00:00:00.000,EUR,Office/Administration,,,2022-11-17 00:00:00.000,2026-07-10 08:00:00.000
1045,3,Synthetic Site 003,2023,Q2,Approved,2023-01-24 00:00:00.000,2023-03-18 00:00:00.000,2023-03-15 00:00:00.000,EUR,Office/Administration,,,2023-03-20 00:00:00.000,2026-07-10 08:00:00.000
1046,3,Synthetic Site 003,2023,Q3,Approved,2023-05-04 00:00:00.000,2023-05-12 00:00:00.000,2023-04-27 00:00:00.000,EUR,Office/Administration,,,2023-05-17 00:00:00.000,2026-07-10 08:00:00.000
1047,3,Synthetic Site 003,2023,Q4,Approved,2023-08-24 00:00:00.000,2023-09-21 00:00:00.000,2023-08-29 00:00:00.000,EUR,Office/Administration,,,2023-09-17 00:00:00.000,2026-07-10 08:00:00.000
1048,3,Synthetic Site 003,2024,Q1,Approved,2023-11-23 00:00:00.000,2023-12-06 00:00:00.000,2024-01-02 00:00:00.000,EUR,Office/Administration,,,2023-12-07 00:00:00.000,2026-07-10 08:00:00.000
1049,3,Synthetic Site 003,2024,Q2,Approved,2024-02-08 00:00:00.000,2024-03-18 00:00:00.000,2024-03-23 00:00:00.000,EUR,Office/Administration,,,2024-03-20 00:00:00.000,2026-07-10 08:00:00.000
1050,3,Synthetic Site 003,2024,Q3,Approved,2024-05-08 00:00:00.000,2024-07-01 00:00:00.000,2024-06-08 00:00:00.000,EUR,Office/Administration,,,2024-07-06 00:00:00.000,2026-07-10 08:00:00.000
1051,3,Synthetic Site 003,2024,Q4,Approved,2024-08-20 00:00:00.000,2024-10-10 00:00:00.000,2024-10-30 00:00:00.000,EUR,Office/Administration,,,2024-10-05 00:00:00.000,2026-07-10 08:00:00.000
1052,3,Synthetic Site 003,2025,Q1,Approved,2024-11-04 00:00:00.000,2024-11-26 00:00:00.000,2024-12-09 00:00:00.000,EUR,Office/Administration,,,2024-11-22 00:00:00.000,2026-07-10 08:00:00.000
1053,3,Synthetic Site 003,2025,Q2,Approved,2025-01-20 00:00:00.000,2025-03-04 00:00:00.000,2025-03-19 00:00:00.000,EUR,,,,2025-03-03 00:00:00.000,2026-07-10 08:00:00.000
1054,3,Synthetic Site 003,2025,Q3,Approved,2025-05-28 00:00:00.000,2025-06-30 00:00:00.000,2025-06-12 00:00:00.000,EUR,Office/Administration,,,2025-07-04 00:00:00.000,2026-07-10 08:00:00.000
1055,3,Synthetic Site 003,2025,Q4,Approved,2025-08-24 00:00:00.000,2025-09-02 00:00:00.000,2025-08-21 00:00:00.000,EUR,Office/Administration,,,2025-08-29 00:00:00.000,2026-07-10 08:00:00.000
1056,3,Synthetic Site 003,2026,Q1,Approved,2025-10-28 00:00:00.000,2025-11-11 00:00:00.000,2025-12-02 00:00:00.000,EUR,Office/Administration,,,2025-11-15 00:00:00.000,2026-07-10 08:00:00.000
1057,3,Synthetic Site 003,2026,Q2,Approved,2026-02-25 00:00:00.000,2026-04-17 00:00:00.000,2026-04-07 00:00:00.000,EUR,Office/Administration,,,2026-04-17 00:00:00.000,2026-07-10 08:00:00.000
1058,3,Synthetic Site 003,2026,Q3,Approved,2026-05-23 00:00:00.000,2026-06-24 00:00:00.000,2026-06-25 00:00:00.000,EUR,Office/Administration,,,2026-06-20 00:00:00.000,2026-07-10 08:00:00.000
1059,3,Synthetic Site 003,2026,Q4,Approved,2026-08-13 00:00:00.000,2026-09-09 00:00:00.000,2026-09-04 00:00:00.000,EUR,,,,2026-09-07 00:00:00.000,2026-07-10 08:00:00.000
1060,4,Synthetic Site 004,2022,Q1,Approved,2021-11-30 00:00:00.000,2022-01-15 00:00:00.000,2022-01-24 00:00:00.000,BRL,Other,,,2022-01-19 00:00:00.000,2026-07-10 08:00:00.000
1061,4,Synthetic Site 004,2022,Q2,Approved,2022-02-27 00:00:00.000,2022-04-07 00:00:00.000,2022-04-02 00:00:00.000,BRL,Other,,,2022-04-12 00:00:00.000,2026-07-10 08:00:00.000
1062,4,Synthetic Site 004,2022,Q3,Approved,2022-05-28 00:00:00.000,2022-06-26 00:00:00.000,2022-07-19 00:00:00.000,BRL,Other,,,2022-07-01 00:00:00.000,2026-07-10 08:00:00.000
1063,4,Synthetic Site 004,2022,Q4,Approved,2022-08-02 00:00:00.000,2022-09-21 00:00:00.000,2022-09-05 00:00:00.000,BRL,Other,,,2022-09-16 00:00:00.000,2026-07-10 08:00:00.000
1064,4,Synthetic Site 004,2023,Q1,Approved,2022-11-03 00:00:00.000,2022-12-21 00:00:00.000,2022-12-14 00:00:00.000,BRL,Other,,Partial-year data; annual figure estimated.,2022-12-16 00:00:00.000,2026-07-10 08:00:00.000
1065,4,Synthetic Site 004,2023,Q2,Approved,2023-02-15 00:00:00.000,2023-04-10 00:00:00.000,2023-04-17 00:00:00.000,BRL,Other,,,2023-04-12 00:00:00.000,2026-07-10 08:00:00.000
1066,4,Synthetic Site 004,2023,Q3,Approved,2023-05-09 00:00:00.000,2023-07-02 00:00:00.000,2023-07-24 00:00:00.000,BRL,Other,,,2023-06-29 00:00:00.000,2026-07-10 08:00:00.000
1067,4,Synthetic Site 004,2023,Q4,Approved,2023-07-18 00:00:00.000,2023-08-22 00:00:00.000,2023-08-03 00:00:00.000,BRL,Other,,,2023-08-27 00:00:00.000,2026-07-10 08:00:00.000
1068,4,Synthetic Site 004,2024,Q1,Approved,2023-11-01 00:00:00.000,2023-11-13 00:00:00.000,2023-11-16 00:00:00.000,BRL,Other,,,2023-11-08 00:00:00.000,2026-07-10 08:00:00.000
1069,4,Synthetic Site 004,2024,Q2,Approved,2024-01-29 00:00:00.000,2024-03-23 00:00:00.000,2024-03-16 00:00:00.000,BRL,Other,,,2024-03-20 00:00:00.000,2026-07-10 08:00:00.000
1070,4,Synthetic Site 004,2024,Q3,Approved,2024-04-26 00:00:00.000,2024-05-15 00:00:00.000,2024-04-25 00:00:00.000,BRL,Other,,,2024-05-11 00:00:00.000,2026-07-10 08:00:00.000
1071,4,Synthetic Site 004,2024,Q4,Approved,2024-08-08 00:00:00.000,2024-09-18 00:00:00.000,2024-09-03 00:00:00.000,BRL,Other,,,2024-09-21 00:00:00.000,2026-07-10 08:00:00.000
1072,4,Synthetic Site 004,2025,Q1,Approved,2024-11-27 00:00:00.000,2024-12-23 00:00:00.000,2024-12-01 00:00:00.000,BRL,Other,,,2024-12-18 00:00:00.000,2026-07-10 08:00:00.000
1073,4,Synthetic Site 004,2025,Q2,Approved,2025-01-16 00:00:00.000,2025-01-19 00:00:00.000,2025-02-09 00:00:00.000,BRL,Other,,,2025-01-15 00:00:00.000,2026-07-10 08:00:00.000
1074,4,Synthetic Site 004,2025,Q3,In Work,2025-04-27 00:00:00.000,2025-05-03 00:00:00.000,,,Other,,,2025-05-02 00:00:00.000,2026-07-10 08:00:00.000
1075,4,Synthetic Site 004,2025,Q4,Approved,2025-08-21 00:00:00.000,2025-09-03 00:00:00.000,2025-08-23 00:00:00.000,BRL,Other,,,2025-09-04 00:00:00.000,2026-07-10 08:00:00.000
1076,4,Synthetic Site 004,2026,Q1,Approved,2025-10-27 00:00:00.000,2025-11-07 00:00:00.000,2025-10-17 00:00:00.000,BRL,Other,Covers manufacturing and support operations on-site.,,2025-11-08 00:00:00.000,2026-07-10 08:00:00.000
1077,4,Synthetic Site 004,2026,Q2,Approved,2026-01-16 00:00:00.000,2026-01-21 00:00:00.000,2026-01-25 00:00:00.000,BRL,,,,2026-01-18 00:00:00.000,2026-07-10 08:00:00.000
1078,4,Synthetic Site 004,2026,Q3,Approved,2026-05-11 00:00:00.000,2026-05-26 00:00:00.000,2026-06-21 00:00:00.000,BRL,Other,,,2026-05-27 00:00:00.000,2026-07-10 08:00:00.000
1079,4,Synthetic Site 004,2026,Q4,Approved,2026-08-02 00:00:00.000,2026-09-02 00:00:00.000,2026-08-28 00:00:00.000,BRL,Other,,,2026-09-03 00:00:00.000,2026-07-10 08:00:00.000
1080,5,Synthetic Site 005,2022,Q1,Approved,2021-10-30 00:00:00.000,2021-12-19 00:00:00.000,2021-12-08 00:00:00.000,AUD,Assembling,,,2021-12-15 00:00:00.000,2026-07-10 08:00:00.000
1081,5,Synthetic Site 005,2022,Q2,In Work,2022-02-23 00:00:00.000,2022-04-20 00:00:00.000,,AUD,Assembling,,,2022-04-15 00:00:00.000,2026-07-10 08:00:00.000
1082,5,Synthetic Site 005,2022,Q3,Approved,2022-05-17 00:00:00.000,2022-05-20 00:00:00.000,2022-05-17 00:00:00.000,AUD,Assembling,,,2022-05-21 00:00:00.000,2026-07-10 08:00:00.000
1083,5,Synthetic Site 005,2022,Q4,Approved,2022-08-10 00:00:00.000,2022-09-16 00:00:00.000,2022-08-28 00:00:00.000,AUD,Assembling,,,2022-09-17 00:00:00.000,2026-07-10 08:00:00.000
1084,5,Synthetic Site 005,2023,Q1,Approved,2022-11-28 00:00:00.000,2022-11-28 00:00:00.000,2022-10-31 00:00:00.000,AUD,Assembling,,,2022-12-01 00:00:00.000,2026-07-10 08:00:00.000
1085,5,Synthetic Site 005,2023,Q2,Approved,2023-01-26 00:00:00.000,2023-02-05 00:00:00.000,2023-02-16 00:00:00.000,AUD,Assembling,,,2023-02-02 00:00:00.000,2026-07-10 08:00:00.000
1086,5,Synthetic Site 005,2023,Q3,Approved,2023-04-18 00:00:00.000,2023-06-02 00:00:00.000,2023-06-11 00:00:00.000,AUD,Assembling,,,2023-06-05 00:00:00.000,2026-07-10 08:00:00.000
1087,5,Synthetic Site 005,2023,Q4,Approved,2023-08-01 00:00:00.000,2023-09-15 00:00:00.000,2023-09-12 00:00:00.000,AUD,Assembling,,,2023-09-10 00:00:00.000,2026-07-10 08:00:00.000
1088,5,Synthetic Site 005,2024,Q1,Approved,2023-11-02 00:00:00.000,2023-11-26 00:00:00.000,2023-10-27 00:00:00.000,AUD,Assembling,,,2023-11-27 00:00:00.000,2026-07-10 08:00:00.000
1089,5,Synthetic Site 005,2024,Q2,Approved,2024-01-16 00:00:00.000,2024-02-05 00:00:00.000,2024-01-07 00:00:00.000,AUD,Assembling,,,2024-02-10 00:00:00.000,2026-07-10 08:00:00.000
1090,5,Synthetic Site 005,2024,Q3,Approved,2024-04-15 00:00:00.000,2024-05-13 00:00:00.000,2024-05-10 00:00:00.000,AUD,Assembling,,,2024-05-10 00:00:00.000,2026-07-10 08:00:00.000
1091,5,Synthetic Site 005,2024,Q4,Approved,2024-07-26 00:00:00.000,2024-09-10 00:00:00.000,2024-08-29 00:00:00.000,AUD,Assembling,,,2024-09-14 00:00:00.000,2026-07-10 08:00:00.000
1092,5,Synthetic Site 005,2025,Q1,Approved,2024-11-04 00:00:00.000,2024-11-09 00:00:00.000,2024-11-28 00:00:00.000,AUD,Assembling,,,2024-11-13 00:00:00.000,2026-07-10 08:00:00.000
1093,5,Synthetic Site 005,2025,Q2,Approved,2025-02-17 00:00:00.000,2025-03-07 00:00:00.000,2025-03-28 00:00:00.000,AUD,Assembling,,,2025-03-06 00:00:00.000,2026-07-10 08:00:00.000
1094,5,Synthetic Site 005,2025,Q3,Approved,2025-05-01 00:00:00.000,2025-05-17 00:00:00.000,2025-04-27 00:00:00.000,AUD,Assembling,,,2025-05-21 00:00:00.000,2026-07-10 08:00:00.000
1095,5,Synthetic Site 005,2025,Q4,Approved,2025-08-06 00:00:00.000,2025-09-07 00:00:00.000,2025-09-20 00:00:00.000,AUD,Assembling,,,2025-09-04 00:00:00.000,2026-07-10 08:00:00.000
1096,5,Synthetic Site 005,2026,Q1,Approved,2025-11-03 00:00:00.000,2025-12-05 00:00:00.000,2025-12-25 00:00:00.000,AUD,Assembling,,,2025-12-04 00:00:00.000,2026-07-10 08:00:00.000
1097,5,Synthetic Site 005,2026,Q2,Approved,2026-01-21 00:00:00.000,2026-02-05 00:00:00.000,2026-02-28 00:00:00.000,AUD,Assembling,,,2026-01-31 00:00:00.000,2026-07-10 08:00:00.000
1098,5,Synthetic Site 005,2026,Q3,Approved,2026-05-22 00:00:00.000,2026-07-21 00:00:00.000,2026-06-29 00:00:00.000,AUD,Assembling,,,2026-07-25 00:00:00.000,2026-07-10 08:00:00.000
1099,5,Synthetic Site 005,2026,Q4,Approved,2026-08-12 00:00:00.000,,2026-08-22 00:00:00.000,AUD,Assembling,,,2026-09-21 00:00:00.000,2026-07-10 08:00:00.000
1100,6,Synthetic Site 006,2022,Q1,Approved,2021-11-25 00:00:00.000,2021-11-28 00:00:00.000,2021-11-22 00:00:00.000,CNY,Mechanical Production,,,2021-11-28 00:00:00.000,2026-07-10 08:00:00.000
1101,6,Synthetic Site 006,2022,Q2,Approved,2022-01-27 00:00:00.000,2022-03-08 00:00:00.000,2022-03-18 00:00:00.000,CNY,Mechanical Production,,,2022-03-09 00:00:00.000,2026-07-10 08:00:00.000
1102,6,Synthetic Site 006,2022,Q3,Approved,2022-04-27 00:00:00.000,2022-06-20 00:00:00.000,2022-07-05 00:00:00.000,CNY,Mechanical Production,,,2022-06-23 00:00:00.000,2026-07-10 08:00:00.000
1103,6,Synthetic Site 006,2022,Q4,Approved,2022-08-23 00:00:00.000,2022-09-26 00:00:00.000,2022-09-05 00:00:00.000,CNY,Mechanical Production,,,2022-09-28 00:00:00.000,2026-07-10 08:00:00.000
1104,6,Synthetic Site 006,2023,Q1,Approved,2022-11-23 00:00:00.000,2022-11-28 00:00:00.000,2022-11-17 00:00:00.000,CNY,Mechanical Production,Includes all energy and emissions from site operations.,,2022-11-30 00:00:00.000,2026-07-10 08:00:00.000
1105,6,Synthetic Site 006,2023,Q2,Approved,2023-02-25 00:00:00.000,2023-04-06 00:00:00.000,2023-03-17 00:00:00.000,CNY,Mechanical Production,,,2023-04-02 00:00:00.000,2026-07-10 08:00:00.000
1106,6,Synthetic Site 006,2023,Q3,Approved,2023-05-19 00:00:00.000,2023-07-16 00:00:00.000,2023-07-21 00:00:00.000,CNY,Mechanical Production,,,2023-07-17 00:00:00.000,2026-07-10 08:00:00.000
1107,6,Synthetic Site 006,2023,Q4,Approved,2023-08-14 00:00:00.000,2023-10-06 00:00:00.000,2023-11-03 00:00:00.000,CNY,Mechanical Production,,,2023-10-07 00:00:00.000,2026-07-10 08:00:00.000
1108,6,Synthetic Site 006,2024,Q1,Approved,2023-11-22 00:00:00.000,2023-12-06 00:00:00.000,2023-11-30 00:00:00.000,CNY,Mechanical Production,,,2023-12-11 00:00:00.000,2026-07-10 08:00:00.000
1109,6,Synthetic Site 006,2024,Q2,Approved,2024-02-15 00:00:00.000,2024-02-29 00:00:00.000,2024-03-06 00:00:00.000,CNY,Mechanical Production,,,2024-03-02 00:00:00.000,2026-07-10 08:00:00.000
1110,6,Synthetic Site 006,2024,Q3,Approved,2024-04-29 00:00:00.000,2024-04-29 00:00:00.000,2024-04-01 00:00:00.000,CNY,Mechanical Production,,,2024-04-27 00:00:00.000,2026-07-10 08:00:00.000
1111,6,Synthetic Site 006,2024,Q4,Approved,2024-08-24 00:00:00.000,2024-09-02 00:00:00.000,2024-08-04 00:00:00.000,CNY,Mechanical Production,,,2024-09-01 00:00:00.000,2026-07-10 08:00:00.000
1112,6,Synthetic Site 006,2025,Q1,Approved,2024-10-26 00:00:00.000,2024-12-05 00:00:00.000,2024-12-02 00:00:00.000,CNY,Mechanical Production,,,2024-12-01 00:00:00.000,2026-07-10 08:00:00.000
1113,6,Synthetic Site 006,2025,Q2,Approved,2025-01-15 00:00:00.000,2025-03-16 00:00:00.000,2025-02-15 00:00:00.000,CNY,Mechanical Production,,,2025-03-16 00:00:00.000,2026-07-10 08:00:00.000
1114,6,Synthetic Site 006,2025,Q3,Approved,2025-05-19 00:00:00.000,2025-06-09 00:00:00.000,2025-05-29 00:00:00.000,CNY,Mechanical Production,,,2025-06-12 00:00:00.000,2026-07-10 08:00:00.000
1115,6,Synthetic Site 006,2025,Q4,Approved,2025-07-25 00:00:00.000,,2025-08-06 00:00:00.000,CNY,Mechanical Production,,,2025-08-06 00:00:00.000,2026-07-10 08:00:00.000
1116,6,Synthetic Site 006,2026,Q1,Approved,2025-10-20 00:00:00.000,2025-10-22 00:00:00.000,2025-10-12 00:00:00.000,CNY,Mechanical Production,,,2025-10-24 00:00:00.000,2026-07-10 08:00:00.000
1117,6,Synthetic Site 006,2026,Q2,Approved,2026-02-02 00:00:00.000,2026-02-26 00:00:00.000,2026-03-01 00:00:00.000,CNY,Mechanical Production,,,2026-03-01 00:00:00.000,2026-07-10 08:00:00.000
1118,6,Synthetic Site 006,2026,Q3,Approved,2026-05-13 00:00:00.000,2026-06-27 00:00:00.000,2026-07-25 00:00:00.000,CNY,Mechanical Production,,,2026-06-23 00:00:00.000,2026-07-10 08:00:00.000
1119,6,Synthetic Site 006,2026,Q4,Approved,2026-07-21 00:00:00.000,2026-08-17 00:00:00.000,2026-09-11 00:00:00.000,CNY,Mechanical Production,,,2026-08-16 00:00:00.000,2026-07-10 08:00:00.000
1120,7,Synthetic Site 007,2022,Q1,Approved,2021-10-16 00:00:00.000,2021-11-19 00:00:00.000,2021-12-04 00:00:00.000,EUR,Assembling,Includes all energy and emissions from site operations.,,2021-11-20 00:00:00.000,2026-07-10 08:00:00.000
1121,7,Synthetic Site 007,2022,Q2,Approved,2022-01-25 00:00:00.000,2022-03-12 00:00:00.000,2022-02-16 00:00:00.000,EUR,Assembling,,,2022-03-16 00:00:00.000,2026-07-10 08:00:00.000
1122,7,Synthetic Site 007,2022,Q3,Approved,2022-04-30 00:00:00.000,2022-04-30 00:00:00.000,2022-03-31 00:00:00.000,EUR,Assembling,,,2022-04-27 00:00:00.000,2026-07-10 08:00:00.000
1123,7,Synthetic Site 007,2022,Q4,Approved,2022-07-28 00:00:00.000,2022-08-10 00:00:00.000,2022-08-08 00:00:00.000,EUR,Assembling,,,2022-08-11 00:00:00.000,2026-07-10 08:00:00.000
1124,7,Synthetic Site 007,2023,Q1,Approved,2022-11-14 00:00:00.000,2023-01-05 00:00:00.000,2022-12-16 00:00:00.000,EUR,Assembling,,,2023-01-03 00:00:00.000,2026-07-10 08:00:00.000
1125,7,Synthetic Site 007,2023,Q2,Approved,2023-02-15 00:00:00.000,2023-02-21 00:00:00.000,2023-03-08 00:00:00.000,EUR,Assembling,,,2023-02-17 00:00:00.000,2026-07-10 08:00:00.000
1126,7,Synthetic Site 007,2023,Q3,Approved,2023-05-04 00:00:00.000,2023-05-06 00:00:00.000,2023-04-18 00:00:00.000,EUR,Assembling,,,2023-05-05 00:00:00.000,2026-07-10 08:00:00.000
1127,7,Synthetic Site 007,2023,Q4,Approved,2023-07-26 00:00:00.000,2023-09-23 00:00:00.000,2023-10-21 00:00:00.000,EUR,Assembling,,,2023-09-22 00:00:00.000,2026-07-10 08:00:00.000
1128,7,Synthetic Site 007,2024,Q1,Approved,2023-11-11 00:00:00.000,2023-12-02 00:00:00.000,2023-12-12 00:00:00.000,EUR,Assembling,,,2023-12-01 00:00:00.000,2026-07-10 08:00:00.000
1129,7,Synthetic Site 007,2024,Q2,Approved,2024-01-31 00:00:00.000,2024-02-28 00:00:00.000,2024-02-15 00:00:00.000,EUR,Assembling,,,2024-03-01 00:00:00.000,2026-07-10 08:00:00.000
1130,7,Synthetic Site 007,2024,Q3,Approved,2024-05-22 00:00:00.000,2024-06-04 00:00:00.000,2024-06-21 00:00:00.000,EUR,Assembling,,,2024-06-05 00:00:00.000,2026-07-10 08:00:00.000
1131,7,Synthetic Site 007,2024,Q4,Approved,2024-08-19 00:00:00.000,2024-09-11 00:00:00.000,2024-08-18 00:00:00.000,EUR,,,,2024-09-16 00:00:00.000,2026-07-10 08:00:00.000
1132,7,Synthetic Site 007,2025,Q1,Approved,2024-10-27 00:00:00.000,2024-11-26 00:00:00.000,2024-11-08 00:00:00.000,,Assembling,,,2024-11-26 00:00:00.000,2026-07-10 08:00:00.000
1133,7,Synthetic Site 007,2025,Q2,Approved,2025-02-02 00:00:00.000,2025-03-21 00:00:00.000,2025-02-28 00:00:00.000,EUR,Assembling,,,2025-03-21 00:00:00.000,2026-07-10 08:00:00.000
1134,7,Synthetic Site 007,2025,Q3,Approved,2025-04-19 00:00:00.000,2025-04-25 00:00:00.000,2025-04-18 00:00:00.000,EUR,Assembling,,,2025-04-28 00:00:00.000,2026-07-10 08:00:00.000
1135,7,Synthetic Site 007,2025,Q4,Approved,2025-08-22 00:00:00.000,2025-10-09 00:00:00.000,2025-09-22 00:00:00.000,EUR,Assembling,,,2025-10-13 00:00:00.000,2026-07-10 08:00:00.000
1136,7,Synthetic Site 007,2026,Q1,Approved,2025-11-13 00:00:00.000,2025-12-23 00:00:00.000,2025-11-29 00:00:00.000,EUR,Assembling,,,2025-12-22 00:00:00.000,2026-07-10 08:00:00.000
1137,7,Synthetic Site 007,2026,Q2,Approved,2026-01-22 00:00:00.000,2026-01-27 00:00:00.000,2026-01-28 00:00:00.000,EUR,Assembling,,,2026-02-01 00:00:00.000,2026-07-10 08:00:00.000
1138,7,Synthetic Site 007,2026,Q3,Approved,2026-04-20 00:00:00.000,2026-05-16 00:00:00.000,2026-05-08 00:00:00.000,EUR,Assembling,,,2026-05-11 00:00:00.000,2026-07-10 08:00:00.000
1139,7,Synthetic Site 007,2026,Q4,Approved,2026-07-27 00:00:00.000,2026-09-22 00:00:00.000,2026-10-08 00:00:00.000,EUR,Assembling,,,2026-09-26 00:00:00.000,2026-07-10 08:00:00.000
1140,8,Synthetic Site 008,2022,Q1,Approved,2021-11-21 00:00:00.000,2021-12-18 00:00:00.000,2022-01-17 00:00:00.000,BRL,Heavy Equipment,,,2021-12-13 00:00:00.000,2026-07-10 08:00:00.000
1141,8,Synthetic Site 008,2022,Q2,Approved,2022-02-07 00:00:00.000,2022-03-29 00:00:00.000,2022-03-06 00:00:00.000,BRL,Heavy Equipment,,,2022-04-03 00:00:00.000,2026-07-10 08:00:00.000
1142,8,Synthetic Site 008,2022,Q3,Approved,2022-05-04 00:00:00.000,2022-06-15 00:00:00.000,2022-07-01 00:00:00.000,BRL,Heavy Equipment,,,2022-06-15 00:00:00.000,2026-07-10 08:00:00.000
1143,8,Synthetic Site 008,2022,Q4,Approved,2022-07-21 00:00:00.000,2022-09-15 00:00:00.000,2022-10-05 00:00:00.000,BRL,Heavy Equipment,,,2022-09-16 00:00:00.000,2026-07-10 08:00:00.000
1144,8,Synthetic Site 008,2023,Q1,Approved,2022-10-17 00:00:00.000,2022-10-31 00:00:00.000,2022-11-04 00:00:00.000,BRL,Heavy Equipment,,,2022-10-26 00:00:00.000,2026-07-10 08:00:00.000
1145,8,Synthetic Site 008,2023,Q2,Approved,2023-02-06 00:00:00.000,2023-03-26 00:00:00.000,2023-04-17 00:00:00.000,BRL,Heavy Equipment,,,2023-03-27 00:00:00.000,2026-07-10 08:00:00.000
1146,8,Synthetic Site 008,2023,Q3,Approved,2023-04-28 00:00:00.000,2023-06-14 00:00:00.000,2023-05-22 00:00:00.000,BRL,Heavy Equipment,,,2023-06-14 00:00:00.000,2026-07-10 08:00:00.000
1147,8,Synthetic Site 008,2023,Q4,Approved,2023-08-14 00:00:00.000,2023-10-10 00:00:00.000,2023-10-26 00:00:00.000,BRL,Heavy Equipment,,,2023-10-07 00:00:00.000,2026-07-10 08:00:00.000
1148,8,Synthetic Site 008,2024,Q1,Approved,2023-11-27 00:00:00.000,2023-12-22 00:00:00.000,2024-01-20 00:00:00.000,BRL,Heavy Equipment,,,2023-12-17 00:00:00.000,2026-07-10 08:00:00.000
1149,8,Synthetic Site 008,2024,Q2,Approved,2024-02-15 00:00:00.000,2024-02-18 00:00:00.000,2024-03-07 00:00:00.000,BRL,Heavy Equipment,,,2024-02-22 00:00:00.000,2026-07-10 08:00:00.000
1150,8,Synthetic Site 008,2024,Q3,Approved,2024-05-18 00:00:00.000,2024-06-27 00:00:00.000,2024-07-23 00:00:00.000,BRL,Heavy Equipment,,,2024-07-02 00:00:00.000,2026-07-10 08:00:00.000
1151,8,Synthetic Site 008,2024,Q4,Approved,2024-07-28 00:00:00.000,2024-08-05 00:00:00.000,2024-07-29 00:00:00.000,BRL,Heavy Equipment,,,2024-08-02 00:00:00.000,2026-07-10 08:00:00.000
1152,8,Synthetic Site 008,2025,Q1,Approved,2024-11-03 00:00:00.000,2024-11-20 00:00:00.000,2024-11-10 00:00:00.000,BRL,Heavy Equipment,,,2024-11-20 00:00:00.000,2026-07-10 08:00:00.000
1153,8,Synthetic Site 008,2025,Q2,Approved,2025-01-25 00:00:00.000,2025-02-12 00:00:00.000,2025-02-05 00:00:00.000,BRL,Heavy Equipment,,,2025-02-08 00:00:00.000,2026-07-10 08:00:00.000
1154,8,Synthetic Site 008,2025,Q3,Approved,2025-05-04 00:00:00.000,2025-06-23 00:00:00.000,2025-06-09 00:00:00.000,BRL,Heavy Equipment,,,2025-06-20 00:00:00.000,2026-07-10 08:00:00.000
1155,8,Synthetic Site 008,2025,Q4,Approved,2025-07-29 00:00:00.000,2025-08-05 00:00:00.000,2025-07-06 00:00:00.000,BRL,Heavy Equipment,,,2025-08-04 00:00:00.000,2026-07-10 08:00:00.000
1156,8,Synthetic Site 008,2026,Q1,Approved,2025-11-13 00:00:00.000,2026-01-12 00:00:00.000,2026-01-10 00:00:00.000,BRL,Heavy Equipment,,,2026-01-13 00:00:00.000,2026-07-10 08:00:00.000
1157,8,Synthetic Site 008,2026,Q2,Approved,2026-02-05 00:00:00.000,2026-03-01 00:00:00.000,2026-02-26 00:00:00.000,BRL,Heavy Equipment,,,2026-03-02 00:00:00.000,2026-07-10 08:00:00.000
1158,8,Synthetic Site 008,2026,Q3,Approved,2026-04-19 00:00:00.000,2026-06-12 00:00:00.000,2026-05-22 00:00:00.000,BRL,Heavy Equipment,,,2026-06-10 00:00:00.000,2026-07-10 08:00:00.000
1159,8,Synthetic Site 008,2026,Q4,Approved,2026-07-23 00:00:00.000,2026-08-03 00:00:00.000,2026-08-18 00:00:00.000,BRL,Heavy Equipment,,,2026-07-29 00:00:00.000,2026-07-10 08:00:00.000
1160,9,Synthetic Site 009,2022,Q1,Approved,2021-11-27 00:00:00.000,2022-01-21 00:00:00.000,2022-02-06 00:00:00.000,RON,Assembling,,,2022-01-17 00:00:00.000,2026-07-10 08:00:00.000
1161,9,Synthetic Site 009,2022,Q2,Approved,,2022-03-02 00:00:00.000,2022-03-19 00:00:00.000,RON,Assembling,,,2022-03-05 00:00:00.000,2026-07-10 08:00:00.000
1162,9,Synthetic Site 009,2022,Q3,Approved,2022-04-23 00:00:00.000,2022-05-05 00:00:00.000,2022-05-29 00:00:00.000,RON,Assembling,,,2022-05-05 00:00:00.000,2026-07-10 08:00:00.000
1163,9,Synthetic Site 009,2022,Q4,Approved,2022-08-02 00:00:00.000,2022-08-31 00:00:00.000,2022-09-15 00:00:00.000,RON,Assembling,,,2022-09-04 00:00:00.000,2026-07-10 08:00:00.000
1164,9,Synthetic Site 009,2023,Q1,Approved,2022-10-20 00:00:00.000,2022-12-05 00:00:00.000,2023-01-03 00:00:00.000,RON,Assembling,,,2022-12-01 00:00:00.000,2026-07-10 08:00:00.000
1165,9,Synthetic Site 009,2023,Q2,Approved,2023-02-12 00:00:00.000,2023-02-28 00:00:00.000,2023-03-06 00:00:00.000,RON,Assembling,,,2023-02-26 00:00:00.000,2026-07-10 08:00:00.000
1166,9,Synthetic Site 009,2023,Q3,Approved,2023-04-17 00:00:00.000,2023-04-26 00:00:00.000,2023-05-13 00:00:00.000,RON,Assembling,,,2023-04-28 00:00:00.000,2026-07-10 08:00:00.000
1167,9,Synthetic Site 009,2023,Q4,Approved,2023-08-06 00:00:00.000,2023-08-24 00:00:00.000,2023-07-31 00:00:00.000,RON,Assembling,,,2023-08-25 00:00:00.000,2026-07-10 08:00:00.000
1168,9,Synthetic Site 009,2024,Q1,Approved,2023-11-30 00:00:00.000,2024-01-14 00:00:00.000,2023-12-17 00:00:00.000,RON,Assembling,,,2024-01-18 00:00:00.000,2026-07-10 08:00:00.000
1169,9,Synthetic Site 009,2024,Q2,Approved,2024-02-21 00:00:00.000,2024-04-09 00:00:00.000,2024-05-07 00:00:00.000,RON,Assembling,,,2024-04-14 00:00:00.000,2026-07-10 08:00:00.000
1170,9,Synthetic Site 009,2024,Q3,Approved,2024-05-20 00:00:00.000,2024-07-14 00:00:00.000,2024-06-23 00:00:00.000,RON,Assembling,,,2024-07-19 00:00:00.000,2026-07-10 08:00:00.000
1171,9,Synthetic Site 009,2024,Q4,Approved,2024-08-04 00:00:00.000,2024-09-21 00:00:00.000,2024-09-27 00:00:00.000,RON,Assembling,,,2024-09-20 00:00:00.000,2026-07-10 08:00:00.000
1172,9,Synthetic Site 009,2025,Q1,Approved,2024-11-28 00:00:00.000,2024-11-29 00:00:00.000,2024-11-26 00:00:00.000,RON,Assembling,,,2024-11-26 00:00:00.000,2026-07-10 08:00:00.000
1173,9,Synthetic Site 009,2025,Q2,Approved,2025-02-02 00:00:00.000,2025-03-31 00:00:00.000,2025-04-22 00:00:00.000,RON,Assembling,,,2025-03-26 00:00:00.000,2026-07-10 08:00:00.000
1174,9,Synthetic Site 009,2025,Q3,Approved,2025-05-20 00:00:00.000,2025-06-03 00:00:00.000,2025-06-21 00:00:00.000,RON,Assembling,,,2025-05-31 00:00:00.000,2026-07-10 08:00:00.000
1175,9,Synthetic Site 009,2025,Q4,Approved,2025-07-15 00:00:00.000,2025-08-23 00:00:00.000,2025-08-11 00:00:00.000,RON,Assembling,,,2025-08-20 00:00:00.000,2026-07-10 08:00:00.000
1176,9,Synthetic Site 009,2026,Q1,Approved,2025-11-22 00:00:00.000,2025-12-12 00:00:00.000,2026-01-01 00:00:00.000,RON,Assembling,,,2025-12-08 00:00:00.000,2026-07-10 08:00:00.000
1177,9,Synthetic Site 009,2026,Q2,Approved,2026-02-16 00:00:00.000,2026-03-23 00:00:00.000,2026-02-26 00:00:00.000,RON,Assembling,,,2026-03-26 00:00:00.000,2026-07-10 08:00:00.000
1178,9,Synthetic Site 009,2026,Q3,Approved,2026-04-17 00:00:00.000,2026-04-27 00:00:00.000,2026-04-22 00:00:00.000,RON,Assembling,,,2026-04-30 00:00:00.000,2026-07-10 08:00:00.000
1179,9,Synthetic Site 009,2026,Q4,Approved,2026-08-22 00:00:00.000,2026-10-07 00:00:00.000,2026-09-19 00:00:00.000,RON,Assembling,,,2026-10-05 00:00:00.000,2026-07-10 08:00:00.000
1180,10,Synthetic Site 010,2022,Q1,Approved,2021-11-05 00:00:00.000,2021-12-12 00:00:00.000,2021-11-21 00:00:00.000,EUR,Service,,,2021-12-13 00:00:00.000,2026-07-10 08:00:00.000
1181,10,Synthetic Site 010,2022,Q2,Approved,2022-02-28 00:00:00.000,2022-03-13 00:00:00.000,2022-03-03 00:00:00.000,EUR,Service,,,2022-03-12 00:00:00.000,2026-07-10 08:00:00.000
1182,10,Synthetic Site 010,2022,Q3,Approved,2022-05-17 00:00:00.000,2022-07-12 00:00:00.000,2022-08-07 00:00:00.000,EUR,Service,,,2022-07-12 00:00:00.000,2026-07-10 08:00:00.000
1183,10,Synthetic Site 010,2022,Q4,Approved,,2022-09-04 00:00:00.000,2022-10-03 00:00:00.000,EUR,Service,,,2022-09-09 00:00:00.000,2026-07-10 08:00:00.000
1184,10,Synthetic Site 010,2023,Q1,Approved,2022-11-17 00:00:00.000,2022-11-18 00:00:00.000,2022-11-01 00:00:00.000,EUR,Service,,,2022-11-19 00:00:00.000,2026-07-10 08:00:00.000
1185,10,Synthetic Site 010,2023,Q2,Approved,2023-01-21 00:00:00.000,2023-02-04 00:00:00.000,2023-01-20 00:00:00.000,EUR,Service,,,2023-02-08 00:00:00.000,2026-07-10 08:00:00.000
1186,10,Synthetic Site 010,2023,Q3,Approved,2023-05-13 00:00:00.000,2023-06-17 00:00:00.000,2023-07-02 00:00:00.000,EUR,Service,,,2023-06-22 00:00:00.000,2026-07-10 08:00:00.000
1187,10,Synthetic Site 010,2023,Q4,Approved,2023-07-23 00:00:00.000,2023-08-10 00:00:00.000,2023-09-06 00:00:00.000,EUR,Service,,,2023-08-09 00:00:00.000,2026-07-10 08:00:00.000
1188,10,Synthetic Site 010,2024,Q1,Approved,2023-10-24 00:00:00.000,2023-11-23 00:00:00.000,2023-11-28 00:00:00.000,EUR,Service,,,2023-11-25 00:00:00.000,2026-07-10 08:00:00.000
1189,10,Synthetic Site 010,2024,Q2,Approved,2024-01-16 00:00:00.000,2024-01-29 00:00:00.000,2024-01-05 00:00:00.000,EUR,Service,,,2024-02-01 00:00:00.000,2026-07-10 08:00:00.000
1190,10,Synthetic Site 010,2024,Q3,Approved,2024-05-25 00:00:00.000,2024-06-29 00:00:00.000,2024-07-18 00:00:00.000,EUR,Service,,,2024-06-24 00:00:00.000,2026-07-10 08:00:00.000
1191,10,Synthetic Site 010,2024,Q4,Approved,2024-07-17 00:00:00.000,2024-07-17 00:00:00.000,2024-07-20 00:00:00.000,EUR,Service,,,2024-07-13 00:00:00.000,2026-07-10 08:00:00.000
1192,10,Synthetic Site 010,2025,Q1,Approved,2024-11-25 00:00:00.000,2024-12-25 00:00:00.000,2024-12-29 00:00:00.000,EUR,Service,,,2024-12-23 00:00:00.000,2026-07-10 08:00:00.000
1193,10,Synthetic Site 010,2025,Q2,Approved,2025-02-08 00:00:00.000,2025-03-19 00:00:00.000,2025-03-04 00:00:00.000,EUR,Service,,,2025-03-20 00:00:00.000,2026-07-10 08:00:00.000
1194,10,Synthetic Site 010,2025,Q3,Approved,2025-05-23 00:00:00.000,2025-06-05 00:00:00.000,2025-06-10 00:00:00.000,EUR,Service,,,2025-06-05 00:00:00.000,2026-07-10 08:00:00.000
1195,10,Synthetic Site 010,2025,Q4,Approved,2025-08-05 00:00:00.000,2025-10-02 00:00:00.000,2025-10-03 00:00:00.000,EUR,Service,,,2025-09-27 00:00:00.000,2026-07-10 08:00:00.000
1196,10,Synthetic Site 010,2026,Q1,Approved,2025-11-28 00:00:00.000,2026-01-04 00:00:00.000,2026-01-03 00:00:00.000,EUR,Service,,,2026-01-03 00:00:00.000,2026-07-10 08:00:00.000
1197,10,Synthetic Site 010,2026,Q2,Approved,2026-02-08 00:00:00.000,2026-02-27 00:00:00.000,2026-03-25 00:00:00.000,EUR,Service,,,2026-03-04 00:00:00.000,2026-07-10 08:00:00.000
1198,10,Synthetic Site 010,2026,Q3,Approved,2026-05-27 00:00:00.000,2026-07-18 00:00:00.000,2026-07-28 00:00:00.000,EUR,Service,,,2026-07-17 00:00:00.000,2026-07-10 08:00:00.000
1199,10,Synthetic Site 010,2026,Q4,Approved,2026-08-02 00:00:00.000,2026-08-07 00:00:00.000,2026-08-17 00:00:00.000,EUR,Service,,,2026-08-09 00:00:00.000,2026-07-10 08:00:00.000
1200,11,Synthetic Site 011,2022,Q1,Approved,2021-10-30 00:00:00.000,2021-12-20 00:00:00.000,2021-11-22 00:00:00.000,DKK,Mechanical Production,,,2021-12-19 00:00:00.000,2026-07-10 08:00:00.000
1201,11,Synthetic Site 011,2022,Q2,Approved,2022-01-20 00:00:00.000,2022-01-22 00:00:00.000,2022-01-25 00:00:00.000,DKK,Mechanical Production,,,2022-01-20 00:00:00.000,2026-07-10 08:00:00.000
1202,11,Synthetic Site 011,2022,Q3,Approved,2022-04-29 00:00:00.000,2022-06-07 00:00:00.000,2022-06-23 00:00:00.000,,Mechanical Production,,,2022-06-03 00:00:00.000,2026-07-10 08:00:00.000
1203,11,Synthetic Site 011,2022,Q4,Approved,2022-07-19 00:00:00.000,2022-07-20 00:00:00.000,2022-07-28 00:00:00.000,DKK,Mechanical Production,,,2022-07-20 00:00:00.000,2026-07-10 08:00:00.000
1204,11,Synthetic Site 011,2023,Q1,Approved,2022-11-26 00:00:00.000,2022-12-13 00:00:00.000,2022-12-29 00:00:00.000,DKK,Mechanical Production,,,2022-12-16 00:00:00.000,2026-07-10 08:00:00.000
1205,11,Synthetic Site 011,2023,Q2,Approved,2023-01-18 00:00:00.000,2023-03-19 00:00:00.000,2023-02-28 00:00:00.000,DKK,Mechanical Production,,,2023-03-14 00:00:00.000,2026-07-10 08:00:00.000
1206,11,Synthetic Site 011,2023,Q3,Approved,2023-05-17 00:00:00.000,2023-07-13 00:00:00.000,2023-08-12 00:00:00.000,DKK,Mechanical Production,,,2023-07-10 00:00:00.000,2026-07-10 08:00:00.000
1207,11,Synthetic Site 011,2023,Q4,Approved,2023-08-15 00:00:00.000,2023-10-06 00:00:00.000,2023-09-15 00:00:00.000,DKK,Mechanical Production,,,2023-10-05 00:00:00.000,2026-07-10 08:00:00.000
1208,11,Synthetic Site 011,2024,Q1,Approved,2023-11-03 00:00:00.000,2023-11-26 00:00:00.000,2023-11-30 00:00:00.000,DKK,Mechanical Production,,,2023-11-23 00:00:00.000,2026-07-10 08:00:00.000
1209,11,Synthetic Site 011,2024,Q2,Approved,2024-02-13 00:00:00.000,2024-03-06 00:00:00.000,2024-02-11 00:00:00.000,DKK,Mechanical Production,,,2024-03-10 00:00:00.000,2026-07-10 08:00:00.000
1210,11,Synthetic Site 011,2024,Q3,Approved,2024-05-14 00:00:00.000,2024-06-28 00:00:00.000,2024-06-18 00:00:00.000,DKK,Mechanical Production,,,2024-06-24 00:00:00.000,2026-07-10 08:00:00.000
1211,11,Synthetic Site 011,2024,Q4,Approved,2024-07-17 00:00:00.000,2024-08-17 00:00:00.000,2024-09-06 00:00:00.000,DKK,Mechanical Production,Report scope: full site boundary per ISO 14001.,,2024-08-17 00:00:00.000,2026-07-10 08:00:00.000
1212,11,Synthetic Site 011,2025,Q1,Approved,2024-10-31 00:00:00.000,2024-11-16 00:00:00.000,2024-12-06 00:00:00.000,DKK,Mechanical Production,,,2024-11-11 00:00:00.000,2026-07-10 08:00:00.000
1213,11,Synthetic Site 011,2025,Q2,Approved,2025-01-24 00:00:00.000,2025-02-05 00:00:00.000,2025-01-23 00:00:00.000,DKK,Mechanical Production,,,2025-02-08 00:00:00.000,2026-07-10 08:00:00.000
1214,11,Synthetic Site 011,2025,Q3,Approved,2025-05-06 00:00:00.000,2025-06-29 00:00:00.000,2025-06-09 00:00:00.000,DKK,Mechanical Production,,,2025-06-28 00:00:00.000,2026-07-10 08:00:00.000
1215,11,Synthetic Site 011,2025,Q4,Approved,2025-07-25 00:00:00.000,2025-09-03 00:00:00.000,2025-08-12 00:00:00.000,DKK,Mechanical Production,,,2025-08-29 00:00:00.000,2026-07-10 08:00:00.000
1216,11,Synthetic Site 011,2026,Q1,Approved,2025-11-15 00:00:00.000,2025-12-12 00:00:00.000,2025-12-10 00:00:00.000,DKK,Mechanical Production,,,2025-12-09 00:00:00.000,2026-07-10 08:00:00.000
1217,11,Synthetic Site 011,2026,Q2,Approved,2026-01-16 00:00:00.000,2026-02-10 00:00:00.000,2026-02-08 00:00:00.000,DKK,Mechanical Production,,,2026-02-07 00:00:00.000,2026-07-10 08:00:00.000
1218,11,Synthetic Site 011,2026,Q3,Approved,2026-04-14 00:00:00.000,2026-05-31 00:00:00.000,2026-05-31 00:00:00.000,DKK,Mechanical Production,,,2026-06-05 00:00:00.000,2026-07-10 08:00:00.000
1219,11,Synthetic Site 011,2026,Q4,Approved,2026-08-25 00:00:00.000,2026-09-01 00:00:00.000,2026-08-23 00:00:00.000,DKK,Mechanical Production,,,2026-09-02 00:00:00.000,2026-07-10 08:00:00.000
1220,12,Synthetic Site 012,2022,Q1,Approved,2021-11-02 00:00:00.000,2021-11-09 00:00:00.000,2021-11-03 00:00:00.000,EUR,Office/Administration,,,2021-11-14 00:00:00.000,2026-07-10 08:00:00.000
1221,12,Synthetic Site 012,2022,Q2,Approved,2022-02-16 00:00:00.000,2022-04-17 00:00:00.000,2022-05-03 00:00:00.000,EUR,Office/Administration,,,2022-04-17 00:00:00.000,2026-07-10 08:00:00.000
1222,12,Synthetic Site 012,2022,Q3,Approved,2022-04-29 00:00:00.000,2022-05-20 00:00:00.000,2022-05-31 00:00:00.000,EUR,Office/Administration,,,2022-05-19 00:00:00.000,2026-07-10 08:00:00.000
1223,12,Synthetic Site 012,2022,Q4,Approved,2022-07-17 00:00:00.000,2022-08-06 00:00:00.000,2022-08-11 00:00:00.000,EUR,Office/Administration,,,2022-08-08 00:00:00.000,2026-07-10 08:00:00.000
1224,12,Synthetic Site 012,2023,Q1,Approved,2022-11-06 00:00:00.000,2022-11-24 00:00:00.000,2022-12-14 00:00:00.000,EUR,Office/Administration,,,2022-11-19 00:00:00.000,2026-07-10 08:00:00.000
1225,12,Synthetic Site 012,2023,Q2,Approved,2023-02-14 00:00:00.000,2023-03-18 00:00:00.000,2023-04-17 00:00:00.000,EUR,Office/Administration,,,2023-03-21 00:00:00.000,2026-07-10 08:00:00.000
1226,12,Synthetic Site 012,2023,Q3,Approved,2023-05-29 00:00:00.000,2023-07-10 00:00:00.000,2023-07-12 00:00:00.000,EUR,Office/Administration,,,2023-07-15 00:00:00.000,2026-07-10 08:00:00.000
1227,12,Synthetic Site 012,2023,Q4,Approved,2023-08-09 00:00:00.000,2023-09-16 00:00:00.000,2023-10-12 00:00:00.000,EUR,Office/Administration,,,2023-09-17 00:00:00.000,2026-07-10 08:00:00.000
1228,12,Synthetic Site 012,2024,Q1,Approved,2023-11-07 00:00:00.000,2023-12-02 00:00:00.000,2023-11-03 00:00:00.000,EUR,Office/Administration,,,2023-11-29 00:00:00.000,2026-07-10 08:00:00.000
1229,12,Synthetic Site 012,2024,Q2,Approved,2024-01-22 00:00:00.000,2024-03-21 00:00:00.000,2024-03-01 00:00:00.000,EUR,Office/Administration,,,,2026-07-10 08:00:00.000
1230,12,Synthetic Site 012,2024,Q3,Approved,2024-05-28 00:00:00.000,2024-07-24 00:00:00.000,2024-07-13 00:00:00.000,EUR,Office/Administration,,,2024-07-27 00:00:00.000,2026-07-10 08:00:00.000
1231,12,Synthetic Site 012,2024,Q4,Approved,2024-08-09 00:00:00.000,2024-10-08 00:00:00.000,2024-10-28 00:00:00.000,EUR,Office/Administration,,,2024-10-03 00:00:00.000,2026-07-10 08:00:00.000
1232,12,Synthetic Site 012,2025,Q1,Approved,2024-11-23 00:00:00.000,2024-11-24 00:00:00.000,2024-12-22 00:00:00.000,EUR,Office/Administration,,,2024-11-19 00:00:00.000,2026-07-10 08:00:00.000
1233,12,Synthetic Site 012,2025,Q2,Approved,2025-02-21 00:00:00.000,2025-03-28 00:00:00.000,2025-03-07 00:00:00.000,EUR,Office/Administration,,,2025-03-27 00:00:00.000,2026-07-10 08:00:00.000
1234,12,Synthetic Site 012,2025,Q3,Approved,2025-04-28 00:00:00.000,2025-05-08 00:00:00.000,2025-05-20 00:00:00.000,EUR,Office/Administration,,,2025-05-03 00:00:00.000,2026-07-10 08:00:00.000
1235,12,Synthetic Site 012,2025,Q4,Approved,2025-08-22 00:00:00.000,2025-08-25 00:00:00.000,2025-08-28 00:00:00.000,EUR,Office/Administration,,,2025-08-29 00:00:00.000,2026-07-10 08:00:00.000
1236,12,Synthetic Site 012,2026,Q1,Approved,2025-11-11 00:00:00.000,2025-12-31 00:00:00.000,2026-01-27 00:00:00.000,EUR,Office/Administration,,,2025-12-26 00:00:00.000,2026-07-10 08:00:00.000
1237,12,Synthetic Site 012,2026,Q2,Approved,2026-01-26 00:00:00.000,2026-02-23 00:00:00.000,2026-02-19 00:00:00.000,EUR,Office/Administration,,,2026-02-21 00:00:00.000,2026-07-10 08:00:00.000
1238,12,Synthetic Site 012,2026,Q3,Approved,2026-05-28 00:00:00.000,2026-07-18 00:00:00.000,2026-06-23 00:00:00.000,EUR,,,,2026-07-15 00:00:00.000,2026-07-10 08:00:00.000
1239,12,Synthetic Site 012,2026,Q4,Approved,2026-08-21 00:00:00.000,2026-09-26 00:00:00.000,2026-09-16 00:00:00.000,EUR,,,,2026-09-29 00:00:00.000,2026-07-10 08:00:00.000
1240,13,Synthetic Site 013,2022,Q1,Approved,2021-11-13 00:00:00.000,2021-12-19 00:00:00.000,2021-12-02 00:00:00.000,INR,Office/Administration,,,2021-12-22 00:00:00.000,2026-07-10 08:00:00.000
1241,13,Synthetic Site 013,2022,Q2,Approved,2022-02-07 00:00:00.000,2022-03-20 00:00:00.000,2022-04-14 00:00:00.000,INR,Office/Administration,,,2022-03-25 00:00:00.000,2026-07-10 08:00:00.000
1242,13,Synthetic Site 013,2022,Q3,Approved,2022-05-19 00:00:00.000,2022-05-26 00:00:00.000,2022-05-01 00:00:00.000,INR,Office/Administration,,,2022-05-23 00:00:00.000,2026-07-10 08:00:00.000
1243,13,Synthetic Site 013,2022,Q4,Approved,2022-07-15 00:00:00.000,2022-09-03 00:00:00.000,2022-09-27 00:00:00.000,INR,Office/Administration,,,2022-09-05 00:00:00.000,2026-07-10 08:00:00.000
1244,13,Synthetic Site 013,2023,Q1,Approved,2022-11-02 00:00:00.000,2023-01-01 00:00:00.000,2023-01-01 00:00:00.000,INR,Office/Administration,,,2022-12-28 00:00:00.000,2026-07-10 08:00:00.000
1245,13,Synthetic Site 013,2023,Q2,Approved,2023-01-29 00:00:00.000,2023-03-10 00:00:00.000,2023-03-17 00:00:00.000,INR,Office/Administration,,,2023-03-12 00:00:00.000,2026-07-10 08:00:00.000
1246,13,Synthetic Site 013,2023,Q3,Approved,2023-05-28 00:00:00.000,2023-07-20 00:00:00.000,2023-07-23 00:00:00.000,INR,Office/Administration,,,2023-07-22 00:00:00.000,2026-07-10 08:00:00.000
1247,13,Synthetic Site 013,2023,Q4,Approved,2023-08-15 00:00:00.000,2023-09-11 00:00:00.000,2023-10-02 00:00:00.000,INR,Office/Administration,,,2023-09-15 00:00:00.000,2026-07-10 08:00:00.000
1248,13,Synthetic Site 013,2024,Q1,Approved,2023-11-02 00:00:00.000,2023-12-02 00:00:00.000,2024-01-01 00:00:00.000,INR,Office/Administration,,,2023-11-29 00:00:00.000,2026-07-10 08:00:00.000
1249,13,Synthetic Site 013,2024,Q2,Approved,2024-02-24 00:00:00.000,2024-04-22 00:00:00.000,2024-04-03 00:00:00.000,INR,Office/Administration,,,2024-04-21 00:00:00.000,2026-07-10 08:00:00.000
1250,13,Synthetic Site 013,2024,Q3,Approved,2024-04-22 00:00:00.000,2024-04-24 00:00:00.000,2024-05-02 00:00:00.000,INR,Office/Administration,,,2024-04-26 00:00:00.000,2026-07-10 08:00:00.000
1251,13,Synthetic Site 013,2024,Q4,Approved,2024-08-21 00:00:00.000,2024-09-18 00:00:00.000,2024-09-29 00:00:00.000,INR,Office/Administration,,,2024-09-17 00:00:00.000,2026-07-10 08:00:00.000
1252,13,Synthetic Site 013,2025,Q1,Approved,2024-11-01 00:00:00.000,2024-11-10 00:00:00.000,2024-11-04 00:00:00.000,INR,Office/Administration,,,2024-11-11 00:00:00.000,2026-07-10 08:00:00.000
1253,13,Synthetic Site 013,2025,Q2,Approved,2025-02-07 00:00:00.000,2025-03-16 00:00:00.000,2025-03-23 00:00:00.000,INR,,,,2025-03-18 00:00:00.000,2026-07-10 08:00:00.000
1254,13,Synthetic Site 013,2025,Q3,Approved,2025-04-28 00:00:00.000,2025-05-28 00:00:00.000,2025-04-28 00:00:00.000,INR,Office/Administration,,,2025-05-27 00:00:00.000,2026-07-10 08:00:00.000
1255,13,Synthetic Site 013,2025,Q4,Approved,2025-08-07 00:00:00.000,2025-09-09 00:00:00.000,2025-08-24 00:00:00.000,INR,Office/Administration,,,2025-09-09 00:00:00.000,2026-07-10 08:00:00.000
1256,13,Synthetic Site 013,2026,Q1,Approved,2025-11-22 00:00:00.000,2025-12-29 00:00:00.000,2026-01-05 00:00:00.000,INR,Office/Administration,,,2025-12-31 00:00:00.000,2026-07-10 08:00:00.000
1257,13,Synthetic Site 013,2026,Q2,Approved,2026-01-31 00:00:00.000,2026-01-31 00:00:00.000,2026-02-10 00:00:00.000,INR,Office/Administration,,,2026-02-01 00:00:00.000,2026-07-10 08:00:00.000
1258,13,Synthetic Site 013,2026,Q3,Approved,2026-05-01 00:00:00.000,2026-05-02 00:00:00.000,2026-04-19 00:00:00.000,INR,Office/Administration,Site-level environmental report covering all activities.,,2026-05-06 00:00:00.000,2026-07-10 08:00:00.000
1259,13,Synthetic Site 013,2026,Q4,Approved,2026-08-21 00:00:00.000,2026-10-06 00:00:00.000,2026-10-14 00:00:00.000,INR,Office/Administration,,,2026-10-10 00:00:00.000,2026-07-10 08:00:00.000
1260,14,Synthetic Site 014,2022,Q1,Approved,2021-11-05 00:00:00.000,2021-11-30 00:00:00.000,2021-12-21 00:00:00.000,CNY,Other,Site-level environmental report covering all activities.,,2021-12-02 00:00:00.000,2026-07-10 08:00:00.000
1261,14,Synthetic Site 014,2022,Q2,Approved,2022-01-27 00:00:00.000,2022-03-22 00:00:00.000,2022-04-17 00:00:00.000,CNY,Other,,,2022-03-26 00:00:00.000,2026-07-10 08:00:00.000
1262,14,Synthetic Site 014,2022,Q3,Approved,2022-04-30 00:00:00.000,2022-06-22 00:00:00.000,2022-07-17 00:00:00.000,CNY,Other,,,2022-06-27 00:00:00.000,2026-07-10 08:00:00.000
1263,14,Synthetic Site 014,2022,Q4,Approved,2022-08-27 00:00:00.000,2022-09-01 00:00:00.000,2022-09-06 00:00:00.000,CNY,Other,,,2022-09-01 00:00:00.000,2026-07-10 08:00:00.000
1264,14,Synthetic Site 014,2023,Q1,Approved,2022-11-17 00:00:00.000,2022-12-30 00:00:00.000,2023-01-19 00:00:00.000,CNY,Other,,,2023-01-02 00:00:00.000,2026-07-10 08:00:00.000
1265,14,Synthetic Site 014,2023,Q2,Approved,2023-01-17 00:00:00.000,2023-03-18 00:00:00.000,2023-02-26 00:00:00.000,CNY,Other,,,2023-03-17 00:00:00.000,2026-07-10 08:00:00.000
1266,14,Synthetic Site 014,2023,Q3,Approved,2023-04-28 00:00:00.000,2023-06-18 00:00:00.000,2023-06-30 00:00:00.000,CNY,Other,,,2023-06-17 00:00:00.000,2026-07-10 08:00:00.000
1267,14,Synthetic Site 014,2023,Q4,Approved,2023-07-26 00:00:00.000,2023-09-01 00:00:00.000,2023-09-05 00:00:00.000,CNY,Other,,,2023-08-31 00:00:00.000,2026-07-10 08:00:00.000
1268,14,Synthetic Site 014,2024,Q1,Approved,2023-11-15 00:00:00.000,2024-01-02 00:00:00.000,2024-01-07 00:00:00.000,CNY,Other,,,2024-01-06 00:00:00.000,2026-07-10 08:00:00.000
1269,14,Synthetic Site 014,2024,Q2,Approved,2024-01-21 00:00:00.000,2024-03-18 00:00:00.000,2024-03-11 00:00:00.000,CNY,Other,,,2024-03-17 00:00:00.000,2026-07-10 08:00:00.000
1270,14,Synthetic Site 014,2024,Q3,Approved,2024-05-22 00:00:00.000,2024-07-03 00:00:00.000,2024-07-14 00:00:00.000,CNY,Other,,,2024-07-03 00:00:00.000,2026-07-10 08:00:00.000
1271,14,Synthetic Site 014,2024,Q4,Approved,2024-08-17 00:00:00.000,2024-10-15 00:00:00.000,2024-09-19 00:00:00.000,CNY,Other,,,2024-10-12 00:00:00.000,2026-07-10 08:00:00.000
1272,14,Synthetic Site 014,2025,Q1,Approved,2024-11-08 00:00:00.000,2024-12-09 00:00:00.000,2025-01-04 00:00:00.000,CNY,Other,,,2024-12-12 00:00:00.000,2026-07-10 08:00:00.000
1273,14,Synthetic Site 014,2025,Q2,Approved,2025-02-24 00:00:00.000,2025-02-24 00:00:00.000,2025-03-09 00:00:00.000,CNY,Other,,,2025-02-22 00:00:00.000,2026-07-10 08:00:00.000
1274,14,Synthetic Site 014,2025,Q3,Approved,2025-05-29 00:00:00.000,2025-06-03 00:00:00.000,2025-05-22 00:00:00.000,CNY,Other,,,2025-06-07 00:00:00.000,2026-07-10 08:00:00.000
1275,14,Synthetic Site 014,2025,Q4,Approved,2025-08-25 00:00:00.000,2025-09-07 00:00:00.000,2025-08-10 00:00:00.000,CNY,Other,,,2025-09-09 00:00:00.000,2026-07-10 08:00:00.000
1276,14,Synthetic Site 014,2026,Q1,Approved,2025-11-05 00:00:00.000,2025-12-14 00:00:00.000,2025-12-29 00:00:00.000,CNY,Other,,,2025-12-19 00:00:00.000,2026-07-10 08:00:00.000
1277,14,Synthetic Site 014,2026,Q2,Approved,2026-01-27 00:00:00.000,2026-02-05 00:00:00.000,2026-01-24 00:00:00.000,CNY,Other,,,2026-02-08 00:00:00.000,2026-07-10 08:00:00.000
1278,14,Synthetic Site 014,2026,Q3,Approved,2026-05-05 00:00:00.000,2026-05-12 00:00:00.000,2026-05-30 00:00:00.000,CNY,Other,,,2026-05-08 00:00:00.000,2026-07-10 08:00:00.000
1279,14,Synthetic Site 014,2026,Q4,Approved,2026-08-06 00:00:00.000,2026-09-25 00:00:00.000,2026-10-08 00:00:00.000,CNY,Other,,,2026-09-20 00:00:00.000,2026-07-10 08:00:00.000
1280,15,Synthetic Site 015,2022,Q1,Approved,2021-10-31 00:00:00.000,2021-12-30 00:00:00.000,2021-11-30 00:00:00.000,DKK,Assembling,,,2021-12-30 00:00:00.000,2026-07-10 08:00:00.000
1281,15,Synthetic Site 015,2022,Q2,Approved,2022-01-15 00:00:00.000,2022-01-17 00:00:00.000,2021-12-30 00:00:00.000,DKK,Assembling,Covers manufacturing and support operations on-site.,,2022-01-21 00:00:00.000,2026-07-10 08:00:00.000
1282,15,Synthetic Site 015,2022,Q3,Approved,2022-05-18 00:00:00.000,2022-06-04 00:00:00.000,2022-06-15 00:00:00.000,DKK,Assembling,,,2022-06-06 00:00:00.000,2026-07-10 08:00:00.000
1283,15,Synthetic Site 015,2022,Q4,Approved,2022-07-18 00:00:00.000,2022-07-31 00:00:00.000,2022-08-22 00:00:00.000,DKK,Assembling,,,2022-07-30 00:00:00.000,2026-07-10 08:00:00.000
1284,15,Synthetic Site 015,2023,Q1,Approved,2022-10-24 00:00:00.000,2022-12-11 00:00:00.000,2022-12-04 00:00:00.000,DKK,Assembling,,,2022-12-10 00:00:00.000,2026-07-10 08:00:00.000
1285,15,Synthetic Site 015,2023,Q2,Approved,2023-02-11 00:00:00.000,2023-03-06 00:00:00.000,2023-02-20 00:00:00.000,DKK,Assembling,,,2023-03-05 00:00:00.000,2026-07-10 08:00:00.000
1286,15,Synthetic Site 015,2023,Q3,Approved,2023-05-29 00:00:00.000,2023-06-23 00:00:00.000,2023-07-04 00:00:00.000,DKK,Assembling,,,2023-06-23 00:00:00.000,2026-07-10 08:00:00.000
1287,15,Synthetic Site 015,2023,Q4,Approved,2023-08-16 00:00:00.000,2023-09-22 00:00:00.000,2023-10-16 00:00:00.000,,Assembling,,,2023-09-22 00:00:00.000,2026-07-10 08:00:00.000
1288,15,Synthetic Site 015,2024,Q1,In Work,2023-10-21 00:00:00.000,2023-10-30 00:00:00.000,,DKK,Assembling,,,2023-10-27 00:00:00.000,2026-07-10 08:00:00.000
1289,15,Synthetic Site 015,2024,Q2,Approved,2024-01-18 00:00:00.000,2024-01-29 00:00:00.000,2024-01-07 00:00:00.000,DKK,Assembling,,,2024-02-02 00:00:00.000,2026-07-10 08:00:00.000
1290,15,Synthetic Site 015,2024,Q3,Approved,2024-05-28 00:00:00.000,2024-06-04 00:00:00.000,2024-05-28 00:00:00.000,DKK,Assembling,,,2024-06-03 00:00:00.000,2026-07-10 08:00:00.000
1291,15,Synthetic Site 015,2024,Q4,Approved,2024-08-23 00:00:00.000,2024-09-29 00:00:00.000,2024-10-11 00:00:00.000,DKK,Assembling,,,2024-10-03 00:00:00.000,2026-07-10 08:00:00.000
1292,15,Synthetic Site 015,2025,Q1,Approved,2024-10-22 00:00:00.000,2024-12-08 00:00:00.000,2025-01-07 00:00:00.000,DKK,Assembling,,,2024-12-09 00:00:00.000,2026-07-10 08:00:00.000
1293,15,Synthetic Site 015,2025,Q2,Approved,2025-01-14 00:00:00.000,2025-02-14 00:00:00.000,2025-02-20 00:00:00.000,DKK,Assembling,,,2025-02-15 00:00:00.000,2026-07-10 08:00:00.000
1294,15,Synthetic Site 015,2025,Q3,In Work,2025-04-23 00:00:00.000,2025-05-02 00:00:00.000,,DKK,Assembling,,,2025-05-07 00:00:00.000,2026-07-10 08:00:00.000
1295,15,Synthetic Site 015,2025,Q4,Approved,2025-08-11 00:00:00.000,2025-10-03 00:00:00.000,2025-10-29 00:00:00.000,DKK,Assembling,,,2025-09-29 00:00:00.000,2026-07-10 08:00:00.000
1296,15,Synthetic Site 015,2026,Q1,Approved,2025-11-16 00:00:00.000,2026-01-10 00:00:00.000,2025-12-19 00:00:00.000,DKK,Assembling,,,2026-01-13 00:00:00.000,2026-07-10 08:00:00.000
1297,15,Synthetic Site 015,2026,Q2,Approved,2026-02-28 00:00:00.000,2026-03-11 00:00:00.000,2026-02-24 00:00:00.000,DKK,Assembling,,,2026-03-11 00:00:00.000,2026-07-10 08:00:00.000
1298,15,Synthetic Site 015,2026,Q3,Approved,2026-05-12 00:00:00.000,2026-07-04 00:00:00.000,2026-06-14 00:00:00.000,DKK,Assembling,,,2026-07-05 00:00:00.000,2026-07-10 08:00:00.000
1299,15,Synthetic Site 015,2026,Q4,Approved,2026-07-22 00:00:00.000,2026-08-28 00:00:00.000,2026-09-03 00:00:00.000,DKK,Assembling,,,2026-08-31 00:00:00.000,2026-07-10 08:00:00.000
1300,16,Synthetic Site 016,2022,Q1,Approved,2021-11-19 00:00:00.000,2021-11-24 00:00:00.000,2021-12-01 00:00:00.000,EUR,Heavy Equipment,,,2021-11-28 00:00:00.000,2026-07-10 08:00:00.000
1301,16,Synthetic Site 016,2022,Q2,Approved,2022-02-17 00:00:00.000,2022-04-03 00:00:00.000,2022-03-19 00:00:00.000,EUR,Heavy Equipment,,,2022-04-01 00:00:00.000,2026-07-10 08:00:00.000
1302,16,Synthetic Site 016,2022,Q3,Approved,2022-05-04 00:00:00.000,2022-05-18 00:00:00.000,2022-05-12 00:00:00.000,EUR,Heavy Equipment,,,2022-05-17 00:00:00.000,2026-07-10 08:00:00.000
1303,16,Synthetic Site 016,2022,Q4,Approved,2022-08-11 00:00:00.000,2022-09-03 00:00:00.000,2022-09-01 00:00:00.000,EUR,Heavy Equipment,,,,2026-07-10 08:00:00.000
1304,16,Synthetic Site 016,2023,Q1,Approved,2022-11-11 00:00:00.000,2022-12-19 00:00:00.000,2023-01-12 00:00:00.000,EUR,Heavy Equipment,,,2022-12-18 00:00:00.000,2026-07-10 08:00:00.000
1305,16,Synthetic Site 016,2023,Q2,Approved,2023-02-19 00:00:00.000,2023-03-06 00:00:00.000,2023-02-16 00:00:00.000,EUR,Heavy Equipment,,,2023-03-10 00:00:00.000,2026-07-10 08:00:00.000
1306,16,Synthetic Site 016,2023,Q3,Approved,2023-05-07 00:00:00.000,2023-05-23 00:00:00.000,2023-05-07 00:00:00.000,EUR,Heavy Equipment,,,2023-05-24 00:00:00.000,2026-07-10 08:00:00.000
1307,16,Synthetic Site 016,2023,Q4,Approved,2023-07-16 00:00:00.000,2023-08-12 00:00:00.000,2023-08-01 00:00:00.000,EUR,Heavy Equipment,,,2023-08-07 00:00:00.000,2026-07-10 08:00:00.000
1308,16,Synthetic Site 016,2024,Q1,Approved,2023-11-20 00:00:00.000,2023-12-06 00:00:00.000,2023-11-20 00:00:00.000,EUR,Heavy Equipment,,,2023-12-03 00:00:00.000,2026-07-10 08:00:00.000
1309,16,Synthetic Site 016,2024,Q2,Approved,2024-02-19 00:00:00.000,2024-04-15 00:00:00.000,2024-04-08 00:00:00.000,EUR,Heavy Equipment,,,2024-04-19 00:00:00.000,2026-07-10 08:00:00.000
1310,16,Synthetic Site 016,2024,Q3,Approved,2024-04-20 00:00:00.000,2024-04-30 00:00:00.000,2024-05-27 00:00:00.000,EUR,Heavy Equipment,,,2024-05-05 00:00:00.000,2026-07-10 08:00:00.000
1311,16,Synthetic Site 016,2024,Q4,Approved,2024-07-13 00:00:00.000,2024-09-08 00:00:00.000,2024-08-26 00:00:00.000,EUR,Heavy Equipment,,,2024-09-06 00:00:00.000,2026-07-10 08:00:00.000
1312,16,Synthetic Site 016,2025,Q1,Approved,2024-11-30 00:00:00.000,2024-12-16 00:00:00.000,2024-12-25 00:00:00.000,EUR,Heavy Equipment,,,2024-12-12 00:00:00.000,2026-07-10 08:00:00.000
1313,16,Synthetic Site 016,2025,Q2,Approved,2025-02-16 00:00:00.000,2025-04-14 00:00:00.000,2025-03-22 00:00:00.000,EUR,Heavy Equipment,,,2025-04-13 00:00:00.000,2026-07-10 08:00:00.000
1314,16,Synthetic Site 016,2025,Q3,Approved,2025-04-15 00:00:00.000,2025-05-07 00:00:00.000,2025-04-07 00:00:00.000,EUR,Heavy Equipment,,,2025-05-05 00:00:00.000,2026-07-10 08:00:00.000
1315,16,Synthetic Site 016,2025,Q4,Approved,2025-07-26 00:00:00.000,2025-08-06 00:00:00.000,2025-07-27 00:00:00.000,EUR,Heavy Equipment,,,2025-08-01 00:00:00.000,2026-07-10 08:00:00.000
1316,16,Synthetic Site 016,2026,Q1,Approved,2025-11-06 00:00:00.000,2025-11-25 00:00:00.000,2025-12-12 00:00:00.000,EUR,Heavy Equipment,,,2025-11-30 00:00:00.000,2026-07-10 08:00:00.000
1317,16,Synthetic Site 016,2026,Q2,Approved,2026-02-19 00:00:00.000,2026-03-27 00:00:00.000,2026-03-15 00:00:00.000,EUR,Heavy Equipment,,,2026-04-01 00:00:00.000,2026-07-10 08:00:00.000
1318,16,Synthetic Site 016,2026,Q3,In Work,2026-04-15 00:00:00.000,2026-05-15 00:00:00.000,,EUR,Heavy Equipment,,,2026-05-16 00:00:00.000,2026-07-10 08:00:00.000
1319,16,Synthetic Site 016,2026,Q4,Approved,2026-08-25 00:00:00.000,2026-09-29 00:00:00.000,2026-09-16 00:00:00.000,EUR,Heavy Equipment,,,2026-09-27 00:00:00.000,2026-07-10 08:00:00.000
1320,17,Synthetic Site 017,2022,Q1,Approved,2021-10-24 00:00:00.000,,2021-12-23 00:00:00.000,TRY,Service,,,2021-11-27 00:00:00.000,2026-07-10 08:00:00.000
1321,17,Synthetic Site 017,2022,Q2,Approved,2022-02-18 00:00:00.000,2022-04-18 00:00:00.000,2022-03-24 00:00:00.000,TRY,Service,,,2022-04-19 00:00:00.000,2026-07-10 08:00:00.000
1322,17,Synthetic Site 017,2022,Q3,Approved,2022-04-30 00:00:00.000,2022-05-04 00:00:00.000,2022-04-24 00:00:00.000,TRY,Service,,,2022-05-08 00:00:00.000,2026-07-10 08:00:00.000
1323,17,Synthetic Site 017,2022,Q4,Approved,2022-07-25 00:00:00.000,2022-08-15 00:00:00.000,2022-08-14 00:00:00.000,TRY,Service,,,2022-08-11 00:00:00.000,2026-07-10 08:00:00.000
1324,17,Synthetic Site 017,2023,Q1,Approved,2022-11-05 00:00:00.000,2022-12-18 00:00:00.000,2022-12-07 00:00:00.000,TRY,Service,,,2022-12-20 00:00:00.000,2026-07-10 08:00:00.000
1325,17,Synthetic Site 017,2023,Q2,Approved,2023-02-24 00:00:00.000,2023-03-14 00:00:00.000,2023-03-12 00:00:00.000,TRY,Service,,,2023-03-10 00:00:00.000,2026-07-10 08:00:00.000
1326,17,Synthetic Site 017,2023,Q3,Approved,2023-05-28 00:00:00.000,2023-06-08 00:00:00.000,2023-05-11 00:00:00.000,TRY,Service,,,2023-06-03 00:00:00.000,2026-07-10 08:00:00.000
1327,17,Synthetic Site 017,2023,Q4,Approved,2023-07-16 00:00:00.000,2023-08-04 00:00:00.000,2023-07-13 00:00:00.000,TRY,Service,,,2023-08-09 00:00:00.000,2026-07-10 08:00:00.000
1328,17,Synthetic Site 017,2024,Q1,Approved,2023-11-29 00:00:00.000,2024-01-26 00:00:00.000,2024-01-02 00:00:00.000,TRY,Service,,,2024-01-27 00:00:00.000,2026-07-10 08:00:00.000
1329,17,Synthetic Site 017,2024,Q2,Approved,2024-02-13 00:00:00.000,2024-02-21 00:00:00.000,2024-02-17 00:00:00.000,TRY,Service,,,2024-02-21 00:00:00.000,2026-07-10 08:00:00.000
1330,17,Synthetic Site 017,2024,Q3,Approved,2024-04-29 00:00:00.000,2024-05-07 00:00:00.000,2024-04-08 00:00:00.000,TRY,Service,,,2024-05-03 00:00:00.000,2026-07-10 08:00:00.000
1331,17,Synthetic Site 017,2024,Q4,Approved,2024-08-24 00:00:00.000,2024-09-12 00:00:00.000,2024-08-17 00:00:00.000,TRY,Service,,,2024-09-08 00:00:00.000,2026-07-10 08:00:00.000
1332,17,Synthetic Site 017,2025,Q1,Approved,2024-11-27 00:00:00.000,2025-01-14 00:00:00.000,2025-01-02 00:00:00.000,TRY,Service,,,2025-01-12 00:00:00.000,2026-07-10 08:00:00.000
1333,17,Synthetic Site 017,2025,Q2,Approved,2025-01-14 00:00:00.000,2025-02-18 00:00:00.000,2025-02-01 00:00:00.000,TRY,Service,,,2025-02-13 00:00:00.000,2026-07-10 08:00:00.000
1334,17,Synthetic Site 017,2025,Q3,Approved,2025-05-27 00:00:00.000,2025-07-21 00:00:00.000,2025-07-22 00:00:00.000,TRY,Service,,,2025-07-18 00:00:00.000,2026-07-10 08:00:00.000
1335,17,Synthetic Site 017,2025,Q4,Approved,2025-07-28 00:00:00.000,2025-08-17 00:00:00.000,2025-08-10 00:00:00.000,TRY,Service,,,2025-08-21 00:00:00.000,2026-07-10 08:00:00.000
1336,17,Synthetic Site 017,2026,Q1,Approved,2025-10-17 00:00:00.000,2025-10-27 00:00:00.000,2025-11-06 00:00:00.000,TRY,Service,,,2025-10-31 00:00:00.000,2026-07-10 08:00:00.000
1337,17,Synthetic Site 017,2026,Q2,Approved,2026-01-28 00:00:00.000,,2026-02-15 00:00:00.000,TRY,Service,,,2026-02-14 00:00:00.000,2026-07-10 08:00:00.000
1338,17,Synthetic Site 017,2026,Q3,Approved,2026-05-25 00:00:00.000,2026-06-12 00:00:00.000,2026-07-10 00:00:00.000,TRY,Service,,,2026-06-07 00:00:00.000,2026-07-10 08:00:00.000
1339,17,Synthetic Site 017,2026,Q4,Approved,2026-07-26 00:00:00.000,2026-08-03 00:00:00.000,2026-07-20 00:00:00.000,TRY,Service,Includes all energy and emissions from site operations.,,2026-08-07 00:00:00.000,2026-07-10 08:00:00.000
1340,18,Synthetic Site 018,2022,Q1,Approved,2021-10-22 00:00:00.000,2021-11-20 00:00:00.000,2021-11-29 00:00:00.000,CAD,Office/Administration,,,2021-11-24 00:00:00.000,2026-07-10 08:00:00.000
1341,18,Synthetic Site 018,2022,Q2,Approved,2022-01-17 00:00:00.000,2022-03-02 00:00:00.000,2022-02-06 00:00:00.000,CAD,Office/Administration,,,2022-03-05 00:00:00.000,2026-07-10 08:00:00.000
1342,18,Synthetic Site 018,2022,Q3,Approved,2022-05-14 00:00:00.000,2022-05-17 00:00:00.000,2022-06-07 00:00:00.000,CAD,Office/Administration,,,2022-05-15 00:00:00.000,2026-07-10 08:00:00.000
1343,18,Synthetic Site 018,2022,Q4,Approved,2022-08-21 00:00:00.000,2022-09-16 00:00:00.000,2022-10-06 00:00:00.000,CAD,Office/Administration,,,2022-09-18 00:00:00.000,2026-07-10 08:00:00.000
1344,18,Synthetic Site 018,2023,Q1,In Work,2022-11-10 00:00:00.000,2022-12-16 00:00:00.000,,CAD,Office/Administration,,,2022-12-17 00:00:00.000,2026-07-10 08:00:00.000
1345,18,Synthetic Site 018,2023,Q2,Approved,2023-01-26 00:00:00.000,2023-02-15 00:00:00.000,2023-03-14 00:00:00.000,CAD,Office/Administration,Includes all energy and emissions from site operations.,,2023-02-19 00:00:00.000,2026-07-10 08:00:00.000
1346,18,Synthetic Site 018,2023,Q3,Approved,2023-04-15 00:00:00.000,2023-04-16 00:00:00.000,2023-03-21 00:00:00.000,CAD,Office/Administration,Includes all energy and emissions from site operations.,,2023-04-19 00:00:00.000,2026-07-10 08:00:00.000
1347,18,Synthetic Site 018,2023,Q4,Approved,2023-08-04 00:00:00.000,2023-08-22 00:00:00.000,2023-09-09 00:00:00.000,CAD,Office/Administration,,,2023-08-27 00:00:00.000,2026-07-10 08:00:00.000
1348,18,Synthetic Site 018,2024,Q1,Approved,2023-10-23 00:00:00.000,2023-12-18 00:00:00.000,2023-12-05 00:00:00.000,CAD,Office/Administration,,,2023-12-19 00:00:00.000,2026-07-10 08:00:00.000
1349,18,Synthetic Site 018,2024,Q2,Approved,2024-02-19 00:00:00.000,2024-03-02 00:00:00.000,2024-03-09 00:00:00.000,CAD,,,,2024-03-02 00:00:00.000,2026-07-10 08:00:00.000
1350,18,Synthetic Site 018,2024,Q3,Approved,2024-04-28 00:00:00.000,2024-05-21 00:00:00.000,2024-05-16 00:00:00.000,CAD,Office/Administration,Includes all energy and emissions from site operations.,,2024-05-25 00:00:00.000,2026-07-10 08:00:00.000
1351,18,Synthetic Site 018,2024,Q4,Approved,2024-08-09 00:00:00.000,2024-09-19 00:00:00.000,2024-09-17 00:00:00.000,CAD,Office/Administration,,,2024-09-17 00:00:00.000,2026-07-10 08:00:00.000
1352,18,Synthetic Site 018,2025,Q1,Approved,2024-10-19 00:00:00.000,2024-11-21 00:00:00.000,2024-12-10 00:00:00.000,CAD,Office/Administration,,,2024-11-24 00:00:00.000,2026-07-10 08:00:00.000
1353,18,Synthetic Site 018,2025,Q2,Approved,2025-01-31 00:00:00.000,2025-03-23 00:00:00.000,2025-04-21 00:00:00.000,CAD,,,,2025-03-23 00:00:00.000,2026-07-10 08:00:00.000
1354,18,Synthetic Site 018,2025,Q3,Approved,2025-05-21 00:00:00.000,2025-05-30 00:00:00.000,2025-05-14 00:00:00.000,CAD,Office/Administration,,,2025-05-28 00:00:00.000,2026-07-10 08:00:00.000
1355,18,Synthetic Site 018,2025,Q4,Approved,2025-07-20 00:00:00.000,2025-07-26 00:00:00.000,2025-07-10 00:00:00.000,CAD,Office/Administration,,,2025-07-30 00:00:00.000,2026-07-10 08:00:00.000
1356,18,Synthetic Site 018,2026,Q1,Approved,2025-11-08 00:00:00.000,2025-12-15 00:00:00.000,2025-12-11 00:00:00.000,CAD,Office/Administration,,,2025-12-15 00:00:00.000,2026-07-10 08:00:00.000
1357,18,Synthetic Site 018,2026,Q2,Approved,2026-02-09 00:00:00.000,2026-04-01 00:00:00.000,2026-03-15 00:00:00.000,CAD,Office/Administration,,,2026-03-30 00:00:00.000,2026-07-10 08:00:00.000
1358,18,Synthetic Site 018,2026,Q3,Approved,2026-05-17 00:00:00.000,2026-07-01 00:00:00.000,2026-06-10 00:00:00.000,CAD,Office/Administration,,,2026-06-26 00:00:00.000,2026-07-10 08:00:00.000
1359,18,Synthetic Site 018,2026,Q4,Approved,2026-08-16 00:00:00.000,2026-10-02 00:00:00.000,2026-09-25 00:00:00.000,CAD,Office/Administration,,,2026-09-30 00:00:00.000,2026-07-10 08:00:00.000
1360,19,Synthetic Site 019,2022,Q1,Approved,2021-10-30 00:00:00.000,,2021-12-11 00:00:00.000,EUR,Office/Administration,,,2021-12-26 00:00:00.000,2026-07-10 08:00:00.000
1361,19,Synthetic Site 019,2022,Q2,Approved,2022-02-11 00:00:00.000,2022-02-23 00:00:00.000,2022-02-08 00:00:00.000,EUR,Office/Administration,,,2022-02-20 00:00:00.000,2026-07-10 08:00:00.000
1362,19,Synthetic Site 019,2022,Q3,Approved,2022-05-22 00:00:00.000,2022-06-10 00:00:00.000,2022-05-28 00:00:00.000,EUR,Office/Administration,,,2022-06-15 00:00:00.000,2026-07-10 08:00:00.000
1363,19,Synthetic Site 019,2022,Q4,Approved,2022-08-24 00:00:00.000,2022-10-02 00:00:00.000,2022-09-10 00:00:00.000,EUR,Office/Administration,,,2022-09-29 00:00:00.000,2026-07-10 08:00:00.000
1364,19,Synthetic Site 019,2023,Q1,Approved,2022-10-28 00:00:00.000,2022-12-16 00:00:00.000,2022-12-16 00:00:00.000,EUR,Office/Administration,,,2022-12-16 00:00:00.000,2026-07-10 08:00:00.000
1365,19,Synthetic Site 019,2023,Q2,Approved,2023-01-26 00:00:00.000,2023-02-10 00:00:00.000,2023-02-06 00:00:00.000,EUR,Office/Administration,,,2023-02-14 00:00:00.000,2026-07-10 08:00:00.000
1366,19,Synthetic Site 019,2023,Q3,Approved,2023-05-15 00:00:00.000,2023-07-07 00:00:00.000,2023-07-09 00:00:00.000,EUR,Office/Administration,,,2023-07-02 00:00:00.000,2026-07-10 08:00:00.000
1367,19,Synthetic Site 019,2023,Q4,Approved,2023-08-26 00:00:00.000,2023-09-18 00:00:00.000,2023-08-25 00:00:00.000,EUR,Office/Administration,,,2023-09-19 00:00:00.000,2026-07-10 08:00:00.000
1368,19,Synthetic Site 019,2024,Q1,Approved,2023-10-29 00:00:00.000,2023-11-14 00:00:00.000,2023-12-07 00:00:00.000,EUR,Office/Administration,,,2023-11-09 00:00:00.000,2026-07-10 08:00:00.000
1369,19,Synthetic Site 019,2024,Q2,Approved,2024-02-10 00:00:00.000,2024-03-18 00:00:00.000,2024-03-09 00:00:00.000,EUR,Office/Administration,,,2024-03-17 00:00:00.000,2026-07-10 08:00:00.000
1370,19,Synthetic Site 019,2024,Q3,Approved,2024-05-05 00:00:00.000,2024-05-06 00:00:00.000,2024-04-08 00:00:00.000,EUR,Office/Administration,,,2024-05-05 00:00:00.000,2026-07-10 08:00:00.000
1371,19,Synthetic Site 019,2024,Q4,Approved,2024-08-18 00:00:00.000,2024-09-13 00:00:00.000,2024-10-06 00:00:00.000,EUR,Office/Administration,,,2024-09-16 00:00:00.000,2026-07-10 08:00:00.000
1372,19,Synthetic Site 019,2025,Q1,Approved,2024-11-22 00:00:00.000,2025-01-18 00:00:00.000,2025-01-23 00:00:00.000,EUR,Office/Administration,,,2025-01-18 00:00:00.000,2026-07-10 08:00:00.000
1373,19,Synthetic Site 019,2025,Q2,Approved,2025-02-08 00:00:00.000,2025-03-23 00:00:00.000,2025-02-27 00:00:00.000,EUR,Office/Administration,,,2025-03-26 00:00:00.000,2026-07-10 08:00:00.000
1374,19,Synthetic Site 019,2025,Q3,Approved,2025-05-28 00:00:00.000,2025-07-15 00:00:00.000,2025-08-02 00:00:00.000,EUR,Office/Administration,,,2025-07-14 00:00:00.000,2026-07-10 08:00:00.000
1375,19,Synthetic Site 019,2025,Q4,Approved,2025-08-17 00:00:00.000,2025-09-04 00:00:00.000,2025-09-09 00:00:00.000,EUR,Office/Administration,,,2025-09-01 00:00:00.000,2026-07-10 08:00:00.000
1376,19,Synthetic Site 019,2026,Q1,Approved,2025-10-16 00:00:00.000,2025-12-11 00:00:00.000,2025-11-25 00:00:00.000,EUR,Office/Administration,,,2025-12-07 00:00:00.000,2026-07-10 08:00:00.000
1377,19,Synthetic Site 019,2026,Q2,Approved,2026-01-24 00:00:00.000,2026-03-05 00:00:00.000,2026-02-20 00:00:00.000,EUR,Office/Administration,,,2026-03-06 00:00:00.000,2026-07-10 08:00:00.000
1378,19,Synthetic Site 019,2026,Q3,Approved,2026-05-21 00:00:00.000,2026-07-06 00:00:00.000,2026-06-12 00:00:00.000,EUR,Office/Administration,,,2026-07-11 00:00:00.000,2026-07-10 08:00:00.000
1379,19,Synthetic Site 019,2026,Q4,Approved,2026-08-24 00:00:00.000,2026-09-14 00:00:00.000,2026-09-21 00:00:00.000,EUR,Office/Administration,Includes all energy and emissions from site operations.,,2026-09-16 00:00:00.000,2026-07-10 08:00:00.000
1380,20,Synthetic Site 020,2022,Q1,Approved,2021-11-14 00:00:00.000,2021-12-09 00:00:00.000,2021-11-09 00:00:00.000,,Service,,,2021-12-07 00:00:00.000,2026-07-10 08:00:00.000
1381,20,Synthetic Site 020,2022,Q2,Approved,2022-02-11 00:00:00.000,2022-04-09 00:00:00.000,2022-03-25 00:00:00.000,EUR,Service,,,2022-04-12 00:00:00.000,2026-07-10 08:00:00.000
1382,20,Synthetic Site 020,2022,Q3,Approved,2022-04-20 00:00:00.000,2022-05-31 00:00:00.000,2022-06-18 00:00:00.000,EUR,Service,,,2022-06-04 00:00:00.000,2026-07-10 08:00:00.000
1383,20,Synthetic Site 020,2022,Q4,Approved,2022-08-18 00:00:00.000,2022-10-14 00:00:00.000,2022-10-22 00:00:00.000,EUR,Service,,,2022-10-15 00:00:00.000,2026-07-10 08:00:00.000
1384,20,Synthetic Site 020,2023,Q1,Approved,2022-11-19 00:00:00.000,2023-01-06 00:00:00.000,2023-01-02 00:00:00.000,EUR,Service,,,2023-01-04 00:00:00.000,2026-07-10 08:00:00.000
1385,20,Synthetic Site 020,2023,Q2,Approved,2023-02-06 00:00:00.000,2023-02-20 00:00:00.000,2023-01-25 00:00:00.000,EUR,Service,,,2023-02-18 00:00:00.000,2026-07-10 08:00:00.000
1386,20,Synthetic Site 020,2023,Q3,Approved,2023-05-14 00:00:00.000,2023-06-26 00:00:00.000,2023-06-22 00:00:00.000,EUR,Service,,,2023-06-21 00:00:00.000,2026-07-10 08:00:00.000
1387,20,Synthetic Site 020,2023,Q4,Approved,2023-07-20 00:00:00.000,2023-08-26 00:00:00.000,2023-09-05 00:00:00.000,EUR,Service,,,,2026-07-10 08:00:00.000
1388,20,Synthetic Site 020,2024,Q1,Approved,2023-10-22 00:00:00.000,2023-10-23 00:00:00.000,2023-11-11 00:00:00.000,EUR,Service,,,2023-10-22 00:00:00.000,2026-07-10 08:00:00.000
1389,20,Synthetic Site 020,2024,Q2,Approved,2024-02-21 00:00:00.000,2024-04-17 00:00:00.000,2024-04-12 00:00:00.000,EUR,Service,,,2024-04-14 00:00:00.000,2026-07-10 08:00:00.000
1390,20,Synthetic Site 020,2024,Q3,Approved,2024-05-23 00:00:00.000,2024-05-31 00:00:00.000,2024-06-03 00:00:00.000,EUR,Service,,,2024-05-28 00:00:00.000,2026-07-10 08:00:00.000
1391,20,Synthetic Site 020,2024,Q4,Approved,2024-08-05 00:00:00.000,2024-09-07 00:00:00.000,2024-09-19 00:00:00.000,EUR,Service,,,2024-09-11 00:00:00.000,2026-07-10 08:00:00.000
1392,20,Synthetic Site 020,2025,Q1,Approved,2024-11-02 00:00:00.000,2024-12-12 00:00:00.000,2024-12-29 00:00:00.000,EUR,Service,,,2024-12-11 00:00:00.000,2026-07-10 08:00:00.000
1393,20,Synthetic Site 020,2025,Q2,Approved,2025-01-18 00:00:00.000,2025-01-26 00:00:00.000,2025-01-01 00:00:00.000,EUR,Service,,,2025-01-31 00:00:00.000,2026-07-10 08:00:00.000
1394,20,Synthetic Site 020,2025,Q3,Approved,2025-05-02 00:00:00.000,2025-06-01 00:00:00.000,2025-06-19 00:00:00.000,EUR,Service,,,2025-05-28 00:00:00.000,2026-07-10 08:00:00.000
1395,20,Synthetic Site 020,2025,Q4,Approved,2025-08-21 00:00:00.000,2025-10-13 00:00:00.000,2025-11-04 00:00:00.000,EUR,Service,,,2025-10-11 00:00:00.000,2026-07-10 08:00:00.000
1396,20,Synthetic Site 020,2026,Q1,Approved,2025-11-15 00:00:00.000,2025-11-21 00:00:00.000,2025-10-25 00:00:00.000,EUR,Service,,,2025-11-20 00:00:00.000,2026-07-10 08:00:00.000
1397,20,Synthetic Site 020,2026,Q2,Approved,2026-01-22 00:00:00.000,2026-02-17 00:00:00.000,2026-01-22 00:00:00.000,EUR,Service,,,2026-02-13 00:00:00.000,2026-07-10 08:00:00.000
1398,20,Synthetic Site 020,2026,Q3,Approved,2026-05-15 00:00:00.000,2026-06-14 00:00:00.000,2026-07-13 00:00:00.000,EUR,Service,,,2026-06-16 00:00:00.000,2026-07-10 08:00:00.000
1399,20,Synthetic Site 020,2026,Q4,Approved,2026-07-15 00:00:00.000,2026-09-13 00:00:00.000,2026-09-11 00:00:00.000,EUR,Service,,,2026-09-18 00:00:00.000,2026-07-10 08:00:00.000
1400,21,Synthetic Site 021,2022,Q1,Approved,2021-11-18 00:00:00.000,2021-12-08 00:00:00.000,2021-11-16 00:00:00.000,AUD,Heavy Equipment,,,2021-12-04 00:00:00.000,2026-07-10 08:00:00.000
1401,21,Synthetic Site 021,2022,Q2,Approved,2022-02-01 00:00:00.000,2022-02-10 00:00:00.000,2022-01-25 00:00:00.000,AUD,Heavy Equipment,,,2022-02-11 00:00:00.000,2026-07-10 08:00:00.000
1402,21,Synthetic Site 021,2022,Q3,Approved,2022-05-28 00:00:00.000,2022-06-02 00:00:00.000,2022-05-22 00:00:00.000,AUD,Heavy Equipment,,,2022-06-04 00:00:00.000,2026-07-10 08:00:00.000
1403,21,Synthetic Site 021,2022,Q4,Approved,2022-08-09 00:00:00.000,2022-09-07 00:00:00.000,2022-09-16 00:00:00.000,AUD,Heavy Equipment,,,2022-09-11 00:00:00.000,2026-07-10 08:00:00.000
1404,21,Synthetic Site 021,2023,Q1,Approved,2022-11-09 00:00:00.000,2022-12-02 00:00:00.000,2022-11-04 00:00:00.000,AUD,Heavy Equipment,,,2022-12-06 00:00:00.000,2026-07-10 08:00:00.000
1405,21,Synthetic Site 021,2023,Q2,Approved,2023-01-29 00:00:00.000,2023-02-20 00:00:00.000,2023-01-26 00:00:00.000,AUD,Heavy Equipment,,,2023-02-22 00:00:00.000,2026-07-10 08:00:00.000
1406,21,Synthetic Site 021,2023,Q3,Approved,2023-04-19 00:00:00.000,2023-05-13 00:00:00.000,2023-05-08 00:00:00.000,AUD,Heavy Equipment,,,2023-05-16 00:00:00.000,2026-07-10 08:00:00.000
1407,21,Synthetic Site 021,2023,Q4,Approved,2023-08-19 00:00:00.000,2023-10-13 00:00:00.000,2023-11-05 00:00:00.000,AUD,Heavy Equipment,,,2023-10-09 00:00:00.000,2026-07-10 08:00:00.000
1408,21,Synthetic Site 021,2024,Q1,Approved,2023-10-18 00:00:00.000,2023-10-27 00:00:00.000,2023-11-22 00:00:00.000,AUD,Heavy Equipment,,,2023-10-26 00:00:00.000,2026-07-10 08:00:00.000
1409,21,Synthetic Site 021,2024,Q2,Approved,2024-01-21 00:00:00.000,2024-01-25 00:00:00.000,2024-02-04 00:00:00.000,AUD,Heavy Equipment,,,2024-01-21 00:00:00.000,2026-07-10 08:00:00.000
1410,21,Synthetic Site 021,2024,Q3,Approved,2024-04-28 00:00:00.000,2024-06-08 00:00:00.000,2024-06-09 00:00:00.000,AUD,Heavy Equipment,,,2024-06-12 00:00:00.000,2026-07-10 08:00:00.000
1411,21,Synthetic Site 021,2024,Q4,Approved,2024-08-08 00:00:00.000,2024-10-02 00:00:00.000,2024-10-01 00:00:00.000,AUD,Heavy Equipment,,,2024-10-02 00:00:00.000,2026-07-10 08:00:00.000
1412,21,Synthetic Site 021,2025,Q1,Approved,2024-11-29 00:00:00.000,2024-12-18 00:00:00.000,2024-12-19 00:00:00.000,AUD,Heavy Equipment,,,2024-12-18 00:00:00.000,2026-07-10 08:00:00.000
1413,21,Synthetic Site 021,2025,Q2,Approved,2025-02-08 00:00:00.000,2025-03-28 00:00:00.000,2025-03-29 00:00:00.000,AUD,Heavy Equipment,,,2025-04-01 00:00:00.000,2026-07-10 08:00:00.000
1414,21,Synthetic Site 021,2025,Q3,Approved,2025-05-18 00:00:00.000,2025-06-30 00:00:00.000,2025-06-10 00:00:00.000,AUD,Heavy Equipment,Site-level environmental report covering all activities.,,2025-07-03 00:00:00.000,2026-07-10 08:00:00.000
1415,21,Synthetic Site 021,2025,Q4,Approved,2025-08-18 00:00:00.000,,2025-08-18 00:00:00.000,AUD,Heavy Equipment,,,2025-09-12 00:00:00.000,2026-07-10 08:00:00.000
1416,21,Synthetic Site 021,2026,Q1,Approved,2025-11-16 00:00:00.000,2025-12-13 00:00:00.000,2025-11-27 00:00:00.000,AUD,Heavy Equipment,,,2025-12-10 00:00:00.000,2026-07-10 08:00:00.000
1417,21,Synthetic Site 021,2026,Q2,Approved,2026-02-01 00:00:00.000,2026-03-05 00:00:00.000,2026-03-13 00:00:00.000,AUD,Heavy Equipment,,,2026-03-05 00:00:00.000,2026-07-10 08:00:00.000
1418,21,Synthetic Site 021,2026,Q3,Approved,2026-05-26 00:00:00.000,2026-07-04 00:00:00.000,2026-07-15 00:00:00.000,AUD,Heavy Equipment,,,2026-07-08 00:00:00.000,2026-07-10 08:00:00.000
1419,21,Synthetic Site 021,2026,Q4,Approved,2026-07-20 00:00:00.000,2026-07-24 00:00:00.000,2026-08-20 00:00:00.000,AUD,Heavy Equipment,,,2026-07-24 00:00:00.000,2026-07-10 08:00:00.000
1420,22,Synthetic Site 022,2022,Q1,Approved,2021-11-15 00:00:00.000,2021-11-25 00:00:00.000,2021-12-19 00:00:00.000,EUR,Office/Administration,,,2021-11-21 00:00:00.000,2026-07-10 08:00:00.000
1421,22,Synthetic Site 022,2022,Q2,Approved,2022-02-07 00:00:00.000,2022-03-06 00:00:00.000,2022-03-21 00:00:00.000,EUR,Office/Administration,,,2022-03-03 00:00:00.000,2026-07-10 08:00:00.000
1422,22,Synthetic Site 022,2022,Q3,Approved,2022-04-22 00:00:00.000,2022-06-20 00:00:00.000,2022-06-05 00:00:00.000,EUR,,,,2022-06-22 00:00:00.000,2026-07-10 08:00:00.000
1423,22,Synthetic Site 022,2022,Q4,Approved,2022-08-26 00:00:00.000,2022-09-28 00:00:00.000,2022-09-23 00:00:00.000,EUR,Office/Administration,,,2022-09-25 00:00:00.000,2026-07-10 08:00:00.000
1424,22,Synthetic Site 022,2023,Q1,Approved,2022-11-06 00:00:00.000,2022-12-08 00:00:00.000,2022-12-16 00:00:00.000,EUR,Office/Administration,,,2022-12-10 00:00:00.000,2026-07-10 08:00:00.000
1425,22,Synthetic Site 022,2023,Q2,Approved,2023-02-27 00:00:00.000,2023-03-10 00:00:00.000,2023-03-16 00:00:00.000,EUR,Office/Administration,,,2023-03-13 00:00:00.000,2026-07-10 08:00:00.000
1426,22,Synthetic Site 022,2023,Q3,Approved,2023-05-07 00:00:00.000,2023-07-04 00:00:00.000,2023-07-30 00:00:00.000,EUR,Office/Administration,,,2023-07-02 00:00:00.000,2026-07-10 08:00:00.000
1427,22,Synthetic Site 022,2023,Q4,Approved,2023-08-07 00:00:00.000,2023-09-24 00:00:00.000,2023-08-26 00:00:00.000,EUR,Office/Administration,,,2023-09-27 00:00:00.000,2026-07-10 08:00:00.000
1428,22,Synthetic Site 022,2024,Q1,Approved,2023-11-26 00:00:00.000,2023-12-13 00:00:00.000,2023-12-18 00:00:00.000,,Office/Administration,,,2023-12-15 00:00:00.000,2026-07-10 08:00:00.000
1429,22,Synthetic Site 022,2024,Q2,Approved,2024-02-09 00:00:00.000,2024-04-09 00:00:00.000,2024-05-04 00:00:00.000,EUR,Office/Administration,,,2024-04-10 00:00:00.000,2026-07-10 08:00:00.000
1430,22,Synthetic Site 022,2024,Q3,Approved,2024-05-28 00:00:00.000,2024-06-29 00:00:00.000,2024-06-17 00:00:00.000,EUR,Office/Administration,,,2024-07-01 00:00:00.000,2026-07-10 08:00:00.000
1431,22,Synthetic Site 022,2024,Q4,Approved,,2024-10-12 00:00:00.000,2024-09-12 00:00:00.000,EUR,Office/Administration,,,2024-10-13 00:00:00.000,2026-07-10 08:00:00.000
1432,22,Synthetic Site 022,2025,Q1,Approved,2024-10-16 00:00:00.000,2024-12-07 00:00:00.000,2024-12-23 00:00:00.000,EUR,Office/Administration,,,2024-12-06 00:00:00.000,2026-07-10 08:00:00.000
1433,22,Synthetic Site 022,2025,Q2,Approved,2025-01-31 00:00:00.000,2025-03-23 00:00:00.000,2025-03-07 00:00:00.000,EUR,Office/Administration,,,2025-03-28 00:00:00.000,2026-07-10 08:00:00.000
1434,22,Synthetic Site 022,2025,Q3,Approved,2025-05-20 00:00:00.000,2025-06-20 00:00:00.000,2025-06-25 00:00:00.000,EUR,Office/Administration,,,2025-06-23 00:00:00.000,2026-07-10 08:00:00.000
1435,22,Synthetic Site 022,2025,Q4,Approved,2025-08-15 00:00:00.000,2025-09-15 00:00:00.000,2025-09-12 00:00:00.000,EUR,Office/Administration,,,2025-09-19 00:00:00.000,2026-07-10 08:00:00.000
1436,22,Synthetic Site 022,2026,Q1,Approved,2025-11-17 00:00:00.000,2025-12-16 00:00:00.000,2025-12-24 00:00:00.000,EUR,Office/Administration,,,2025-12-19 00:00:00.000,2026-07-10 08:00:00.000
1437,22,Synthetic Site 022,2026,Q2,Approved,2026-02-03 00:00:00.000,2026-02-11 00:00:00.000,2026-02-24 00:00:00.000,EUR,Office/Administration,,,2026-02-10 00:00:00.000,2026-07-10 08:00:00.000
1438,22,Synthetic Site 022,2026,Q3,Approved,2026-05-17 00:00:00.000,2026-07-10 00:00:00.000,2026-06-23 00:00:00.000,EUR,Office/Administration,,,2026-07-05 00:00:00.000,2026-07-10 08:00:00.000
1439,22,Synthetic Site 022,2026,Q4,Approved,2026-08-19 00:00:00.000,2026-10-01 00:00:00.000,2026-09-09 00:00:00.000,EUR,Office/Administration,,,2026-10-02 00:00:00.000,2026-07-10 08:00:00.000
1440,23,Synthetic Site 023,2022,Q1,Approved,2021-10-31 00:00:00.000,2021-11-09 00:00:00.000,2021-11-30 00:00:00.000,SEK,Assembling,Site-level environmental report covering all activities.,,2021-11-12 00:00:00.000,2026-07-10 08:00:00.000
1441,23,Synthetic Site 023,2022,Q2,Approved,2022-01-31 00:00:00.000,2022-03-25 00:00:00.000,2022-04-10 00:00:00.000,SEK,Assembling,,,2022-03-21 00:00:00.000,2026-07-10 08:00:00.000
1442,23,Synthetic Site 023,2022,Q3,Approved,2022-04-27 00:00:00.000,2022-04-27 00:00:00.000,2022-05-08 00:00:00.000,SEK,Assembling,,,2022-04-27 00:00:00.000,2026-07-10 08:00:00.000
1443,23,Synthetic Site 023,2022,Q4,Approved,2022-07-19 00:00:00.000,2022-08-02 00:00:00.000,2022-07-20 00:00:00.000,SEK,Assembling,,,2022-07-28 00:00:00.000,2026-07-10 08:00:00.000
1444,23,Synthetic Site 023,2023,Q1,Approved,2022-10-30 00:00:00.000,2022-11-17 00:00:00.000,2022-11-08 00:00:00.000,SEK,Assembling,,,2022-11-15 00:00:00.000,2026-07-10 08:00:00.000
1445,23,Synthetic Site 023,2023,Q2,Approved,2023-01-27 00:00:00.000,2023-03-01 00:00:00.000,2023-03-15 00:00:00.000,SEK,Assembling,,,2023-02-24 00:00:00.000,2026-07-10 08:00:00.000
1446,23,Synthetic Site 023,2023,Q3,Approved,2023-04-28 00:00:00.000,2023-04-30 00:00:00.000,2023-05-12 00:00:00.000,SEK,Assembling,,,2023-05-04 00:00:00.000,2026-07-10 08:00:00.000
1447,23,Synthetic Site 023,2023,Q4,Approved,2023-08-27 00:00:00.000,2023-10-26 00:00:00.000,2023-11-19 00:00:00.000,SEK,Assembling,,,2023-10-23 00:00:00.000,2026-07-10 08:00:00.000
1448,23,Synthetic Site 023,2024,Q1,Approved,2023-11-14 00:00:00.000,2024-01-03 00:00:00.000,2023-12-29 00:00:00.000,SEK,Assembling,,,2024-01-08 00:00:00.000,2026-07-10 08:00:00.000
1449,23,Synthetic Site 023,2024,Q2,Approved,2024-02-18 00:00:00.000,2024-03-06 00:00:00.000,2024-03-22 00:00:00.000,SEK,Assembling,,,2024-03-06 00:00:00.000,2026-07-10 08:00:00.000
1450,23,Synthetic Site 023,2024,Q3,Approved,2024-04-23 00:00:00.000,2024-06-14 00:00:00.000,2024-05-20 00:00:00.000,,Assembling,,,2024-06-17 00:00:00.000,2026-07-10 08:00:00.000
1451,23,Synthetic Site 023,2024,Q4,Approved,2024-07-29 00:00:00.000,2024-09-13 00:00:00.000,2024-08-21 00:00:00.000,SEK,Assembling,,,2024-09-11 00:00:00.000,2026-07-10 08:00:00.000
1452,23,Synthetic Site 023,2025,Q1,Approved,2024-11-13 00:00:00.000,2024-12-29 00:00:00.000,2025-01-27 00:00:00.000,SEK,Assembling,,,2024-12-26 00:00:00.000,2026-07-10 08:00:00.000
1453,23,Synthetic Site 023,2025,Q2,Approved,2025-02-21 00:00:00.000,2025-03-07 00:00:00.000,2025-04-06 00:00:00.000,SEK,Assembling,,,2025-03-08 00:00:00.000,2026-07-10 08:00:00.000
1454,23,Synthetic Site 023,2025,Q3,Approved,2025-05-16 00:00:00.000,2025-05-24 00:00:00.000,2025-04-30 00:00:00.000,SEK,Assembling,,,2025-05-23 00:00:00.000,2026-07-10 08:00:00.000
1455,23,Synthetic Site 023,2025,Q4,Approved,2025-07-18 00:00:00.000,2025-08-31 00:00:00.000,2025-08-29 00:00:00.000,SEK,Assembling,Site-level environmental report covering all activities.,,2025-08-29 00:00:00.000,2026-07-10 08:00:00.000
1456,23,Synthetic Site 023,2026,Q1,Approved,2025-11-03 00:00:00.000,2025-11-04 00:00:00.000,2025-10-27 00:00:00.000,SEK,Assembling,,,2025-11-06 00:00:00.000,2026-07-10 08:00:00.000
1457,23,Synthetic Site 023,2026,Q2,Approved,2026-02-12 00:00:00.000,2026-03-17 00:00:00.000,2026-04-12 00:00:00.000,SEK,Assembling,,,2026-03-18 00:00:00.000,2026-07-10 08:00:00.000
1458,23,Synthetic Site 023,2026,Q3,Approved,2026-05-22 00:00:00.000,2026-06-20 00:00:00.000,2026-06-26 00:00:00.000,SEK,Assembling,,,2026-06-15 00:00:00.000,2026-07-10 08:00:00.000
1459,23,Synthetic Site 023,2026,Q4,Approved,2026-07-16 00:00:00.000,2026-08-24 00:00:00.000,2026-08-05 00:00:00.000,SEK,Assembling,,,2026-08-28 00:00:00.000,2026-07-10 08:00:00.000
1460,24,Synthetic Site 024,2022,Q1,Approved,2021-11-27 00:00:00.000,2021-12-17 00:00:00.000,2021-11-17 00:00:00.000,EUR,Office/Administration,,,2021-12-16 00:00:00.000,2026-07-10 08:00:00.000
1461,24,Synthetic Site 024,2022,Q2,Approved,2022-02-16 00:00:00.000,2022-02-22 00:00:00.000,2022-01-29 00:00:00.000,EUR,Office/Administration,,,2022-02-27 00:00:00.000,2026-07-10 08:00:00.000
1462,24,Synthetic Site 024,2022,Q3,Approved,2022-05-09 00:00:00.000,2022-06-05 00:00:00.000,2022-06-14 00:00:00.000,EUR,Office/Administration,,,2022-06-05 00:00:00.000,2026-07-10 08:00:00.000
1463,24,Synthetic Site 024,2022,Q4,Approved,2022-08-03 00:00:00.000,2022-08-14 00:00:00.000,2022-07-25 00:00:00.000,EUR,Office/Administration,,,2022-08-11 00:00:00.000,2026-07-10 08:00:00.000
1464,24,Synthetic Site 024,2023,Q1,Approved,2022-10-23 00:00:00.000,2022-11-02 00:00:00.000,2022-12-01 00:00:00.000,EUR,,,,2022-10-30 00:00:00.000,2026-07-10 08:00:00.000
1465,24,Synthetic Site 024,2023,Q2,Approved,2023-02-17 00:00:00.000,2023-03-07 00:00:00.000,2023-03-28 00:00:00.000,EUR,Office/Administration,,,2023-03-07 00:00:00.000,2026-07-10 08:00:00.000
1466,24,Synthetic Site 024,2023,Q3,Approved,2023-05-29 00:00:00.000,2023-07-03 00:00:00.000,2023-06-30 00:00:00.000,EUR,Office/Administration,,,2023-06-29 00:00:00.000,2026-07-10 08:00:00.000
1467,24,Synthetic Site 024,2023,Q4,Approved,2023-07-31 00:00:00.000,2023-09-22 00:00:00.000,2023-10-04 00:00:00.000,EUR,Office/Administration,All environmental data for the site premises.,,2023-09-20 00:00:00.000,2026-07-10 08:00:00.000
1468,24,Synthetic Site 024,2024,Q1,Approved,2023-11-17 00:00:00.000,2023-11-21 00:00:00.000,2023-12-09 00:00:00.000,EUR,Office/Administration,,,2023-11-25 00:00:00.000,2026-07-10 08:00:00.000
1469,24,Synthetic Site 024,2024,Q2,Approved,2024-02-02 00:00:00.000,2024-03-25 00:00:00.000,2024-04-11 00:00:00.000,EUR,Office/Administration,,,2024-03-28 00:00:00.000,2026-07-10 08:00:00.000
1470,24,Synthetic Site 024,2024,Q3,Approved,2024-04-23 00:00:00.000,2024-05-25 00:00:00.000,2024-06-18 00:00:00.000,EUR,Office/Administration,,,2024-05-28 00:00:00.000,2026-07-10 08:00:00.000
1471,24,Synthetic Site 024,2024,Q4,Approved,2024-08-01 00:00:00.000,2024-08-11 00:00:00.000,2024-07-16 00:00:00.000,EUR,Office/Administration,,,2024-08-09 00:00:00.000,2026-07-10 08:00:00.000
1472,24,Synthetic Site 024,2025,Q1,Approved,2024-10-18 00:00:00.000,2024-11-17 00:00:00.000,2024-11-08 00:00:00.000,EUR,Office/Administration,,,2024-11-13 00:00:00.000,2026-07-10 08:00:00.000
1473,24,Synthetic Site 024,2025,Q2,Approved,2025-01-16 00:00:00.000,2025-02-21 00:00:00.000,2025-03-10 00:00:00.000,EUR,Office/Administration,,,2025-02-20 00:00:00.000,2026-07-10 08:00:00.000
1474,24,Synthetic Site 024,2025,Q3,Approved,2025-04-29 00:00:00.000,2025-05-07 00:00:00.000,2025-04-24 00:00:00.000,EUR,Office/Administration,,,2025-05-09 00:00:00.000,2026-07-10 08:00:00.000
1475,24,Synthetic Site 024,2025,Q4,Approved,2025-07-31 00:00:00.000,2025-09-22 00:00:00.000,2025-10-18 00:00:00.000,EUR,Office/Administration,,,2025-09-18 00:00:00.000,2026-07-10 08:00:00.000
1476,24,Synthetic Site 024,2026,Q1,Approved,2025-11-03 00:00:00.000,2025-11-06 00:00:00.000,2025-12-01 00:00:00.000,EUR,Office/Administration,,,2025-11-11 00:00:00.000,2026-07-10 08:00:00.000
1477,24,Synthetic Site 024,2026,Q2,Approved,2026-02-16 00:00:00.000,2026-03-01 00:00:00.000,2026-03-04 00:00:00.000,EUR,Office/Administration,All environmental data for the site premises.,,2026-03-03 00:00:00.000,2026-07-10 08:00:00.000
1478,24,Synthetic Site 024,2026,Q3,Approved,2026-05-18 00:00:00.000,2026-06-03 00:00:00.000,2026-06-20 00:00:00.000,EUR,Office/Administration,,,2026-06-05 00:00:00.000,2026-07-10 08:00:00.000
1479,24,Synthetic Site 024,2026,Q4,Approved,2026-07-29 00:00:00.000,2026-08-06 00:00:00.000,2026-07-15 00:00:00.000,EUR,,,,2026-08-08 00:00:00.000,2026-07-10 08:00:00.000
1480,25,Synthetic Site 025,2022,Q1,Approved,2021-11-16 00:00:00.000,2022-01-06 00:00:00.000,2022-01-10 00:00:00.000,USD,Mechanical Production,,,2022-01-09 00:00:00.000,2026-07-10 08:00:00.000
1481,25,Synthetic Site 025,2022,Q2,Approved,2022-02-04 00:00:00.000,2022-03-02 00:00:00.000,2022-02-24 00:00:00.000,USD,Mechanical Production,,,2022-03-03 00:00:00.000,2026-07-10 08:00:00.000
1482,25,Synthetic Site 025,2022,Q3,Approved,2022-05-29 00:00:00.000,2022-06-30 00:00:00.000,2022-07-25 00:00:00.000,USD,Mechanical Production,,,2022-07-01 00:00:00.000,2026-07-10 08:00:00.000
1483,25,Synthetic Site 025,2022,Q4,Approved,2022-08-20 00:00:00.000,2022-10-06 00:00:00.000,2022-10-23 00:00:00.000,USD,Mechanical Production,,,2022-10-10 00:00:00.000,2026-07-10 08:00:00.000
1484,25,Synthetic Site 025,2023,Q1,In Work,2022-11-22 00:00:00.000,2022-11-29 00:00:00.000,,USD,Mechanical Production,,,2022-12-03 00:00:00.000,2026-07-10 08:00:00.000
1485,25,Synthetic Site 025,2023,Q2,Approved,2023-01-21 00:00:00.000,2023-02-16 00:00:00.000,2023-01-25 00:00:00.000,USD,Mechanical Production,,,2023-02-19 00:00:00.000,2026-07-10 08:00:00.000
1486,25,Synthetic Site 025,2023,Q3,Approved,2023-05-19 00:00:00.000,2023-06-25 00:00:00.000,2023-05-27 00:00:00.000,USD,Mechanical Production,,,2023-06-26 00:00:00.000,2026-07-10 08:00:00.000
1487,25,Synthetic Site 025,2023,Q4,Approved,2023-07-25 00:00:00.000,2023-08-06 00:00:00.000,2023-08-02 00:00:00.000,USD,Mechanical Production,,,2023-08-11 00:00:00.000,2026-07-10 08:00:00.000
1488,25,Synthetic Site 025,2024,Q1,Approved,2023-11-14 00:00:00.000,2023-12-03 00:00:00.000,2023-11-26 00:00:00.000,USD,Mechanical Production,,,2023-12-07 00:00:00.000,2026-07-10 08:00:00.000
1489,25,Synthetic Site 025,2024,Q2,Approved,2024-01-30 00:00:00.000,2024-03-21 00:00:00.000,2024-03-15 00:00:00.000,USD,Mechanical Production,,,2024-03-23 00:00:00.000,2026-07-10 08:00:00.000
1490,25,Synthetic Site 025,2024,Q3,Approved,2024-05-28 00:00:00.000,2024-07-04 00:00:00.000,2024-07-28 00:00:00.000,USD,Mechanical Production,,,2024-07-06 00:00:00.000,2026-07-10 08:00:00.000
1491,25,Synthetic Site 025,2024,Q4,Approved,2024-08-17 00:00:00.000,2024-09-01 00:00:00.000,2024-09-12 00:00:00.000,USD,Mechanical Production,,,2024-09-01 00:00:00.000,2026-07-10 08:00:00.000
1492,25,Synthetic Site 025,2025,Q1,Approved,2024-10-25 00:00:00.000,2024-11-29 00:00:00.000,2024-12-25 00:00:00.000,USD,Mechanical Production,,,2024-11-25 00:00:00.000,2026-07-10 08:00:00.000
1493,25,Synthetic Site 025,2025,Q2,Approved,2025-02-01 00:00:00.000,2025-02-20 00:00:00.000,2025-03-05 00:00:00.000,USD,Mechanical Production,,,2025-02-18 00:00:00.000,2026-07-10 08:00:00.000
1494,25,Synthetic Site 025,2025,Q3,Approved,2025-04-27 00:00:00.000,2025-06-25 00:00:00.000,2025-07-03 00:00:00.000,USD,Mechanical Production,,,2025-06-25 00:00:00.000,2026-07-10 08:00:00.000
1495,25,Synthetic Site 025,2025,Q4,Approved,2025-07-21 00:00:00.000,2025-09-07 00:00:00.000,2025-09-16 00:00:00.000,USD,Mechanical Production,,,2025-09-09 00:00:00.000,2026-07-10 08:00:00.000
1496,25,Synthetic Site 025,2026,Q1,Approved,2025-11-16 00:00:00.000,,2025-11-12 00:00:00.000,USD,Mechanical Production,,,2025-11-22 00:00:00.000,2026-07-10 08:00:00.000
1497,25,Synthetic Site 025,2026,Q2,Approved,2026-02-15 00:00:00.000,2026-03-22 00:00:00.000,2026-02-21 00:00:00.000,USD,Mechanical Production,,,2026-03-23 00:00:00.000,2026-07-10 08:00:00.000
1498,25,Synthetic Site 025,2026,Q3,Approved,2026-05-12 00:00:00.000,2026-06-27 00:00:00.000,2026-07-16 00:00:00.000,USD,Mechanical Production,,,2026-06-25 00:00:00.000,2026-07-10 08:00:00.000
1499,25,Synthetic Site 025,2026,Q4,Approved,2026-08-24 00:00:00.000,2026-09-05 00:00:00.000,2026-10-01 00:00:00.000,,Mechanical Production,,,2026-09-02 00:00:00.000,2026-07-10 08:00:00.000
1500,26,Synthetic Site 026,2022,Q1,Approved,2021-10-20 00:00:00.000,2021-12-19 00:00:00.000,2021-12-10 00:00:00.000,EUR,Other,,,2021-12-20 00:00:00.000,2026-07-10 08:00:00.000
1501,26,Synthetic Site 026,2022,Q2,Approved,2022-02-11 00:00:00.000,2022-04-03 00:00:00.000,2022-04-15 00:00:00.000,EUR,Other,,,2022-04-06 00:00:00.000,2026-07-10 08:00:00.000
1502,26,Synthetic Site 026,2022,Q3,Approved,2022-05-02 00:00:00.000,2022-05-31 00:00:00.000,2022-06-06 00:00:00.000,EUR,Other,,,2022-06-05 00:00:00.000,2026-07-10 08:00:00.000
1503,26,Synthetic Site 026,2022,Q4,Approved,2022-08-02 00:00:00.000,2022-09-15 00:00:00.000,2022-09-21 00:00:00.000,,Other,,,2022-09-15 00:00:00.000,2026-07-10 08:00:00.000
1504,26,Synthetic Site 026,2023,Q1,Approved,2022-10-17 00:00:00.000,2022-11-20 00:00:00.000,2022-12-13 00:00:00.000,EUR,Other,,,2022-11-25 00:00:00.000,2026-07-10 08:00:00.000
1505,26,Synthetic Site 026,2023,Q2,Approved,2023-02-18 00:00:00.000,2023-04-17 00:00:00.000,2023-03-27 00:00:00.000,EUR,Other,,,2023-04-19 00:00:00.000,2026-07-10 08:00:00.000
1506,26,Synthetic Site 026,2023,Q3,Approved,2023-05-29 00:00:00.000,2023-07-27 00:00:00.000,2023-08-02 00:00:00.000,EUR,Other,,,2023-07-27 00:00:00.000,2026-07-10 08:00:00.000
1507,26,Synthetic Site 026,2023,Q4,Approved,2023-07-15 00:00:00.000,2023-08-07 00:00:00.000,2023-07-24 00:00:00.000,EUR,Other,,,2023-08-04 00:00:00.000,2026-07-10 08:00:00.000
1508,26,Synthetic Site 026,2024,Q1,Approved,2023-11-08 00:00:00.000,2023-11-14 00:00:00.000,2023-11-05 00:00:00.000,EUR,Other,,,2023-11-19 00:00:00.000,2026-07-10 08:00:00.000
1509,26,Synthetic Site 026,2024,Q2,Approved,2024-02-15 00:00:00.000,2024-03-31 00:00:00.000,2024-04-27 00:00:00.000,EUR,Other,,,2024-04-04 00:00:00.000,2026-07-10 08:00:00.000
1510,26,Synthetic Site 026,2024,Q3,Approved,2024-04-26 00:00:00.000,2024-06-01 00:00:00.000,2024-06-21 00:00:00.000,EUR,Other,All environmental data for the site premises.,,2024-06-06 00:00:00.000,2026-07-10 08:00:00.000
1511,26,Synthetic Site 026,2024,Q4,Approved,2024-08-20 00:00:00.000,2024-09-24 00:00:00.000,2024-09-25 00:00:00.000,EUR,Other,,,2024-09-26 00:00:00.000,2026-07-10 08:00:00.000
1512,26,Synthetic Site 026,2025,Q1,Approved,2024-11-23 00:00:00.000,2025-01-19 00:00:00.000,2024-12-23 00:00:00.000,EUR,Other,,,2025-01-18 00:00:00.000,2026-07-10 08:00:00.000
1513,26,Synthetic Site 026,2025,Q2,Approved,2025-02-06 00:00:00.000,2025-03-25 00:00:00.000,2025-04-19 00:00:00.000,EUR,Other,,,2025-03-25 00:00:00.000,2026-07-10 08:00:00.000
1514,26,Synthetic Site 026,2025,Q3,Approved,2025-05-28 00:00:00.000,2025-07-19 00:00:00.000,2025-07-02 00:00:00.000,EUR,Other,,,2025-07-17 00:00:00.000,2026-07-10 08:00:00.000
1515,26,Synthetic Site 026,2025,Q4,Approved,2025-08-20 00:00:00.000,,2025-10-18 00:00:00.000,EUR,Other,,,2025-09-27 00:00:00.000,2026-07-10 08:00:00.000
1516,26,Synthetic Site 026,2026,Q1,Approved,2025-10-28 00:00:00.000,2025-11-15 00:00:00.000,2025-11-12 00:00:00.000,EUR,Other,,,2025-11-10 00:00:00.000,2026-07-10 08:00:00.000
1517,26,Synthetic Site 026,2026,Q2,Approved,2026-01-27 00:00:00.000,2026-02-11 00:00:00.000,2026-01-19 00:00:00.000,EUR,Other,,,2026-02-15 00:00:00.000,2026-07-10 08:00:00.000
1518,26,Synthetic Site 026,2026,Q3,In Work,2026-04-29 00:00:00.000,2026-04-30 00:00:00.000,,EUR,Other,,Auto-generated synthetic remark.,2026-04-30 00:00:00.000,2026-07-10 08:00:00.000
1519,26,Synthetic Site 026,2026,Q4,Approved,2026-08-15 00:00:00.000,2026-09-16 00:00:00.000,2026-09-13 00:00:00.000,EUR,Other,,,2026-09-20 00:00:00.000,2026-07-10 08:00:00.000
1520,27,Synthetic Site 027,2022,Q1,Approved,2021-10-28 00:00:00.000,2021-11-18 00:00:00.000,2021-12-03 00:00:00.000,EUR,Assembling,,,2021-11-21 00:00:00.000,2026-07-10 08:00:00.000
1521,27,Synthetic Site 027,2022,Q2,Approved,2022-01-29 00:00:00.000,2022-03-26 00:00:00.000,2022-03-05 00:00:00.000,EUR,Assembling,,,2022-03-21 00:00:00.000,2026-07-10 08:00:00.000
1522,27,Synthetic Site 027,2022,Q3,Approved,2022-05-12 00:00:00.000,2022-05-14 00:00:00.000,2022-05-04 00:00:00.000,EUR,Assembling,,,2022-05-12 00:00:00.000,2026-07-10 08:00:00.000
1523,27,Synthetic Site 027,2022,Q4,Approved,2022-07-15 00:00:00.000,2022-07-15 00:00:00.000,2022-07-06 00:00:00.000,EUR,Assembling,,,2022-07-12 00:00:00.000,2026-07-10 08:00:00.000
1524,27,Synthetic Site 027,2023,Q1,Approved,2022-11-03 00:00:00.000,2022-11-09 00:00:00.000,2022-11-21 00:00:00.000,EUR,Assembling,,,2022-11-08 00:00:00.000,2026-07-10 08:00:00.000
1525,27,Synthetic Site 027,2023,Q2,Approved,2023-02-02 00:00:00.000,2023-02-14 00:00:00.000,2023-02-17 00:00:00.000,EUR,Assembling,,,2023-02-10 00:00:00.000,2026-07-10 08:00:00.000
1526,27,Synthetic Site 027,2023,Q3,Approved,2023-04-30 00:00:00.000,2023-05-25 00:00:00.000,2023-06-14 00:00:00.000,EUR,Assembling,,,2023-05-24 00:00:00.000,2026-07-10 08:00:00.000
1527,27,Synthetic Site 027,2023,Q4,Approved,2023-08-23 00:00:00.000,2023-10-15 00:00:00.000,2023-09-22 00:00:00.000,EUR,Assembling,,,2023-10-20 00:00:00.000,2026-07-10 08:00:00.000
1528,27,Synthetic Site 027,2024,Q1,Approved,2023-11-27 00:00:00.000,2024-01-09 00:00:00.000,2024-01-24 00:00:00.000,EUR,Assembling,,,2024-01-05 00:00:00.000,2026-07-10 08:00:00.000
1529,27,Synthetic Site 027,2024,Q2,Approved,2024-02-10 00:00:00.000,2024-03-14 00:00:00.000,2024-04-05 00:00:00.000,EUR,Assembling,,,2024-03-12 00:00:00.000,2026-07-10 08:00:00.000
1530,27,Synthetic Site 027,2024,Q3,Approved,2024-05-12 00:00:00.000,2024-05-26 00:00:00.000,2024-05-15 00:00:00.000,EUR,Assembling,,,2024-05-23 00:00:00.000,2026-07-10 08:00:00.000
1531,27,Synthetic Site 027,2024,Q4,Approved,2024-08-07 00:00:00.000,2024-08-24 00:00:00.000,2024-09-21 00:00:00.000,EUR,Assembling,,,2024-08-21 00:00:00.000,2026-07-10 08:00:00.000
1532,27,Synthetic Site 027,2025,Q1,Approved,2024-10-19 00:00:00.000,2024-12-13 00:00:00.000,2024-11-15 00:00:00.000,EUR,Assembling,,,2024-12-12 00:00:00.000,2026-07-10 08:00:00.000
1533,27,Synthetic Site 027,2025,Q2,Approved,2025-01-25 00:00:00.000,2025-03-22 00:00:00.000,2025-04-07 00:00:00.000,EUR,Assembling,,,2025-03-21 00:00:00.000,2026-07-10 08:00:00.000
1534,27,Synthetic Site 027,2025,Q3,Approved,2025-05-17 00:00:00.000,2025-06-26 00:00:00.000,2025-06-12 00:00:00.000,EUR,Assembling,,,2025-06-30 00:00:00.000,2026-07-10 08:00:00.000
1535,27,Synthetic Site 027,2025,Q4,Approved,2025-08-16 00:00:00.000,2025-09-30 00:00:00.000,2025-09-07 00:00:00.000,EUR,Assembling,,,2025-10-02 00:00:00.000,2026-07-10 08:00:00.000
1536,27,Synthetic Site 027,2026,Q1,Approved,2025-10-31 00:00:00.000,2025-11-25 00:00:00.000,2025-12-04 00:00:00.000,EUR,Assembling,,,2025-11-24 00:00:00.000,2026-07-10 08:00:00.000
1537,27,Synthetic Site 027,2026,Q2,Approved,2026-01-31 00:00:00.000,2026-03-19 00:00:00.000,2026-02-19 00:00:00.000,EUR,Assembling,,,2026-03-23 00:00:00.000,2026-07-10 08:00:00.000
1538,27,Synthetic Site 027,2026,Q3,Approved,2026-05-17 00:00:00.000,2026-06-30 00:00:00.000,2026-06-09 00:00:00.000,EUR,Assembling,,,2026-06-27 00:00:00.000,2026-07-10 08:00:00.000
1539,27,Synthetic Site 027,2026,Q4,Approved,2026-07-22 00:00:00.000,2026-08-02 00:00:00.000,2026-07-27 00:00:00.000,EUR,Assembling,,,2026-08-02 00:00:00.000,2026-07-10 08:00:00.000
1540,28,Synthetic Site 028,2022,Q1,Approved,2021-10-29 00:00:00.000,2021-11-17 00:00:00.000,2021-11-09 00:00:00.000,EUR,Mechanical Production,,,2021-11-19 00:00:00.000,2026-07-10 08:00:00.000
1541,28,Synthetic Site 028,2022,Q2,Approved,2022-01-21 00:00:00.000,2022-01-30 00:00:00.000,2022-02-15 00:00:00.000,EUR,Mechanical Production,,,2022-01-27 00:00:00.000,2026-07-10 08:00:00.000
1542,28,Synthetic Site 028,2022,Q3,Approved,2022-04-19 00:00:00.000,2022-06-16 00:00:00.000,2022-06-13 00:00:00.000,EUR,Mechanical Production,,,2022-06-12 00:00:00.000,2026-07-10 08:00:00.000
1543,28,Synthetic Site 028,2022,Q4,Approved,2022-07-26 00:00:00.000,2022-09-13 00:00:00.000,2022-09-22 00:00:00.000,EUR,Mechanical Production,,,2022-09-18 00:00:00.000,2026-07-10 08:00:00.000
1544,28,Synthetic Site 028,2023,Q1,Approved,2022-11-06 00:00:00.000,2022-11-18 00:00:00.000,2022-10-21 00:00:00.000,EUR,Mechanical Production,,,2022-11-23 00:00:00.000,2026-07-10 08:00:00.000
1545,28,Synthetic Site 028,2023,Q2,Approved,2023-02-01 00:00:00.000,2023-02-22 00:00:00.000,2023-03-08 00:00:00.000,EUR,,,,2023-02-22 00:00:00.000,2026-07-10 08:00:00.000
1546,28,Synthetic Site 028,2023,Q3,Approved,2023-04-14 00:00:00.000,2023-05-23 00:00:00.000,2023-05-19 00:00:00.000,EUR,Mechanical Production,,,2023-05-20 00:00:00.000,2026-07-10 08:00:00.000
1547,28,Synthetic Site 028,2023,Q4,Approved,2023-08-03 00:00:00.000,2023-08-11 00:00:00.000,2023-09-06 00:00:00.000,EUR,Mechanical Production,,,2023-08-11 00:00:00.000,2026-07-10 08:00:00.000
1548,28,Synthetic Site 028,2024,Q1,Approved,2023-10-20 00:00:00.000,2023-11-16 00:00:00.000,2023-11-18 00:00:00.000,EUR,Mechanical Production,Site-level environmental report covering all activities.,,2023-11-17 00:00:00.000,2026-07-10 08:00:00.000
1549,28,Synthetic Site 028,2024,Q2,Approved,2024-02-20 00:00:00.000,2024-02-28 00:00:00.000,2024-03-07 00:00:00.000,EUR,Mechanical Production,,,2024-02-27 00:00:00.000,2026-07-10 08:00:00.000
1550,28,Synthetic Site 028,2024,Q3,Approved,2024-04-27 00:00:00.000,2024-05-15 00:00:00.000,2024-04-28 00:00:00.000,EUR,Mechanical Production,,,2024-05-10 00:00:00.000,2026-07-10 08:00:00.000
1551,28,Synthetic Site 028,2024,Q4,Approved,2024-08-02 00:00:00.000,2024-08-26 00:00:00.000,2024-09-18 00:00:00.000,EUR,Mechanical Production,,,2024-08-29 00:00:00.000,2026-07-10 08:00:00.000
1552,28,Synthetic Site 028,2025,Q1,Approved,2024-11-07 00:00:00.000,2024-11-18 00:00:00.000,2024-11-15 00:00:00.000,EUR,Mechanical Production,,,2024-11-14 00:00:00.000,2026-07-10 08:00:00.000
1553,28,Synthetic Site 028,2025,Q2,Approved,2025-01-20 00:00:00.000,2025-02-01 00:00:00.000,2025-01-10 00:00:00.000,EUR,Mechanical Production,,,2025-02-06 00:00:00.000,2026-07-10 08:00:00.000
1554,28,Synthetic Site 028,2025,Q3,Approved,2025-04-24 00:00:00.000,2025-05-31 00:00:00.000,2025-05-30 00:00:00.000,,Mechanical Production,,,2025-05-30 00:00:00.000,2026-07-10 08:00:00.000
1555,28,Synthetic Site 028,2025,Q4,Approved,2025-08-14 00:00:00.000,2025-09-20 00:00:00.000,2025-10-06 00:00:00.000,EUR,Mechanical Production,,,2025-09-22 00:00:00.000,2026-07-10 08:00:00.000
1556,28,Synthetic Site 028,2026,Q1,Approved,2025-11-10 00:00:00.000,2025-11-30 00:00:00.000,2025-11-21 00:00:00.000,EUR,Mechanical Production,,,2025-12-02 00:00:00.000,2026-07-10 08:00:00.000
1557,28,Synthetic Site 028,2026,Q2,Approved,2026-02-22 00:00:00.000,2026-03-03 00:00:00.000,2026-03-17 00:00:00.000,EUR,Mechanical Production,Site-level environmental report covering all activities.,,2026-02-28 00:00:00.000,2026-07-10 08:00:00.000
1558,28,Synthetic Site 028,2026,Q3,Approved,2026-05-11 00:00:00.000,2026-06-21 00:00:00.000,2026-06-05 00:00:00.000,EUR,Mechanical Production,,,2026-06-25 00:00:00.000,2026-07-10 08:00:00.000
1559,28,Synthetic Site 028,2026,Q4,Approved,2026-07-16 00:00:00.000,2026-08-02 00:00:00.000,2026-08-07 00:00:00.000,EUR,Mechanical Production,,,2026-08-02 00:00:00.000,2026-07-10 08:00:00.000
1560,29,Synthetic Site 029,2022,Q1,Approved,2021-10-17 00:00:00.000,2021-11-11 00:00:00.000,2021-10-22 00:00:00.000,INR,Service,,,2021-11-12 00:00:00.000,2026-07-10 08:00:00.000
1561,29,Synthetic Site 029,2022,Q2,Approved,2022-02-04 00:00:00.000,2022-03-12 00:00:00.000,2022-03-15 00:00:00.000,INR,Service,,,2022-03-11 00:00:00.000,2026-07-10 08:00:00.000
1562,29,Synthetic Site 029,2022,Q3,Approved,2022-04-17 00:00:00.000,,2022-07-05 00:00:00.000,INR,Service,,,2022-06-07 00:00:00.000,2026-07-10 08:00:00.000
1563,29,Synthetic Site 029,2022,Q4,Approved,2022-08-10 00:00:00.000,2022-09-25 00:00:00.000,2022-08-30 00:00:00.000,INR,Service,,,2022-09-20 00:00:00.000,2026-07-10 08:00:00.000
1564,29,Synthetic Site 029,2023,Q1,Approved,2022-10-20 00:00:00.000,2022-12-02 00:00:00.000,2022-12-01 00:00:00.000,INR,Service,,,2022-11-27 00:00:00.000,2026-07-10 08:00:00.000
1565,29,Synthetic Site 029,2023,Q2,Approved,2023-02-20 00:00:00.000,2023-02-24 00:00:00.000,2023-03-26 00:00:00.000,INR,Service,,,2023-02-23 00:00:00.000,2026-07-10 08:00:00.000
1566,29,Synthetic Site 029,2023,Q3,Approved,2023-05-20 00:00:00.000,2023-07-07 00:00:00.000,2023-06-16 00:00:00.000,INR,Service,Report scope: full site boundary per ISO 14001.,,2023-07-03 00:00:00.000,2026-07-10 08:00:00.000
1567,29,Synthetic Site 029,2023,Q4,Approved,2023-08-09 00:00:00.000,2023-10-02 00:00:00.000,2023-09-23 00:00:00.000,INR,Service,,,2023-10-04 00:00:00.000,2026-07-10 08:00:00.000
1568,29,Synthetic Site 029,2024,Q1,Approved,2023-11-30 00:00:00.000,2024-01-04 00:00:00.000,2023-12-22 00:00:00.000,INR,Service,,,2024-01-07 00:00:00.000,2026-07-10 08:00:00.000
1569,29,Synthetic Site 029,2024,Q2,Approved,2024-02-12 00:00:00.000,2024-02-23 00:00:00.000,2024-03-22 00:00:00.000,INR,Service,,,2024-02-26 00:00:00.000,2026-07-10 08:00:00.000
1570,29,Synthetic Site 029,2024,Q3,Approved,2024-05-09 00:00:00.000,2024-07-02 00:00:00.000,2024-07-12 00:00:00.000,INR,Service,,,2024-07-06 00:00:00.000,2026-07-10 08:00:00.000
1571,29,Synthetic Site 029,2024,Q4,Approved,2024-08-01 00:00:00.000,2024-09-21 00:00:00.000,2024-10-08 00:00:00.000,INR,Service,,,2024-09-16 00:00:00.000,2026-07-10 08:00:00.000
1572,29,Synthetic Site 029,2025,Q1,Approved,2024-10-26 00:00:00.000,2024-12-25 00:00:00.000,2024-12-02 00:00:00.000,INR,Service,,,2024-12-21 00:00:00.000,2026-07-10 08:00:00.000
1573,29,Synthetic Site 029,2025,Q2,Approved,2025-02-28 00:00:00.000,2025-03-19 00:00:00.000,2025-03-14 00:00:00.000,INR,Service,,,2025-03-23 00:00:00.000,2026-07-10 08:00:00.000
1574,29,Synthetic Site 029,2025,Q3,Approved,2025-05-28 00:00:00.000,2025-07-07 00:00:00.000,2025-06-10 00:00:00.000,INR,Service,,,2025-07-12 00:00:00.000,2026-07-10 08:00:00.000
1575,29,Synthetic Site 029,2025,Q4,Approved,2025-08-24 00:00:00.000,2025-10-21 00:00:00.000,2025-10-16 00:00:00.000,INR,Service,,,2025-10-26 00:00:00.000,2026-07-10 08:00:00.000
1576,29,Synthetic Site 029,2026,Q1,Approved,2025-11-19 00:00:00.000,2025-12-19 00:00:00.000,2025-12-15 00:00:00.000,INR,Service,,,2025-12-16 00:00:00.000,2026-07-10 08:00:00.000
1577,29,Synthetic Site 029,2026,Q2,Approved,2026-02-21 00:00:00.000,2026-03-30 00:00:00.000,2026-04-08 00:00:00.000,INR,Service,,,2026-03-28 00:00:00.000,2026-07-10 08:00:00.000
1578,29,Synthetic Site 029,2026,Q3,Approved,2026-05-14 00:00:00.000,2026-06-16 00:00:00.000,2026-06-08 00:00:00.000,INR,Service,,,2026-06-18 00:00:00.000,2026-07-10 08:00:00.000
1579,29,Synthetic Site 029,2026,Q4,Approved,2026-08-26 00:00:00.000,2026-10-14 00:00:00.000,2026-10-31 00:00:00.000,INR,Service,,,2026-10-17 00:00:00.000,2026-07-10 08:00:00.000
1580,30,Synthetic Site 030,2022,Q1,Approved,2021-11-12 00:00:00.000,2022-01-06 00:00:00.000,2022-01-07 00:00:00.000,EUR,Other,,,2022-01-08 00:00:00.000,2026-07-10 08:00:00.000
1581,30,Synthetic Site 030,2022,Q2,Approved,2022-02-18 00:00:00.000,2022-04-09 00:00:00.000,2022-04-01 00:00:00.000,EUR,Other,,,2022-04-04 00:00:00.000,2026-07-10 08:00:00.000
1582,30,Synthetic Site 030,2022,Q3,Approved,2022-05-03 00:00:00.000,2022-05-15 00:00:00.000,2022-05-05 00:00:00.000,EUR,Other,,,2022-05-13 00:00:00.000,2026-07-10 08:00:00.000
1583,30,Synthetic Site 030,2022,Q4,Approved,2022-08-15 00:00:00.000,2022-08-30 00:00:00.000,2022-08-21 00:00:00.000,EUR,Other,,,2022-08-30 00:00:00.000,2026-07-10 08:00:00.000
1584,30,Synthetic Site 030,2023,Q1,Approved,2022-11-25 00:00:00.000,2022-12-26 00:00:00.000,2023-01-18 00:00:00.000,EUR,Other,,,2022-12-26 00:00:00.000,2026-07-10 08:00:00.000
1585,30,Synthetic Site 030,2023,Q2,Approved,2023-02-23 00:00:00.000,2023-03-08 00:00:00.000,2023-03-21 00:00:00.000,EUR,Other,,,2023-03-04 00:00:00.000,2026-07-10 08:00:00.000
1586,30,Synthetic Site 030,2023,Q3,Approved,2023-05-14 00:00:00.000,2023-06-14 00:00:00.000,2023-06-11 00:00:00.000,EUR,Other,All environmental data for the site premises.,,2023-06-15 00:00:00.000,2026-07-10 08:00:00.000
1587,30,Synthetic Site 030,2023,Q4,Approved,2023-08-03 00:00:00.000,2023-09-15 00:00:00.000,2023-08-23 00:00:00.000,EUR,Other,,,2023-09-11 00:00:00.000,2026-07-10 08:00:00.000
1588,30,Synthetic Site 030,2024,Q1,Approved,2023-11-05 00:00:00.000,2023-11-15 00:00:00.000,2023-10-17 00:00:00.000,EUR,Other,,,2023-11-17 00:00:00.000,2026-07-10 08:00:00.000
1589,30,Synthetic Site 030,2024,Q2,Approved,2024-02-05 00:00:00.000,2024-02-14 00:00:00.000,2024-02-29 00:00:00.000,EUR,Other,,,2024-02-18 00:00:00.000,2026-07-10 08:00:00.000
1590,30,Synthetic Site 030,2024,Q3,Approved,2024-04-19 00:00:00.000,2024-06-09 00:00:00.000,2024-06-06 00:00:00.000,EUR,Other,All environmental data for the site premises.,,2024-06-09 00:00:00.000,2026-07-10 08:00:00.000
1591,30,Synthetic Site 030,2024,Q4,Approved,2024-07-18 00:00:00.000,2024-08-25 00:00:00.000,2024-08-30 00:00:00.000,EUR,Other,,,2024-08-23 00:00:00.000,2026-07-10 08:00:00.000
1592,30,Synthetic Site 030,2025,Q1,Approved,2024-11-25 00:00:00.000,2025-01-11 00:00:00.000,2025-01-29 00:00:00.000,EUR,Other,All environmental data for the site premises.,,2025-01-15 00:00:00.000,2026-07-10 08:00:00.000
1593,30,Synthetic Site 030,2025,Q2,Approved,2025-02-16 00:00:00.000,2025-04-06 00:00:00.000,2025-04-15 00:00:00.000,EUR,Other,,,2025-04-10 00:00:00.000,2026-07-10 08:00:00.000
1594,30,Synthetic Site 030,2025,Q3,Approved,2025-05-10 00:00:00.000,2025-06-03 00:00:00.000,2025-06-11 00:00:00.000,EUR,Other,,,2025-06-05 00:00:00.000,2026-07-10 08:00:00.000
1595,30,Synthetic Site 030,2025,Q4,Approved,2025-08-06 00:00:00.000,2025-09-15 00:00:00.000,2025-09-17 00:00:00.000,EUR,Other,,,2025-09-14 00:00:00.000,2026-07-10 08:00:00.000
1596,30,Synthetic Site 030,2026,Q1,Approved,2025-10-19 00:00:00.000,2025-10-23 00:00:00.000,2025-10-18 00:00:00.000,EUR,,,,2025-10-25 00:00:00.000,2026-07-10 08:00:00.000
1597,30,Synthetic Site 030,2026,Q2,Approved,2026-01-20 00:00:00.000,2026-02-06 00:00:00.000,2026-01-28 00:00:00.000,EUR,Other,,,2026-02-07 00:00:00.000,2026-07-10 08:00:00.000
1598,30,Synthetic Site 030,2026,Q3,Approved,2026-04-30 00:00:00.000,2026-05-21 00:00:00.000,2026-06-10 00:00:00.000,EUR,Other,,,2026-05-17 00:00:00.000,2026-07-10 08:00:00.000
1599,30,Synthetic Site 030,2026,Q4,Approved,2026-07-31 00:00:00.000,2026-08-23 00:00:00.000,2026-08-25 00:00:00.000,EUR,Other,,,2026-08-28 00:00:00.000,2026-07-10 08:00:00.000
1600,31,Synthetic Site 031,2022,Q1,Approved,2021-11-28 00:00:00.000,2022-01-16 00:00:00.000,2021-12-20 00:00:00.000,EUR,Other,,,2022-01-20 00:00:00.000,2026-07-10 08:00:00.000
1601,31,Synthetic Site 031,2022,Q2,Approved,2022-02-28 00:00:00.000,2022-04-21 00:00:00.000,2022-04-14 00:00:00.000,EUR,Other,,Data verified by site manager.,2022-04-24 00:00:00.000,2026-07-10 08:00:00.000
1602,31,Synthetic Site 031,2022,Q3,Approved,2022-05-04 00:00:00.000,2022-06-23 00:00:00.000,2022-06-24 00:00:00.000,EUR,Other,,,2022-06-26 00:00:00.000,2026-07-10 08:00:00.000
1603,31,Synthetic Site 031,2022,Q4,Approved,2022-08-15 00:00:00.000,2022-08-22 00:00:00.000,2022-08-26 00:00:00.000,EUR,Other,,,2022-08-27 00:00:00.000,2026-07-10 08:00:00.000
1604,31,Synthetic Site 031,2023,Q1,Approved,2022-10-23 00:00:00.000,2022-11-09 00:00:00.000,2022-11-24 00:00:00.000,EUR,Other,Site-level environmental report covering all activities.,,2022-11-06 00:00:00.000,2026-07-10 08:00:00.000
1605,31,Synthetic Site 031,2023,Q2,Approved,2023-02-09 00:00:00.000,2023-02-14 00:00:00.000,2023-02-03 00:00:00.000,EUR,Other,,,2023-02-11 00:00:00.000,2026-07-10 08:00:00.000
1606,31,Synthetic Site 031,2023,Q3,Approved,2023-05-14 00:00:00.000,2023-06-17 00:00:00.000,2023-06-01 00:00:00.000,EUR,Other,,,2023-06-20 00:00:00.000,2026-07-10 08:00:00.000
1607,31,Synthetic Site 031,2023,Q4,Approved,2023-08-18 00:00:00.000,2023-08-31 00:00:00.000,2023-08-02 00:00:00.000,EUR,Other,,Data verified by site manager.,2023-08-29 00:00:00.000,2026-07-10 08:00:00.000
1608,31,Synthetic Site 031,2024,Q1,Approved,2023-11-15 00:00:00.000,2023-12-06 00:00:00.000,2023-12-30 00:00:00.000,EUR,Other,Site-level environmental report covering all activities.,,2023-12-01 00:00:00.000,2026-07-10 08:00:00.000
1609,31,Synthetic Site 031,2024,Q2,Approved,2024-01-19 00:00:00.000,2024-02-02 00:00:00.000,2024-02-23 00:00:00.000,EUR,Other,,,2024-01-31 00:00:00.000,2026-07-10 08:00:00.000
1610,31,Synthetic Site 031,2024,Q3,Approved,2024-04-15 00:00:00.000,2024-05-17 00:00:00.000,2024-04-18 00:00:00.000,EUR,Other,,,2024-05-19 00:00:00.000,2026-07-10 08:00:00.000
1611,31,Synthetic Site 031,2024,Q4,Approved,2024-07-12 00:00:00.000,2024-07-19 00:00:00.000,2024-06-21 00:00:00.000,EUR,Other,,,2024-07-18 00:00:00.000,2026-07-10 08:00:00.000
1612,31,Synthetic Site 031,2025,Q1,Approved,2024-11-15 00:00:00.000,2024-11-23 00:00:00.000,2024-11-25 00:00:00.000,,Other,,,2024-11-27 00:00:00.000,2026-07-10 08:00:00.000
1613,31,Synthetic Site 031,2025,Q2,Approved,2025-02-27 00:00:00.000,2025-02-27 00:00:00.000,2025-03-26 00:00:00.000,EUR,Other,,,2025-02-27 00:00:00.000,2026-07-10 08:00:00.000
1614,31,Synthetic Site 031,2025,Q3,Approved,2025-05-14 00:00:00.000,2025-05-25 00:00:00.000,2025-06-16 00:00:00.000,EUR,Other,,,2025-05-22 00:00:00.000,2026-07-10 08:00:00.000
1615,31,Synthetic Site 031,2025,Q4,Approved,2025-08-15 00:00:00.000,2025-09-03 00:00:00.000,2025-09-17 00:00:00.000,EUR,Other,,,2025-09-08 00:00:00.000,2026-07-10 08:00:00.000
1616,31,Synthetic Site 031,2026,Q1,Approved,2025-11-08 00:00:00.000,2025-11-10 00:00:00.000,2025-10-27 00:00:00.000,EUR,Other,,,2025-11-05 00:00:00.000,2026-07-10 08:00:00.000
1617,31,Synthetic Site 031,2026,Q2,Approved,2026-02-16 00:00:00.000,2026-03-16 00:00:00.000,2026-04-14 00:00:00.000,EUR,Other,,,2026-03-14 00:00:00.000,2026-07-10 08:00:00.000
1618,31,Synthetic Site 031,2026,Q3,Approved,2026-05-11 00:00:00.000,2026-06-01 00:00:00.000,2026-06-30 00:00:00.000,EUR,Other,,,2026-05-31 00:00:00.000,2026-07-10 08:00:00.000
1619,31,Synthetic Site 031,2026,Q4,Approved,2026-07-18 00:00:00.000,2026-08-03 00:00:00.000,2026-08-16 00:00:00.000,EUR,Other,,,2026-08-04 00:00:00.000,2026-07-10 08:00:00.000
1620,32,Synthetic Site 032,2022,Q1,Approved,2021-11-12 00:00:00.000,2021-11-21 00:00:00.000,2021-12-20 00:00:00.000,PLN,Other,,,2021-11-21 00:00:00.000,2026-07-10 08:00:00.000
1621,32,Synthetic Site 032,2022,Q2,Approved,2022-01-17 00:00:00.000,2022-02-03 00:00:00.000,2022-03-01 00:00:00.000,PLN,Other,,,2022-01-29 00:00:00.000,2026-07-10 08:00:00.000
1622,32,Synthetic Site 032,2022,Q3,Approved,2022-04-29 00:00:00.000,2022-06-10 00:00:00.000,2022-06-02 00:00:00.000,PLN,Other,,,2022-06-07 00:00:00.000,2026-07-10 08:00:00.000
1623,32,Synthetic Site 032,2022,Q4,Approved,2022-07-20 00:00:00.000,2022-08-08 00:00:00.000,2022-07-22 00:00:00.000,PLN,Other,,,2022-08-07 00:00:00.000,2026-07-10 08:00:00.000
1624,32,Synthetic Site 032,2023,Q1,Approved,2022-11-22 00:00:00.000,2023-01-01 00:00:00.000,2022-12-07 00:00:00.000,PLN,Other,,,2023-01-05 00:00:00.000,2026-07-10 08:00:00.000
1625,32,Synthetic Site 032,2023,Q2,Approved,2023-02-12 00:00:00.000,2023-04-11 00:00:00.000,2023-04-02 00:00:00.000,PLN,Other,,,2023-04-12 00:00:00.000,2026-07-10 08:00:00.000
1626,32,Synthetic Site 032,2023,Q3,Approved,2023-05-21 00:00:00.000,2023-05-27 00:00:00.000,2023-06-23 00:00:00.000,PLN,Other,,,2023-05-27 00:00:00.000,2026-07-10 08:00:00.000
1627,32,Synthetic Site 032,2023,Q4,Approved,2023-07-20 00:00:00.000,2023-09-06 00:00:00.000,2023-09-04 00:00:00.000,PLN,Other,,,2023-09-01 00:00:00.000,2026-07-10 08:00:00.000
1628,32,Synthetic Site 032,2024,Q1,Approved,2023-11-15 00:00:00.000,2023-12-25 00:00:00.000,2023-12-06 00:00:00.000,PLN,Other,,,2023-12-28 00:00:00.000,2026-07-10 08:00:00.000
1629,32,Synthetic Site 032,2024,Q2,Approved,2024-01-23 00:00:00.000,2024-03-22 00:00:00.000,2024-03-08 00:00:00.000,PLN,Other,,,2024-03-20 00:00:00.000,2026-07-10 08:00:00.000
1630,32,Synthetic Site 032,2024,Q3,Approved,2024-05-25 00:00:00.000,2024-07-03 00:00:00.000,2024-07-19 00:00:00.000,PLN,Other,,,2024-07-01 00:00:00.000,2026-07-10 08:00:00.000
1631,32,Synthetic Site 032,2024,Q4,Approved,2024-08-01 00:00:00.000,2024-09-21 00:00:00.000,2024-08-26 00:00:00.000,PLN,Other,,,2024-09-19 00:00:00.000,2026-07-10 08:00:00.000
1632,32,Synthetic Site 032,2025,Q1,Approved,2024-11-01 00:00:00.000,2024-12-14 00:00:00.000,2025-01-06 00:00:00.000,PLN,Other,,,2024-12-14 00:00:00.000,2026-07-10 08:00:00.000
1633,32,Synthetic Site 032,2025,Q2,Approved,2025-02-17 00:00:00.000,2025-03-24 00:00:00.000,2025-03-09 00:00:00.000,PLN,Other,,,2025-03-23 00:00:00.000,2026-07-10 08:00:00.000
1634,32,Synthetic Site 032,2025,Q3,Approved,2025-05-09 00:00:00.000,2025-05-29 00:00:00.000,2025-05-27 00:00:00.000,PLN,Other,,,2025-05-25 00:00:00.000,2026-07-10 08:00:00.000
1635,32,Synthetic Site 032,2025,Q4,Approved,2025-08-01 00:00:00.000,2025-09-14 00:00:00.000,2025-09-14 00:00:00.000,PLN,Other,,,2025-09-14 00:00:00.000,2026-07-10 08:00:00.000
1636,32,Synthetic Site 032,2026,Q1,Approved,2025-11-04 00:00:00.000,2025-12-31 00:00:00.000,2025-12-07 00:00:00.000,PLN,Other,,,2025-12-31 00:00:00.000,2026-07-10 08:00:00.000
1637,32,Synthetic Site 032,2026,Q2,Approved,2026-01-24 00:00:00.000,2026-02-05 00:00:00.000,2026-01-29 00:00:00.000,PLN,Other,,,2026-02-06 00:00:00.000,2026-07-10 08:00:00.000
1638,32,Synthetic Site 032,2026,Q3,Approved,2026-05-14 00:00:00.000,2026-07-06 00:00:00.000,2026-06-21 00:00:00.000,PLN,Other,,,2026-07-04 00:00:00.000,2026-07-10 08:00:00.000
1639,32,Synthetic Site 032,2026,Q4,Approved,2026-07-19 00:00:00.000,2026-07-26 00:00:00.000,2026-08-21 00:00:00.000,PLN,Other,,,2026-07-31 00:00:00.000,2026-07-10 08:00:00.000
1640,33,Synthetic Site 033,2022,Q1,Approved,2021-11-06 00:00:00.000,2021-11-15 00:00:00.000,2021-10-17 00:00:00.000,ZAR,Heavy Equipment,,Partial-year data; annual figure estimated.,2021-11-16 00:00:00.000,2026-07-10 08:00:00.000
1641,33,Synthetic Site 033,2022,Q2,Approved,2022-01-19 00:00:00.000,2022-01-31 00:00:00.000,2022-01-28 00:00:00.000,ZAR,Heavy Equipment,,,2022-02-02 00:00:00.000,2026-07-10 08:00:00.000
1642,33,Synthetic Site 033,2022,Q3,Approved,2022-04-28 00:00:00.000,2022-05-10 00:00:00.000,2022-04-17 00:00:00.000,ZAR,Heavy Equipment,,,2022-05-14 00:00:00.000,2026-07-10 08:00:00.000
1643,33,Synthetic Site 033,2022,Q4,Approved,2022-07-23 00:00:00.000,2022-08-16 00:00:00.000,2022-07-24 00:00:00.000,ZAR,Heavy Equipment,,,2022-08-16 00:00:00.000,2026-07-10 08:00:00.000
1644,33,Synthetic Site 033,2023,Q1,Approved,2022-11-24 00:00:00.000,2022-12-13 00:00:00.000,2023-01-05 00:00:00.000,ZAR,Heavy Equipment,,,2022-12-17 00:00:00.000,2026-07-10 08:00:00.000
1645,33,Synthetic Site 033,2023,Q2,Approved,2023-02-06 00:00:00.000,2023-03-06 00:00:00.000,2023-02-04 00:00:00.000,ZAR,Heavy Equipment,,,2023-03-08 00:00:00.000,2026-07-10 08:00:00.000
1646,33,Synthetic Site 033,2023,Q3,Approved,2023-04-18 00:00:00.000,2023-06-01 00:00:00.000,2023-06-20 00:00:00.000,ZAR,Heavy Equipment,,,2023-06-01 00:00:00.000,2026-07-10 08:00:00.000
1647,33,Synthetic Site 033,2023,Q4,Approved,2023-08-21 00:00:00.000,2023-10-04 00:00:00.000,2023-10-11 00:00:00.000,ZAR,Heavy Equipment,,,2023-10-09 00:00:00.000,2026-07-10 08:00:00.000
1648,33,Synthetic Site 033,2024,Q1,Approved,2023-10-27 00:00:00.000,2023-11-21 00:00:00.000,2023-11-20 00:00:00.000,ZAR,Heavy Equipment,,,2023-11-18 00:00:00.000,2026-07-10 08:00:00.000
1649,33,Synthetic Site 033,2024,Q2,Approved,2024-01-14 00:00:00.000,2024-02-23 00:00:00.000,2024-02-20 00:00:00.000,ZAR,Heavy Equipment,,,2024-02-18 00:00:00.000,2026-07-10 08:00:00.000
1650,33,Synthetic Site 033,2024,Q3,Approved,2024-04-24 00:00:00.000,2024-05-22 00:00:00.000,2024-05-03 00:00:00.000,ZAR,Heavy Equipment,,,2024-05-21 00:00:00.000,2026-07-10 08:00:00.000
1651,33,Synthetic Site 033,2024,Q4,Approved,2024-07-23 00:00:00.000,2024-07-25 00:00:00.000,2024-08-05 00:00:00.000,ZAR,Heavy Equipment,,,2024-07-26 00:00:00.000,2026-07-10 08:00:00.000
1652,33,Synthetic Site 033,2025,Q1,Approved,2024-11-26 00:00:00.000,2025-01-04 00:00:00.000,2025-01-20 00:00:00.000,ZAR,Heavy Equipment,,,2025-01-01 00:00:00.000,2026-07-10 08:00:00.000
1653,33,Synthetic Site 033,2025,Q2,Approved,2025-01-26 00:00:00.000,2025-01-27 00:00:00.000,2024-12-28 00:00:00.000,ZAR,Heavy Equipment,,,2025-01-27 00:00:00.000,2026-07-10 08:00:00.000
1654,33,Synthetic Site 033,2025,Q3,Approved,2025-05-27 00:00:00.000,2025-07-01 00:00:00.000,2025-06-03 00:00:00.000,ZAR,Heavy Equipment,,,2025-07-01 00:00:00.000,2026-07-10 08:00:00.000
1655,33,Synthetic Site 033,2025,Q4,Approved,2025-07-15 00:00:00.000,2025-08-18 00:00:00.000,2025-07-21 00:00:00.000,ZAR,Heavy Equipment,,,2025-08-20 00:00:00.000,2026-07-10 08:00:00.000
1656,33,Synthetic Site 033,2026,Q1,Approved,2025-11-17 00:00:00.000,2025-11-25 00:00:00.000,2025-11-30 00:00:00.000,ZAR,Heavy Equipment,,,2025-11-29 00:00:00.000,2026-07-10 08:00:00.000
1657,33,Synthetic Site 033,2026,Q2,Approved,2026-02-18 00:00:00.000,2026-03-20 00:00:00.000,2026-03-27 00:00:00.000,ZAR,Heavy Equipment,,,2026-03-21 00:00:00.000,2026-07-10 08:00:00.000
1658,33,Synthetic Site 033,2026,Q3,Approved,2026-05-27 00:00:00.000,2026-07-12 00:00:00.000,2026-07-07 00:00:00.000,ZAR,Heavy Equipment,,,2026-07-17 00:00:00.000,2026-07-10 08:00:00.000
1659,33,Synthetic Site 033,2026,Q4,In Work,2026-07-14 00:00:00.000,2026-09-10 00:00:00.000,,ZAR,Heavy Equipment,,,2026-09-14 00:00:00.000,2026-07-10 08:00:00.000
1660,34,Synthetic Site 034,2022,Q1,Approved,2021-11-24 00:00:00.000,2022-01-17 00:00:00.000,2022-01-03 00:00:00.000,GBP,Heavy Equipment,,,2022-01-16 00:00:00.000,2026-07-10 08:00:00.000
1661,34,Synthetic Site 034,2022,Q2,Approved,2022-01-18 00:00:00.000,2022-01-24 00:00:00.000,2022-01-07 00:00:00.000,,Heavy Equipment,,,2022-01-24 00:00:00.000,2026-07-10 08:00:00.000
1662,34,Synthetic Site 034,2022,Q3,Approved,2022-04-18 00:00:00.000,2022-04-29 00:00:00.000,2022-05-20 00:00:00.000,GBP,Heavy Equipment,,Auto-generated synthetic remark.,2022-05-04 00:00:00.000,2026-07-10 08:00:00.000
1663,34,Synthetic Site 034,2022,Q4,Approved,2022-07-24 00:00:00.000,2022-08-24 00:00:00.000,2022-08-29 00:00:00.000,GBP,Heavy Equipment,,,2022-08-23 00:00:00.000,2026-07-10 08:00:00.000
1664,34,Synthetic Site 034,2023,Q1,Approved,2022-10-25 00:00:00.000,2022-12-20 00:00:00.000,2023-01-01 00:00:00.000,GBP,Heavy Equipment,,,2022-12-18 00:00:00.000,2026-07-10 08:00:00.000
1665,34,Synthetic Site 034,2023,Q2,Approved,2023-02-19 00:00:00.000,2023-03-09 00:00:00.000,2023-02-08 00:00:00.000,GBP,Heavy Equipment,,,2023-03-14 00:00:00.000,2026-07-10 08:00:00.000
1666,34,Synthetic Site 034,2023,Q3,Approved,2023-05-26 00:00:00.000,2023-07-12 00:00:00.000,2023-08-09 00:00:00.000,GBP,Heavy Equipment,,,2023-07-12 00:00:00.000,2026-07-10 08:00:00.000
1667,34,Synthetic Site 034,2023,Q4,Approved,2023-08-18 00:00:00.000,2023-10-15 00:00:00.000,2023-10-14 00:00:00.000,GBP,Heavy Equipment,,,2023-10-10 00:00:00.000,2026-07-10 08:00:00.000
1668,34,Synthetic Site 034,2024,Q1,Approved,2023-10-24 00:00:00.000,2023-12-23 00:00:00.000,2024-01-16 00:00:00.000,GBP,Heavy Equipment,,,2023-12-25 00:00:00.000,2026-07-10 08:00:00.000
1669,34,Synthetic Site 034,2024,Q2,Approved,2024-01-15 00:00:00.000,2024-03-03 00:00:00.000,2024-03-27 00:00:00.000,GBP,Heavy Equipment,,,2024-03-01 00:00:00.000,2026-07-10 08:00:00.000
1670,34,Synthetic Site 034,2024,Q3,Approved,2024-05-08 00:00:00.000,2024-06-06 00:00:00.000,2024-05-14 00:00:00.000,GBP,Heavy Equipment,,,2024-06-06 00:00:00.000,2026-07-10 08:00:00.000
1671,34,Synthetic Site 034,2024,Q4,Approved,2024-08-14 00:00:00.000,2024-09-09 00:00:00.000,2024-09-11 00:00:00.000,GBP,Heavy Equipment,,,2024-09-10 00:00:00.000,2026-07-10 08:00:00.000
1672,34,Synthetic Site 034,2025,Q1,Approved,2024-11-12 00:00:00.000,2024-12-06 00:00:00.000,2024-12-27 00:00:00.000,GBP,Heavy Equipment,,,2024-12-06 00:00:00.000,2026-07-10 08:00:00.000
1673,34,Synthetic Site 034,2025,Q2,Approved,2025-02-11 00:00:00.000,2025-02-26 00:00:00.000,2025-02-12 00:00:00.000,GBP,Heavy Equipment,,,2025-02-22 00:00:00.000,2026-07-10 08:00:00.000
1674,34,Synthetic Site 034,2025,Q3,Approved,2025-05-18 00:00:00.000,2025-07-12 00:00:00.000,2025-07-18 00:00:00.000,GBP,Heavy Equipment,,,2025-07-09 00:00:00.000,2026-07-10 08:00:00.000
1675,34,Synthetic Site 034,2025,Q4,Approved,2025-08-18 00:00:00.000,2025-08-23 00:00:00.000,2025-08-25 00:00:00.000,GBP,,,,2025-08-26 00:00:00.000,2026-07-10 08:00:00.000
1676,34,Synthetic Site 034,2026,Q1,Approved,2025-11-05 00:00:00.000,2025-11-22 00:00:00.000,2025-12-15 00:00:00.000,GBP,Heavy Equipment,,,2025-11-20 00:00:00.000,2026-07-10 08:00:00.000
1677,34,Synthetic Site 034,2026,Q2,Approved,2026-02-02 00:00:00.000,2026-02-23 00:00:00.000,2026-02-22 00:00:00.000,GBP,Heavy Equipment,,,2026-02-23 00:00:00.000,2026-07-10 08:00:00.000
1678,34,Synthetic Site 034,2026,Q3,Approved,2026-05-21 00:00:00.000,2026-05-24 00:00:00.000,2026-05-27 00:00:00.000,GBP,Heavy Equipment,,,2026-05-21 00:00:00.000,2026-07-10 08:00:00.000
1679,34,Synthetic Site 034,2026,Q4,Approved,2026-07-29 00:00:00.000,2026-09-06 00:00:00.000,2026-09-19 00:00:00.000,GBP,Heavy Equipment,,,2026-09-08 00:00:00.000,2026-07-10 08:00:00.000
1680,35,Synthetic Site 035,2022,Q1,Approved,2021-11-19 00:00:00.000,2022-01-17 00:00:00.000,2021-12-29 00:00:00.000,EUR,Assembling,,,2022-01-13 00:00:00.000,2026-07-10 08:00:00.000
1681,35,Synthetic Site 035,2022,Q2,Approved,2022-02-08 00:00:00.000,2022-02-13 00:00:00.000,2022-03-12 00:00:00.000,EUR,Assembling,,,2022-02-15 00:00:00.000,2026-07-10 08:00:00.000
1682,35,Synthetic Site 035,2022,Q3,Approved,2022-05-03 00:00:00.000,2022-06-07 00:00:00.000,2022-05-19 00:00:00.000,EUR,Assembling,,,2022-06-03 00:00:00.000,2026-07-10 08:00:00.000
1683,35,Synthetic Site 035,2022,Q4,Approved,2022-07-18 00:00:00.000,2022-08-26 00:00:00.000,2022-09-17 00:00:00.000,EUR,Assembling,,,2022-08-28 00:00:00.000,2026-07-10 08:00:00.000
1684,35,Synthetic Site 035,2023,Q1,Approved,2022-11-13 00:00:00.000,2022-11-27 00:00:00.000,2022-12-05 00:00:00.000,EUR,Assembling,,,2022-11-25 00:00:00.000,2026-07-10 08:00:00.000
1685,35,Synthetic Site 035,2023,Q2,Approved,2023-02-28 00:00:00.000,2023-03-04 00:00:00.000,2023-02-27 00:00:00.000,EUR,Assembling,,,2023-03-05 00:00:00.000,2026-07-10 08:00:00.000
1686,35,Synthetic Site 035,2023,Q3,Approved,2023-04-23 00:00:00.000,2023-05-03 00:00:00.000,2023-04-23 00:00:00.000,EUR,Assembling,,,2023-05-04 00:00:00.000,2026-07-10 08:00:00.000
1687,35,Synthetic Site 035,2023,Q4,Approved,2023-07-22 00:00:00.000,2023-09-02 00:00:00.000,2023-08-05 00:00:00.000,EUR,Assembling,,,2023-09-02 00:00:00.000,2026-07-10 08:00:00.000
1688,35,Synthetic Site 035,2024,Q1,Approved,2023-11-14 00:00:00.000,2024-01-07 00:00:00.000,2023-12-28 00:00:00.000,EUR,Assembling,,,2024-01-09 00:00:00.000,2026-07-10 08:00:00.000
1689,35,Synthetic Site 035,2024,Q2,Approved,2024-02-14 00:00:00.000,2024-03-27 00:00:00.000,2024-03-13 00:00:00.000,EUR,Assembling,,,2024-03-30 00:00:00.000,2026-07-10 08:00:00.000
1690,35,Synthetic Site 035,2024,Q3,Approved,2024-05-10 00:00:00.000,2024-06-14 00:00:00.000,2024-05-15 00:00:00.000,EUR,Assembling,,,2024-06-18 00:00:00.000,2026-07-10 08:00:00.000
1691,35,Synthetic Site 035,2024,Q4,Approved,2024-08-08 00:00:00.000,2024-09-27 00:00:00.000,2024-10-16 00:00:00.000,EUR,Assembling,,,2024-09-30 00:00:00.000,2026-07-10 08:00:00.000
1692,35,Synthetic Site 035,2025,Q1,Approved,2024-11-30 00:00:00.000,2024-12-02 00:00:00.000,2024-12-11 00:00:00.000,EUR,Assembling,,,2024-11-27 00:00:00.000,2026-07-10 08:00:00.000
1693,35,Synthetic Site 035,2025,Q2,Approved,2025-01-26 00:00:00.000,2025-02-26 00:00:00.000,2025-03-23 00:00:00.000,EUR,Assembling,,,2025-02-22 00:00:00.000,2026-07-10 08:00:00.000
1694,35,Synthetic Site 035,2025,Q3,Approved,2025-04-28 00:00:00.000,2025-06-20 00:00:00.000,2025-06-24 00:00:00.000,EUR,Assembling,,,2025-06-22 00:00:00.000,2026-07-10 08:00:00.000
1695,35,Synthetic Site 035,2025,Q4,Approved,2025-07-16 00:00:00.000,2025-09-10 00:00:00.000,2025-09-23 00:00:00.000,EUR,Assembling,,,2025-09-15 00:00:00.000,2026-07-10 08:00:00.000
1696,35,Synthetic Site 035,2026,Q1,Approved,2025-11-17 00:00:00.000,2026-01-15 00:00:00.000,2026-01-18 00:00:00.000,EUR,Assembling,,,2026-01-11 00:00:00.000,2026-07-10 08:00:00.000
1697,35,Synthetic Site 035,2026,Q2,Approved,2026-01-30 00:00:00.000,2026-03-22 00:00:00.000,2026-03-02 00:00:00.000,EUR,Assembling,,,2026-03-22 00:00:00.000,2026-07-10 08:00:00.000
1698,35,Synthetic Site 035,2026,Q3,Approved,2026-05-11 00:00:00.000,2026-07-03 00:00:00.000,2026-06-15 00:00:00.000,EUR,Assembling,,,2026-07-06 00:00:00.000,2026-07-10 08:00:00.000
1699,35,Synthetic Site 035,2026,Q4,Approved,2026-08-18 00:00:00.000,2026-10-05 00:00:00.000,2026-09-08 00:00:00.000,EUR,Assembling,,,2026-09-30 00:00:00.000,2026-07-10 08:00:00.000
1700,36,Synthetic Site 036,2022,Q1,Approved,2021-10-16 00:00:00.000,2021-11-17 00:00:00.000,2021-11-10 00:00:00.000,EUR,Mechanical Production,,,2021-11-21 00:00:00.000,2026-07-10 08:00:00.000
1701,36,Synthetic Site 036,2022,Q2,Approved,2022-02-22 00:00:00.000,2022-03-01 00:00:00.000,2022-02-02 00:00:00.000,EUR,Mechanical Production,,Auto-generated synthetic remark.,2022-02-26 00:00:00.000,2026-07-10 08:00:00.000
1702,36,Synthetic Site 036,2022,Q3,Approved,2022-04-14 00:00:00.000,2022-05-16 00:00:00.000,2022-04-17 00:00:00.000,EUR,Mechanical Production,,,2022-05-16 00:00:00.000,2026-07-10 08:00:00.000
1703,36,Synthetic Site 036,2022,Q4,Approved,2022-07-14 00:00:00.000,2022-07-18 00:00:00.000,2022-07-03 00:00:00.000,EUR,,,,2022-07-20 00:00:00.000,2026-07-10 08:00:00.000
1704,36,Synthetic Site 036,2023,Q1,Approved,2022-11-13 00:00:00.000,2023-01-01 00:00:00.000,2023-01-16 00:00:00.000,EUR,Mechanical Production,,,2022-12-29 00:00:00.000,2026-07-10 08:00:00.000
1705,36,Synthetic Site 036,2023,Q2,Approved,2023-02-23 00:00:00.000,2023-03-14 00:00:00.000,2023-03-03 00:00:00.000,EUR,Mechanical Production,,,2023-03-13 00:00:00.000,2026-07-10 08:00:00.000
1706,36,Synthetic Site 036,2023,Q3,Approved,2023-05-07 00:00:00.000,2023-06-30 00:00:00.000,2023-06-08 00:00:00.000,EUR,Mechanical Production,Includes all energy and emissions from site operations.,,2023-07-05 00:00:00.000,2026-07-10 08:00:00.000
1707,36,Synthetic Site 036,2023,Q4,Approved,2023-08-08 00:00:00.000,2023-09-08 00:00:00.000,2023-10-05 00:00:00.000,EUR,Mechanical Production,,,2023-09-06 00:00:00.000,2026-07-10 08:00:00.000
1708,36,Synthetic Site 036,2024,Q1,Approved,2023-11-04 00:00:00.000,2023-12-01 00:00:00.000,2023-12-31 00:00:00.000,EUR,Mechanical Production,,,2023-11-30 00:00:00.000,2026-07-10 08:00:00.000
1709,36,Synthetic Site 036,2024,Q2,Approved,2024-01-19 00:00:00.000,2024-01-31 00:00:00.000,2024-01-17 00:00:00.000,EUR,Mechanical Production,,,2024-01-27 00:00:00.000,2026-07-10 08:00:00.000
1710,36,Synthetic Site 036,2024,Q3,Approved,2024-04-21 00:00:00.000,2024-05-08 00:00:00.000,2024-04-28 00:00:00.000,,Mechanical Production,,,2024-05-03 00:00:00.000,2026-07-10 08:00:00.000
1711,36,Synthetic Site 036,2024,Q4,Approved,2024-07-22 00:00:00.000,2024-09-19 00:00:00.000,2024-09-23 00:00:00.000,EUR,Mechanical Production,,,2024-09-15 00:00:00.000,2026-07-10 08:00:00.000
1712,36,Synthetic Site 036,2025,Q1,Approved,2024-10-31 00:00:00.000,2024-11-27 00:00:00.000,2024-12-09 00:00:00.000,EUR,Mechanical Production,Includes all energy and emissions from site operations.,,2024-12-01 00:00:00.000,2026-07-10 08:00:00.000
1713,36,Synthetic Site 036,2025,Q2,Approved,2025-01-24 00:00:00.000,2025-03-13 00:00:00.000,2025-03-10 00:00:00.000,EUR,Mechanical Production,,,2025-03-17 00:00:00.000,2026-07-10 08:00:00.000
1714,36,Synthetic Site 036,2025,Q3,Approved,2025-05-23 00:00:00.000,2025-06-21 00:00:00.000,2025-06-05 00:00:00.000,EUR,Mechanical Production,,,2025-06-18 00:00:00.000,2026-07-10 08:00:00.000
1715,36,Synthetic Site 036,2025,Q4,Approved,2025-08-14 00:00:00.000,2025-09-04 00:00:00.000,2025-09-20 00:00:00.000,EUR,Mechanical Production,,,2025-09-02 00:00:00.000,2026-07-10 08:00:00.000
1716,36,Synthetic Site 036,2026,Q1,Approved,2025-11-18 00:00:00.000,2026-01-09 00:00:00.000,2026-02-06 00:00:00.000,EUR,Mechanical Production,,,2026-01-08 00:00:00.000,2026-07-10 08:00:00.000
1717,36,Synthetic Site 036,2026,Q2,Approved,2026-01-22 00:00:00.000,2026-03-03 00:00:00.000,2026-02-13 00:00:00.000,,Mechanical Production,,,,2026-07-10 08:00:00.000
1718,36,Synthetic Site 036,2026,Q3,Approved,2026-05-08 00:00:00.000,2026-06-30 00:00:00.000,2026-07-29 00:00:00.000,EUR,Mechanical Production,,,2026-07-05 00:00:00.000,2026-07-10 08:00:00.000
1719,36,Synthetic Site 036,2026,Q4,Approved,2026-08-24 00:00:00.000,2026-10-02 00:00:00.000,2026-09-21 00:00:00.000,EUR,Mechanical Production,,,2026-09-30 00:00:00.000,2026-07-10 08:00:00.000
1720,37,Synthetic Site 037,2022,Q1,Approved,2021-10-23 00:00:00.000,2021-11-16 00:00:00.000,2021-12-09 00:00:00.000,EUR,Office/Administration,,Data verified by site manager.,2021-11-13 00:00:00.000,2026-07-10 08:00:00.000
1721,37,Synthetic Site 037,2022,Q2,Approved,2022-02-15 00:00:00.000,2022-02-17 00:00:00.000,2022-01-20 00:00:00.000,EUR,Office/Administration,,,2022-02-21 00:00:00.000,2026-07-10 08:00:00.000
1722,37,Synthetic Site 037,2022,Q3,Approved,2022-04-21 00:00:00.000,2022-06-14 00:00:00.000,2022-06-27 00:00:00.000,EUR,Office/Administration,,,2022-06-19 00:00:00.000,2026-07-10 08:00:00.000
1723,37,Synthetic Site 037,2022,Q4,Approved,2022-07-25 00:00:00.000,2022-08-08 00:00:00.000,2022-07-28 00:00:00.000,EUR,Office/Administration,,,2022-08-12 00:00:00.000,2026-07-10 08:00:00.000
1724,37,Synthetic Site 037,2023,Q1,Approved,2022-10-24 00:00:00.000,2022-11-25 00:00:00.000,2022-12-03 00:00:00.000,EUR,Office/Administration,,,2022-11-29 00:00:00.000,2026-07-10 08:00:00.000
1725,37,Synthetic Site 037,2023,Q2,Approved,2023-02-05 00:00:00.000,2023-02-05 00:00:00.000,2023-01-18 00:00:00.000,EUR,Office/Administration,,,2023-02-09 00:00:00.000,2026-07-10 08:00:00.000
1726,37,Synthetic Site 037,2023,Q3,Approved,2023-05-20 00:00:00.000,2023-06-13 00:00:00.000,2023-07-08 00:00:00.000,EUR,Office/Administration,,,2023-06-17 00:00:00.000,2026-07-10 08:00:00.000
1727,37,Synthetic Site 037,2023,Q4,Approved,2023-08-14 00:00:00.000,2023-09-02 00:00:00.000,2023-09-10 00:00:00.000,EUR,Office/Administration,,,2023-09-01 00:00:00.000,2026-07-10 08:00:00.000
1728,37,Synthetic Site 037,2024,Q1,Approved,2023-11-26 00:00:00.000,2023-12-17 00:00:00.000,2023-12-27 00:00:00.000,EUR,Office/Administration,,,2023-12-17 00:00:00.000,2026-07-10 08:00:00.000
1729,37,Synthetic Site 037,2024,Q2,Approved,2024-02-11 00:00:00.000,2024-04-08 00:00:00.000,2024-03-16 00:00:00.000,EUR,Office/Administration,,,2024-04-06 00:00:00.000,2026-07-10 08:00:00.000
1730,37,Synthetic Site 037,2024,Q3,Approved,2024-05-09 00:00:00.000,2024-05-11 00:00:00.000,2024-04-15 00:00:00.000,EUR,Office/Administration,,,2024-05-12 00:00:00.000,2026-07-10 08:00:00.000
1731,37,Synthetic Site 037,2024,Q4,Approved,2024-08-22 00:00:00.000,2024-10-10 00:00:00.000,2024-10-28 00:00:00.000,EUR,Office/Administration,,,2024-10-13 00:00:00.000,2026-07-10 08:00:00.000
1732,37,Synthetic Site 037,2025,Q1,Approved,2024-10-21 00:00:00.000,2024-10-22 00:00:00.000,2024-11-20 00:00:00.000,EUR,Office/Administration,,,2024-10-17 00:00:00.000,2026-07-10 08:00:00.000
1733,37,Synthetic Site 037,2025,Q2,Approved,2025-02-04 00:00:00.000,2025-02-27 00:00:00.000,2025-02-23 00:00:00.000,EUR,Office/Administration,,,2025-02-23 00:00:00.000,2026-07-10 08:00:00.000
1734,37,Synthetic Site 037,2025,Q3,Approved,2025-04-26 00:00:00.000,2025-06-24 00:00:00.000,2025-06-23 00:00:00.000,EUR,Office/Administration,,,2025-06-19 00:00:00.000,2026-07-10 08:00:00.000
1735,37,Synthetic Site 037,2025,Q4,Approved,2025-07-19 00:00:00.000,2025-09-01 00:00:00.000,2025-08-31 00:00:00.000,EUR,Office/Administration,,,2025-09-02 00:00:00.000,2026-07-10 08:00:00.000
1736,37,Synthetic Site 037,2026,Q1,Approved,2025-10-28 00:00:00.000,2025-11-13 00:00:00.000,2025-10-22 00:00:00.000,EUR,Office/Administration,,,2025-11-08 00:00:00.000,2026-07-10 08:00:00.000
1737,37,Synthetic Site 037,2026,Q2,Approved,2026-01-26 00:00:00.000,2026-03-17 00:00:00.000,2026-04-03 00:00:00.000,EUR,Office/Administration,,,2026-03-16 00:00:00.000,2026-07-10 08:00:00.000
1738,37,Synthetic Site 037,2026,Q3,Approved,2026-05-26 00:00:00.000,2026-07-23 00:00:00.000,2026-08-20 00:00:00.000,EUR,Office/Administration,,,2026-07-22 00:00:00.000,2026-07-10 08:00:00.000
1739,37,Synthetic Site 037,2026,Q4,Approved,2026-08-01 00:00:00.000,2026-09-17 00:00:00.000,2026-08-25 00:00:00.000,EUR,Office/Administration,All environmental data for the site premises.,,2026-09-17 00:00:00.000,2026-07-10 08:00:00.000
1740,38,Synthetic Site 038,2022,Q1,Approved,2021-10-17 00:00:00.000,2021-11-25 00:00:00.000,2021-11-14 00:00:00.000,EUR,Service,,,2021-11-26 00:00:00.000,2026-07-10 08:00:00.000
1741,38,Synthetic Site 038,2022,Q2,Approved,2022-02-28 00:00:00.000,2022-04-14 00:00:00.000,2022-04-19 00:00:00.000,EUR,Service,,,2022-04-18 00:00:00.000,2026-07-10 08:00:00.000
1742,38,Synthetic Site 038,2022,Q3,Approved,2022-05-11 00:00:00.000,2022-05-18 00:00:00.000,2022-06-10 00:00:00.000,EUR,Service,,,2022-05-20 00:00:00.000,2026-07-10 08:00:00.000
1743,38,Synthetic Site 038,2022,Q4,Approved,2022-08-03 00:00:00.000,,2022-08-14 00:00:00.000,EUR,Service,,,2022-09-02 00:00:00.000,2026-07-10 08:00:00.000
1744,38,Synthetic Site 038,2023,Q1,Approved,2022-11-12 00:00:00.000,2022-12-11 00:00:00.000,2022-12-02 00:00:00.000,EUR,Service,,,2022-12-07 00:00:00.000,2026-07-10 08:00:00.000
1745,38,Synthetic Site 038,2023,Q2,Approved,2023-01-24 00:00:00.000,2023-02-15 00:00:00.000,2023-02-07 00:00:00.000,EUR,Service,,,2023-02-16 00:00:00.000,2026-07-10 08:00:00.000
1746,38,Synthetic Site 038,2023,Q3,Approved,2023-05-05 00:00:00.000,2023-06-12 00:00:00.000,2023-07-01 00:00:00.000,EUR,Service,,,,2026-07-10 08:00:00.000
1747,38,Synthetic Site 038,2023,Q4,Approved,2023-07-18 00:00:00.000,2023-07-18 00:00:00.000,2023-06-28 00:00:00.000,EUR,Service,,,2023-07-23 00:00:00.000,2026-07-10 08:00:00.000
1748,38,Synthetic Site 038,2024,Q1,Approved,2023-11-20 00:00:00.000,2023-12-16 00:00:00.000,2023-12-02 00:00:00.000,EUR,Service,,,2023-12-14 00:00:00.000,2026-07-10 08:00:00.000
1749,38,Synthetic Site 038,2024,Q2,Approved,2024-02-02 00:00:00.000,2024-03-24 00:00:00.000,2024-02-24 00:00:00.000,,Service,,,2024-03-24 00:00:00.000,2026-07-10 08:00:00.000
1750,38,Synthetic Site 038,2024,Q3,Approved,2024-04-20 00:00:00.000,2024-06-03 00:00:00.000,2024-06-03 00:00:00.000,EUR,Service,,,2024-06-03 00:00:00.000,2026-07-10 08:00:00.000
1751,38,Synthetic Site 038,2024,Q4,Approved,2024-08-11 00:00:00.000,2024-09-21 00:00:00.000,2024-10-12 00:00:00.000,EUR,Service,,,2024-09-24 00:00:00.000,2026-07-10 08:00:00.000
1752,38,Synthetic Site 038,2025,Q1,Approved,2024-11-13 00:00:00.000,2024-12-11 00:00:00.000,2024-12-22 00:00:00.000,,Service,,,2024-12-16 00:00:00.000,2026-07-10 08:00:00.000
1753,38,Synthetic Site 038,2025,Q2,Approved,2025-01-30 00:00:00.000,2025-03-13 00:00:00.000,2025-03-30 00:00:00.000,EUR,Service,,,2025-03-15 00:00:00.000,2026-07-10 08:00:00.000
1754,38,Synthetic Site 038,2025,Q3,Approved,2025-05-01 00:00:00.000,2025-05-21 00:00:00.000,2025-06-10 00:00:00.000,EUR,Service,,,2025-05-17 00:00:00.000,2026-07-10 08:00:00.000
1755,38,Synthetic Site 038,2025,Q4,Approved,2025-07-18 00:00:00.000,2025-08-03 00:00:00.000,2025-07-07 00:00:00.000,,Service,,,2025-08-01 00:00:00.000,2026-07-10 08:00:00.000
1756,38,Synthetic Site 038,2026,Q1,Approved,2025-10-21 00:00:00.000,2025-11-23 00:00:00.000,2025-11-12 00:00:00.000,EUR,Service,,,2025-11-24 00:00:00.000,2026-07-10 08:00:00.000
1757,38,Synthetic Site 038,2026,Q2,Approved,2026-02-22 00:00:00.000,,2026-04-11 00:00:00.000,EUR,Service,,,2026-03-30 00:00:00.000,2026-07-10 08:00:00.000
1758,38,Synthetic Site 038,2026,Q3,Approved,2026-05-25 00:00:00.000,2026-07-03 00:00:00.000,2026-06-04 00:00:00.000,EUR,Service,,,2026-07-05 00:00:00.000,2026-07-10 08:00:00.000
1759,38,Synthetic Site 038,2026,Q4,Approved,2026-07-13 00:00:00.000,2026-08-18 00:00:00.000,2026-09-17 00:00:00.000,EUR,Service,,,2026-08-21 00:00:00.000,2026-07-10 08:00:00.000
1760,39,Synthetic Site 039,2022,Q1,Approved,2021-11-13 00:00:00.000,2021-12-14 00:00:00.000,2021-12-26 00:00:00.000,EUR,Mechanical Production,,,2021-12-14 00:00:00.000,2026-07-10 08:00:00.000
1761,39,Synthetic Site 039,2022,Q2,Approved,2022-02-01 00:00:00.000,2022-02-09 00:00:00.000,2022-01-13 00:00:00.000,EUR,Mechanical Production,,,2022-02-08 00:00:00.000,2026-07-10 08:00:00.000
1762,39,Synthetic Site 039,2022,Q3,Approved,2022-04-28 00:00:00.000,2022-05-29 00:00:00.000,2022-06-09 00:00:00.000,EUR,Mechanical Production,,,2022-05-26 00:00:00.000,2026-07-10 08:00:00.000
1763,39,Synthetic Site 039,2022,Q4,Approved,2022-08-15 00:00:00.000,2022-09-16 00:00:00.000,2022-10-11 00:00:00.000,EUR,Mechanical Production,,,,2026-07-10 08:00:00.000
1764,39,Synthetic Site 039,2023,Q1,Approved,2022-10-18 00:00:00.000,2022-12-04 00:00:00.000,2022-12-31 00:00:00.000,EUR,Mechanical Production,,,2022-12-05 00:00:00.000,2026-07-10 08:00:00.000
1765,39,Synthetic Site 039,2023,Q2,Approved,2023-02-09 00:00:00.000,2023-03-01 00:00:00.000,2023-02-22 00:00:00.000,EUR,Mechanical Production,,,2023-03-06 00:00:00.000,2026-07-10 08:00:00.000
1766,39,Synthetic Site 039,2023,Q3,Approved,2023-04-28 00:00:00.000,2023-06-27 00:00:00.000,2023-07-14 00:00:00.000,EUR,Mechanical Production,,,2023-06-23 00:00:00.000,2026-07-10 08:00:00.000
1767,39,Synthetic Site 039,2023,Q4,Approved,2023-07-19 00:00:00.000,2023-08-16 00:00:00.000,2023-08-08 00:00:00.000,EUR,Mechanical Production,,,2023-08-15 00:00:00.000,2026-07-10 08:00:00.000
1768,39,Synthetic Site 039,2024,Q1,Approved,2023-11-14 00:00:00.000,2023-12-18 00:00:00.000,2024-01-15 00:00:00.000,EUR,Mechanical Production,,,2023-12-15 00:00:00.000,2026-07-10 08:00:00.000
1769,39,Synthetic Site 039,2024,Q2,Approved,2024-02-24 00:00:00.000,2024-03-15 00:00:00.000,2024-03-26 00:00:00.000,EUR,Mechanical Production,,,2024-03-17 00:00:00.000,2026-07-10 08:00:00.000
1770,39,Synthetic Site 039,2024,Q3,Approved,2024-04-30 00:00:00.000,2024-06-09 00:00:00.000,2024-06-29 00:00:00.000,EUR,Mechanical Production,,,2024-06-06 00:00:00.000,2026-07-10 08:00:00.000
1771,39,Synthetic Site 039,2024,Q4,Approved,2024-07-17 00:00:00.000,2024-08-26 00:00:00.000,2024-08-24 00:00:00.000,EUR,Mechanical Production,,,2024-08-27 00:00:00.000,2026-07-10 08:00:00.000
1772,39,Synthetic Site 039,2025,Q1,Approved,2024-11-02 00:00:00.000,2024-11-15 00:00:00.000,2024-12-05 00:00:00.000,EUR,Mechanical Production,,,2024-11-18 00:00:00.000,2026-07-10 08:00:00.000
1773,39,Synthetic Site 039,2025,Q2,Approved,2025-02-18 00:00:00.000,2025-03-12 00:00:00.000,2025-02-26 00:00:00.000,EUR,Mechanical Production,,,2025-03-17 00:00:00.000,2026-07-10 08:00:00.000
1774,39,Synthetic Site 039,2025,Q3,Approved,2025-05-11 00:00:00.000,2025-05-11 00:00:00.000,2025-05-07 00:00:00.000,EUR,Mechanical Production,,,2025-05-08 00:00:00.000,2026-07-10 08:00:00.000
1775,39,Synthetic Site 039,2025,Q4,Approved,2025-07-17 00:00:00.000,2025-09-07 00:00:00.000,2025-09-16 00:00:00.000,EUR,Mechanical Production,,,2025-09-02 00:00:00.000,2026-07-10 08:00:00.000
1776,39,Synthetic Site 039,2026,Q1,Approved,2025-10-29 00:00:00.000,2025-11-30 00:00:00.000,2025-11-01 00:00:00.000,EUR,Mechanical Production,,,,2026-07-10 08:00:00.000
1777,39,Synthetic Site 039,2026,Q2,Approved,2026-01-30 00:00:00.000,2026-02-06 00:00:00.000,2026-01-30 00:00:00.000,EUR,Mechanical Production,,,2026-02-03 00:00:00.000,2026-07-10 08:00:00.000
1778,39,Synthetic Site 039,2026,Q3,Approved,2026-05-28 00:00:00.000,2026-06-23 00:00:00.000,2026-07-16 00:00:00.000,EUR,Mechanical Production,,,2026-06-25 00:00:00.000,2026-07-10 08:00:00.000
1779,39,Synthetic Site 039,2026,Q4,Approved,2026-07-22 00:00:00.000,2026-09-15 00:00:00.000,2026-10-06 00:00:00.000,EUR,Mechanical Production,,,2026-09-17 00:00:00.000,2026-07-10 08:00:00.000
1780,40,Synthetic Site 040,2022,Q1,Approved,2021-11-09 00:00:00.000,2022-01-02 00:00:00.000,2022-01-25 00:00:00.000,USD,Service,,,2021-12-28 00:00:00.000,2026-07-10 08:00:00.000
1781,40,Synthetic Site 040,2022,Q2,Approved,2022-01-31 00:00:00.000,2022-03-14 00:00:00.000,2022-03-04 00:00:00.000,USD,Service,,,2022-03-12 00:00:00.000,2026-07-10 08:00:00.000
1782,40,Synthetic Site 040,2022,Q3,Approved,2022-05-27 00:00:00.000,2022-06-17 00:00:00.000,2022-06-27 00:00:00.000,USD,Service,,,2022-06-16 00:00:00.000,2026-07-10 08:00:00.000
1783,40,Synthetic Site 040,2022,Q4,Approved,2022-08-26 00:00:00.000,2022-09-21 00:00:00.000,2022-08-30 00:00:00.000,USD,Service,,,2022-09-20 00:00:00.000,2026-07-10 08:00:00.000
1784,40,Synthetic Site 040,2023,Q1,Approved,2022-11-22 00:00:00.000,2022-12-07 00:00:00.000,2022-12-20 00:00:00.000,USD,Service,,,2022-12-05 00:00:00.000,2026-07-10 08:00:00.000
1785,40,Synthetic Site 040,2023,Q2,Approved,2023-02-17 00:00:00.000,2023-04-14 00:00:00.000,2023-04-01 00:00:00.000,USD,Service,,,2023-04-13 00:00:00.000,2026-07-10 08:00:00.000
1786,40,Synthetic Site 040,2023,Q3,Approved,2023-04-23 00:00:00.000,2023-05-10 00:00:00.000,2023-04-24 00:00:00.000,USD,Service,,,2023-05-13 00:00:00.000,2026-07-10 08:00:00.000
1787,40,Synthetic Site 040,2023,Q4,Approved,2023-08-20 00:00:00.000,2023-10-14 00:00:00.000,2023-09-25 00:00:00.000,USD,Service,,,2023-10-18 00:00:00.000,2026-07-10 08:00:00.000
1788,40,Synthetic Site 040,2024,Q1,Approved,2023-11-12 00:00:00.000,2023-11-15 00:00:00.000,2023-12-02 00:00:00.000,USD,Service,All environmental data for the site premises.,,2023-11-10 00:00:00.000,2026-07-10 08:00:00.000
1789,40,Synthetic Site 040,2024,Q2,Approved,2024-02-27 00:00:00.000,2024-03-20 00:00:00.000,2024-03-03 00:00:00.000,USD,Service,,,2024-03-17 00:00:00.000,2026-07-10 08:00:00.000
1790,40,Synthetic Site 040,2024,Q3,Approved,2024-05-15 00:00:00.000,2024-05-26 00:00:00.000,2024-04-30 00:00:00.000,USD,Service,,,2024-05-29 00:00:00.000,2026-07-10 08:00:00.000
1791,40,Synthetic Site 040,2024,Q4,Approved,2024-08-25 00:00:00.000,2024-10-22 00:00:00.000,2024-11-11 00:00:00.000,USD,Service,,,2024-10-17 00:00:00.000,2026-07-10 08:00:00.000
1792,40,Synthetic Site 040,2025,Q1,Approved,2024-11-08 00:00:00.000,2024-12-10 00:00:00.000,2024-11-13 00:00:00.000,USD,Service,,,2024-12-13 00:00:00.000,2026-07-10 08:00:00.000
1793,40,Synthetic Site 040,2025,Q2,Approved,2025-02-25 00:00:00.000,2025-04-10 00:00:00.000,2025-04-06 00:00:00.000,USD,Service,,,2025-04-07 00:00:00.000,2026-07-10 08:00:00.000
1794,40,Synthetic Site 040,2025,Q3,Approved,2025-04-14 00:00:00.000,2025-05-31 00:00:00.000,2025-05-14 00:00:00.000,USD,Service,,,2025-05-26 00:00:00.000,2026-07-10 08:00:00.000
1795,40,Synthetic Site 040,2025,Q4,Approved,2025-07-22 00:00:00.000,2025-07-22 00:00:00.000,2025-07-17 00:00:00.000,USD,Service,,,2025-07-26 00:00:00.000,2026-07-10 08:00:00.000
1796,40,Synthetic Site 040,2026,Q1,Approved,2025-10-29 00:00:00.000,2025-11-23 00:00:00.000,2025-11-08 00:00:00.000,USD,Service,,,2025-11-22 00:00:00.000,2026-07-10 08:00:00.000
1797,40,Synthetic Site 040,2026,Q2,Approved,2026-01-18 00:00:00.000,2026-02-22 00:00:00.000,2026-03-15 00:00:00.000,USD,Service,,,2026-02-25 00:00:00.000,2026-07-10 08:00:00.000
1798,40,Synthetic Site 040,2026,Q3,Approved,2026-04-18 00:00:00.000,2026-05-19 00:00:00.000,2026-06-16 00:00:00.000,USD,Service,,,2026-05-18 00:00:00.000,2026-07-10 08:00:00.000
1799,40,Synthetic Site 040,2026,Q4,Approved,2026-08-23 00:00:00.000,2026-10-02 00:00:00.000,2026-10-29 00:00:00.000,USD,Service,,,2026-10-06 00:00:00.000,2026-07-10 08:00:00.000
1800,41,Synthetic Site 041,2022,Q1,Approved,2021-11-15 00:00:00.000,2021-12-15 00:00:00.000,2021-12-14 00:00:00.000,EUR,Assembling,,,2021-12-12 00:00:00.000,2026-07-10 08:00:00.000
1801,41,Synthetic Site 041,2022,Q2,Approved,2022-01-24 00:00:00.000,,2022-02-25 00:00:00.000,EUR,Assembling,,,2022-02-05 00:00:00.000,2026-07-10 08:00:00.000
1802,41,Synthetic Site 041,2022,Q3,Approved,2022-05-22 00:00:00.000,2022-06-01 00:00:00.000,2022-06-14 00:00:00.000,EUR,Assembling,,,2022-05-30 00:00:00.000,2026-07-10 08:00:00.000
1803,41,Synthetic Site 041,2022,Q4,Approved,2022-07-28 00:00:00.000,,2022-10-04 00:00:00.000,EUR,Assembling,,,2022-09-18 00:00:00.000,2026-07-10 08:00:00.000
1804,41,Synthetic Site 041,2023,Q1,Approved,2022-11-29 00:00:00.000,2022-12-01 00:00:00.000,2022-12-01 00:00:00.000,EUR,Assembling,,,2022-12-06 00:00:00.000,2026-07-10 08:00:00.000
1805,41,Synthetic Site 041,2023,Q2,Approved,2023-01-17 00:00:00.000,2023-01-31 00:00:00.000,2023-03-01 00:00:00.000,EUR,Assembling,,,2023-01-29 00:00:00.000,2026-07-10 08:00:00.000
1806,41,Synthetic Site 041,2023,Q3,Approved,2023-05-09 00:00:00.000,2023-06-02 00:00:00.000,2023-05-21 00:00:00.000,EUR,Assembling,,,2023-06-06 00:00:00.000,2026-07-10 08:00:00.000
1807,41,Synthetic Site 041,2023,Q4,Approved,2023-08-14 00:00:00.000,2023-09-10 00:00:00.000,2023-09-05 00:00:00.000,EUR,Assembling,,,2023-09-14 00:00:00.000,2026-07-10 08:00:00.000
1808,41,Synthetic Site 041,2024,Q1,In Work,2023-10-21 00:00:00.000,2023-12-09 00:00:00.000,,EUR,Assembling,,,2023-12-06 00:00:00.000,2026-07-10 08:00:00.000
1809,41,Synthetic Site 041,2024,Q2,Approved,2024-02-23 00:00:00.000,2024-04-20 00:00:00.000,2024-04-02 00:00:00.000,EUR,Assembling,,,2024-04-16 00:00:00.000,2026-07-10 08:00:00.000
1810,41,Synthetic Site 041,2024,Q3,Approved,2024-05-03 00:00:00.000,2024-05-07 00:00:00.000,2024-05-27 00:00:00.000,EUR,Assembling,,,2024-05-07 00:00:00.000,2026-07-10 08:00:00.000
1811,41,Synthetic Site 041,2024,Q4,Approved,2024-08-16 00:00:00.000,2024-08-31 00:00:00.000,2024-09-28 00:00:00.000,EUR,Assembling,,,2024-09-04 00:00:00.000,2026-07-10 08:00:00.000
1812,41,Synthetic Site 041,2025,Q1,Approved,2024-10-26 00:00:00.000,2024-11-30 00:00:00.000,2024-12-18 00:00:00.000,EUR,Assembling,,,2024-11-28 00:00:00.000,2026-07-10 08:00:00.000
1813,41,Synthetic Site 041,2025,Q2,Approved,2025-02-02 00:00:00.000,2025-02-27 00:00:00.000,2025-03-16 00:00:00.000,EUR,Assembling,,,2025-03-01 00:00:00.000,2026-07-10 08:00:00.000
1814,41,Synthetic Site 041,2025,Q3,Approved,2025-04-27 00:00:00.000,2025-05-30 00:00:00.000,2025-05-05 00:00:00.000,EUR,Assembling,,,2025-05-25 00:00:00.000,2026-07-10 08:00:00.000
1815,41,Synthetic Site 041,2025,Q4,Approved,2025-08-24 00:00:00.000,2025-09-08 00:00:00.000,2025-10-07 00:00:00.000,EUR,Assembling,,,2025-09-05 00:00:00.000,2026-07-10 08:00:00.000
1816,41,Synthetic Site 041,2026,Q1,Approved,2025-10-27 00:00:00.000,2025-12-19 00:00:00.000,2025-12-27 00:00:00.000,EUR,Assembling,,,2025-12-16 00:00:00.000,2026-07-10 08:00:00.000
1817,41,Synthetic Site 041,2026,Q2,Approved,2026-02-19 00:00:00.000,2026-04-01 00:00:00.000,2026-04-04 00:00:00.000,EUR,Assembling,,,2026-04-06 00:00:00.000,2026-07-10 08:00:00.000
1818,41,Synthetic Site 041,2026,Q3,Approved,2026-05-15 00:00:00.000,2026-06-22 00:00:00.000,2026-06-06 00:00:00.000,EUR,Assembling,,,2026-06-23 00:00:00.000,2026-07-10 08:00:00.000
1819,41,Synthetic Site 041,2026,Q4,Approved,2026-08-26 00:00:00.000,2026-09-17 00:00:00.000,2026-09-27 00:00:00.000,EUR,Assembling,,,2026-09-16 00:00:00.000,2026-07-10 08:00:00.000
1820,42,Synthetic Site 042,2022,Q1,Approved,2021-11-18 00:00:00.000,2021-12-26 00:00:00.000,2022-01-12 00:00:00.000,TRY,Mechanical Production,Report scope: full site boundary per ISO 14001.,,2021-12-23 00:00:00.000,2026-07-10 08:00:00.000
1821,42,Synthetic Site 042,2022,Q2,Approved,2022-02-15 00:00:00.000,2022-03-11 00:00:00.000,2022-03-21 00:00:00.000,TRY,Mechanical Production,,,2022-03-09 00:00:00.000,2026-07-10 08:00:00.000
1822,42,Synthetic Site 042,2022,Q3,Approved,2022-05-17 00:00:00.000,2022-07-07 00:00:00.000,2022-06-16 00:00:00.000,TRY,Mechanical Production,,,2022-07-08 00:00:00.000,2026-07-10 08:00:00.000
1823,42,Synthetic Site 042,2022,Q4,Approved,2022-08-19 00:00:00.000,2022-09-30 00:00:00.000,2022-09-09 00:00:00.000,TRY,Mechanical Production,,,2022-09-26 00:00:00.000,2026-07-10 08:00:00.000
1824,42,Synthetic Site 042,2023,Q1,Approved,2022-11-30 00:00:00.000,2023-01-25 00:00:00.000,2023-01-14 00:00:00.000,TRY,Mechanical Production,,,2023-01-25 00:00:00.000,2026-07-10 08:00:00.000
1825,42,Synthetic Site 042,2023,Q2,Approved,2023-02-05 00:00:00.000,2023-02-14 00:00:00.000,2023-03-04 00:00:00.000,TRY,Mechanical Production,,,2023-02-09 00:00:00.000,2026-07-10 08:00:00.000
1826,42,Synthetic Site 042,2023,Q3,Approved,2023-05-08 00:00:00.000,2023-06-23 00:00:00.000,2023-06-29 00:00:00.000,TRY,Mechanical Production,,,2023-06-20 00:00:00.000,2026-07-10 08:00:00.000
1827,42,Synthetic Site 042,2023,Q4,Approved,2023-08-10 00:00:00.000,2023-10-05 00:00:00.000,2023-11-03 00:00:00.000,TRY,Mechanical Production,,,2023-10-02 00:00:00.000,2026-07-10 08:00:00.000
1828,42,Synthetic Site 042,2024,Q1,Approved,2023-11-24 00:00:00.000,2023-12-19 00:00:00.000,2024-01-10 00:00:00.000,TRY,Mechanical Production,,,2023-12-22 00:00:00.000,2026-07-10 08:00:00.000
1829,42,Synthetic Site 042,2024,Q2,Approved,2024-01-20 00:00:00.000,,2024-02-06 00:00:00.000,TRY,Mechanical Production,,,2024-02-18 00:00:00.000,2026-07-10 08:00:00.000
1830,42,Synthetic Site 042,2024,Q3,Approved,2024-05-22 00:00:00.000,2024-07-02 00:00:00.000,2024-06-04 00:00:00.000,,Mechanical Production,,,2024-06-30 00:00:00.000,2026-07-10 08:00:00.000
1831,42,Synthetic Site 042,2024,Q4,Approved,2024-08-01 00:00:00.000,2024-09-12 00:00:00.000,2024-09-07 00:00:00.000,TRY,Mechanical Production,,,2024-09-14 00:00:00.000,2026-07-10 08:00:00.000
1832,42,Synthetic Site 042,2025,Q1,Approved,2024-11-01 00:00:00.000,2024-12-27 00:00:00.000,2024-12-02 00:00:00.000,TRY,Mechanical Production,,,2024-12-31 00:00:00.000,2026-07-10 08:00:00.000
1833,42,Synthetic Site 042,2025,Q2,Approved,2025-02-22 00:00:00.000,2025-04-05 00:00:00.000,2025-03-06 00:00:00.000,TRY,Mechanical Production,,,2025-04-06 00:00:00.000,2026-07-10 08:00:00.000
1834,42,Synthetic Site 042,2025,Q3,Approved,2025-04-27 00:00:00.000,2025-06-16 00:00:00.000,2025-06-08 00:00:00.000,TRY,Mechanical Production,,,2025-06-12 00:00:00.000,2026-07-10 08:00:00.000
1835,42,Synthetic Site 042,2025,Q4,Approved,2025-07-27 00:00:00.000,2025-09-03 00:00:00.000,2025-09-18 00:00:00.000,TRY,Mechanical Production,,,2025-08-30 00:00:00.000,2026-07-10 08:00:00.000
1836,42,Synthetic Site 042,2026,Q1,Approved,2025-10-21 00:00:00.000,2025-12-01 00:00:00.000,2025-12-21 00:00:00.000,TRY,Mechanical Production,,,2025-11-27 00:00:00.000,2026-07-10 08:00:00.000
1837,42,Synthetic Site 042,2026,Q2,Approved,2026-02-22 00:00:00.000,2026-03-01 00:00:00.000,2026-02-17 00:00:00.000,TRY,Mechanical Production,,,2026-03-04 00:00:00.000,2026-07-10 08:00:00.000
1838,42,Synthetic Site 042,2026,Q3,Approved,2026-04-24 00:00:00.000,2026-06-07 00:00:00.000,2026-05-19 00:00:00.000,TRY,Mechanical Production,,,2026-06-11 00:00:00.000,2026-07-10 08:00:00.000
1839,42,Synthetic Site 042,2026,Q4,Approved,2026-07-19 00:00:00.000,2026-09-16 00:00:00.000,2026-09-05 00:00:00.000,TRY,Mechanical Production,,,2026-09-17 00:00:00.000,2026-07-10 08:00:00.000
1840,43,Synthetic Site 043,2022,Q1,Approved,2021-11-15 00:00:00.000,2021-12-18 00:00:00.000,2021-12-31 00:00:00.000,SEK,Assembling,,,2021-12-21 00:00:00.000,2026-07-10 08:00:00.000
1841,43,Synthetic Site 043,2022,Q2,Approved,2022-01-27 00:00:00.000,2022-02-07 00:00:00.000,2022-01-26 00:00:00.000,SEK,Assembling,,,2022-02-09 00:00:00.000,2026-07-10 08:00:00.000
1842,43,Synthetic Site 043,2022,Q3,Approved,2022-05-14 00:00:00.000,2022-07-10 00:00:00.000,2022-08-05 00:00:00.000,SEK,Assembling,,,2022-07-14 00:00:00.000,2026-07-10 08:00:00.000
1843,43,Synthetic Site 043,2022,Q4,Approved,2022-08-06 00:00:00.000,2022-09-23 00:00:00.000,2022-09-27 00:00:00.000,SEK,Assembling,All environmental data for the site premises.,,2022-09-20 00:00:00.000,2026-07-10 08:00:00.000
1844,43,Synthetic Site 043,2023,Q1,Approved,2022-10-28 00:00:00.000,2022-11-22 00:00:00.000,2022-11-16 00:00:00.000,SEK,Assembling,,,2022-11-25 00:00:00.000,2026-07-10 08:00:00.000
1845,43,Synthetic Site 043,2023,Q2,Approved,2023-01-19 00:00:00.000,2023-02-14 00:00:00.000,2023-02-21 00:00:00.000,SEK,Assembling,,,2023-02-16 00:00:00.000,2026-07-10 08:00:00.000
1846,43,Synthetic Site 043,2023,Q3,Approved,2023-04-28 00:00:00.000,2023-06-25 00:00:00.000,2023-06-13 00:00:00.000,SEK,Assembling,,,2023-06-29 00:00:00.000,2026-07-10 08:00:00.000
1847,43,Synthetic Site 043,2023,Q4,Approved,2023-07-14 00:00:00.000,2023-08-06 00:00:00.000,2023-07-09 00:00:00.000,SEK,Assembling,,,2023-08-06 00:00:00.000,2026-07-10 08:00:00.000
1848,43,Synthetic Site 043,2024,Q1,Approved,2023-11-08 00:00:00.000,2023-12-26 00:00:00.000,2023-12-23 00:00:00.000,SEK,Assembling,All environmental data for the site premises.,,2023-12-25 00:00:00.000,2026-07-10 08:00:00.000
1849,43,Synthetic Site 043,2024,Q2,Approved,2024-02-06 00:00:00.000,2024-04-03 00:00:00.000,2024-04-19 00:00:00.000,SEK,Assembling,,,2024-03-29 00:00:00.000,2026-07-10 08:00:00.000
1850,43,Synthetic Site 043,2024,Q3,Approved,2024-04-13 00:00:00.000,2024-04-22 00:00:00.000,2024-03-31 00:00:00.000,SEK,,All environmental data for the site premises.,,2024-04-27 00:00:00.000,2026-07-10 08:00:00.000
1851,43,Synthetic Site 043,2024,Q4,Approved,2024-07-25 00:00:00.000,2024-08-28 00:00:00.000,2024-09-03 00:00:00.000,SEK,Assembling,,,2024-08-25 00:00:00.000,2026-07-10 08:00:00.000
1852,43,Synthetic Site 043,2025,Q1,Approved,2024-11-13 00:00:00.000,2025-01-08 00:00:00.000,2024-12-23 00:00:00.000,SEK,Assembling,,,2025-01-04 00:00:00.000,2026-07-10 08:00:00.000
1853,43,Synthetic Site 043,2025,Q2,Approved,2025-01-15 00:00:00.000,2025-03-06 00:00:00.000,2025-02-19 00:00:00.000,SEK,Assembling,,,2025-03-08 00:00:00.000,2026-07-10 08:00:00.000
1854,43,Synthetic Site 043,2025,Q3,Approved,2025-05-21 00:00:00.000,2025-05-27 00:00:00.000,2025-05-12 00:00:00.000,SEK,Assembling,,Partial-year data; annual figure estimated.,2025-06-01 00:00:00.000,2026-07-10 08:00:00.000
1855,43,Synthetic Site 043,2025,Q4,Approved,2025-08-21 00:00:00.000,2025-10-05 00:00:00.000,2025-10-30 00:00:00.000,SEK,Assembling,,,2025-10-06 00:00:00.000,2026-07-10 08:00:00.000
1856,43,Synthetic Site 043,2026,Q1,Approved,2025-11-01 00:00:00.000,2025-12-12 00:00:00.000,2026-01-04 00:00:00.000,SEK,Assembling,,,2025-12-15 00:00:00.000,2026-07-10 08:00:00.000
1857,43,Synthetic Site 043,2026,Q2,Approved,2026-02-14 00:00:00.000,2026-04-09 00:00:00.000,2026-05-04 00:00:00.000,SEK,Assembling,,,2026-04-09 00:00:00.000,2026-07-10 08:00:00.000
1858,43,Synthetic Site 043,2026,Q3,Approved,2026-05-15 00:00:00.000,,2026-05-24 00:00:00.000,SEK,Assembling,,,2026-05-13 00:00:00.000,2026-07-10 08:00:00.000
1859,43,Synthetic Site 043,2026,Q4,Approved,2026-08-04 00:00:00.000,2026-08-12 00:00:00.000,2026-07-27 00:00:00.000,SEK,Assembling,,,2026-08-11 00:00:00.000,2026-07-10 08:00:00.000
1860,44,Synthetic Site 044,2022,Q1,Approved,2021-11-30 00:00:00.000,2022-01-09 00:00:00.000,2022-01-29 00:00:00.000,GBP,Service,,,2022-01-11 00:00:00.000,2026-07-10 08:00:00.000
1861,44,Synthetic Site 044,2022,Q2,Approved,2022-02-27 00:00:00.000,2022-03-12 00:00:00.000,2022-02-12 00:00:00.000,GBP,Service,,,2022-03-15 00:00:00.000,2026-07-10 08:00:00.000
1862,44,Synthetic Site 044,2022,Q3,Approved,2022-05-18 00:00:00.000,2022-06-21 00:00:00.000,2022-06-14 00:00:00.000,GBP,Service,,,2022-06-23 00:00:00.000,2026-07-10 08:00:00.000
1863,44,Synthetic Site 044,2022,Q4,Approved,2022-08-21 00:00:00.000,2022-09-08 00:00:00.000,2022-09-15 00:00:00.000,GBP,Service,,,2022-09-12 00:00:00.000,2026-07-10 08:00:00.000
1864,44,Synthetic Site 044,2023,Q1,Approved,2022-11-14 00:00:00.000,2022-11-29 00:00:00.000,2022-12-14 00:00:00.000,GBP,,,,2022-11-28 00:00:00.000,2026-07-10 08:00:00.000
1865,44,Synthetic Site 044,2023,Q2,Approved,2023-02-12 00:00:00.000,2023-03-25 00:00:00.000,2023-03-02 00:00:00.000,GBP,Service,,,2023-03-22 00:00:00.000,2026-07-10 08:00:00.000
1866,44,Synthetic Site 044,2023,Q3,Approved,2023-04-20 00:00:00.000,2023-05-01 00:00:00.000,2023-05-11 00:00:00.000,GBP,Service,,,2023-05-01 00:00:00.000,2026-07-10 08:00:00.000
1867,44,Synthetic Site 044,2023,Q4,Approved,2023-08-01 00:00:00.000,2023-08-28 00:00:00.000,2023-08-28 00:00:00.000,GBP,Service,,,2023-08-30 00:00:00.000,2026-07-10 08:00:00.000
1868,44,Synthetic Site 044,2024,Q1,Approved,2023-10-17 00:00:00.000,2023-12-03 00:00:00.000,2023-11-16 00:00:00.000,GBP,Service,,,2023-12-05 00:00:00.000,2026-07-10 08:00:00.000
1869,44,Synthetic Site 044,2024,Q2,Approved,2024-02-01 00:00:00.000,2024-03-19 00:00:00.000,2024-04-05 00:00:00.000,GBP,Service,,,2024-03-16 00:00:00.000,2026-07-10 08:00:00.000
1870,44,Synthetic Site 044,2024,Q3,Approved,2024-04-23 00:00:00.000,2024-05-02 00:00:00.000,2024-04-30 00:00:00.000,GBP,Service,,,2024-04-30 00:00:00.000,2026-07-10 08:00:00.000
1871,44,Synthetic Site 044,2024,Q4,Approved,2024-08-07 00:00:00.000,2024-08-14 00:00:00.000,2024-08-18 00:00:00.000,GBP,Service,,,,2026-07-10 08:00:00.000
1872,44,Synthetic Site 044,2025,Q1,Approved,2024-11-02 00:00:00.000,2024-11-13 00:00:00.000,2024-11-18 00:00:00.000,GBP,Service,,,2024-11-08 00:00:00.000,2026-07-10 08:00:00.000
1873,44,Synthetic Site 044,2025,Q2,Approved,2025-02-23 00:00:00.000,2025-04-24 00:00:00.000,2025-05-05 00:00:00.000,GBP,Service,,,2025-04-22 00:00:00.000,2026-07-10 08:00:00.000
1874,44,Synthetic Site 044,2025,Q3,Approved,2025-05-18 00:00:00.000,2025-06-19 00:00:00.000,2025-07-04 00:00:00.000,GBP,Service,Includes all energy and emissions from site operations.,,2025-06-17 00:00:00.000,2026-07-10 08:00:00.000
1875,44,Synthetic Site 044,2025,Q4,Approved,2025-08-14 00:00:00.000,2025-09-25 00:00:00.000,2025-10-12 00:00:00.000,GBP,Service,,,2025-09-29 00:00:00.000,2026-07-10 08:00:00.000
1876,44,Synthetic Site 044,2026,Q1,Approved,2025-10-25 00:00:00.000,2025-11-10 00:00:00.000,2025-11-09 00:00:00.000,GBP,Service,,,2025-11-06 00:00:00.000,2026-07-10 08:00:00.000
1877,44,Synthetic Site 044,2026,Q2,Approved,2026-01-19 00:00:00.000,2026-03-08 00:00:00.000,2026-04-03 00:00:00.000,GBP,Service,,,2026-03-13 00:00:00.000,2026-07-10 08:00:00.000
1878,44,Synthetic Site 044,2026,Q3,Approved,2026-05-07 00:00:00.000,2026-06-03 00:00:00.000,2026-05-13 00:00:00.000,GBP,Service,,,2026-06-06 00:00:00.000,2026-07-10 08:00:00.000
1879,44,Synthetic Site 044,2026,Q4,Approved,2026-07-23 00:00:00.000,2026-08-29 00:00:00.000,2026-08-04 00:00:00.000,GBP,Service,,,2026-08-31 00:00:00.000,2026-07-10 08:00:00.000
1880,45,Synthetic Site 045,2022,Q1,Approved,2021-11-06 00:00:00.000,2021-12-05 00:00:00.000,2021-12-10 00:00:00.000,ZAR,Other,,,2021-12-06 00:00:00.000,2026-07-10 08:00:00.000
1881,45,Synthetic Site 045,2022,Q2,Approved,2022-02-19 00:00:00.000,2022-02-20 00:00:00.000,2022-01-22 00:00:00.000,ZAR,Other,,,2022-02-23 00:00:00.000,2026-07-10 08:00:00.000
1882,45,Synthetic Site 045,2022,Q3,Approved,2022-05-08 00:00:00.000,2022-06-29 00:00:00.000,2022-07-02 00:00:00.000,ZAR,Other,,,2022-07-02 00:00:00.000,2026-07-10 08:00:00.000
1883,45,Synthetic Site 045,2022,Q4,Approved,2022-07-15 00:00:00.000,2022-08-28 00:00:00.000,2022-08-29 00:00:00.000,ZAR,Other,,,2022-09-02 00:00:00.000,2026-07-10 08:00:00.000
1884,45,Synthetic Site 045,2023,Q1,Approved,2022-11-11 00:00:00.000,2022-12-20 00:00:00.000,2022-12-07 00:00:00.000,ZAR,Other,,,2022-12-23 00:00:00.000,2026-07-10 08:00:00.000
1885,45,Synthetic Site 045,2023,Q2,Approved,2023-02-14 00:00:00.000,2023-04-04 00:00:00.000,2023-03-18 00:00:00.000,ZAR,Other,,,2023-04-05 00:00:00.000,2026-07-10 08:00:00.000
1886,45,Synthetic Site 045,2023,Q3,Approved,2023-04-27 00:00:00.000,2023-06-19 00:00:00.000,2023-05-20 00:00:00.000,ZAR,Other,,,2023-06-24 00:00:00.000,2026-07-10 08:00:00.000
1887,45,Synthetic Site 045,2023,Q4,Approved,2023-07-31 00:00:00.000,2023-08-05 00:00:00.000,2023-08-26 00:00:00.000,ZAR,Other,,,2023-08-04 00:00:00.000,2026-07-10 08:00:00.000
1888,45,Synthetic Site 045,2024,Q1,Approved,2023-11-29 00:00:00.000,2024-01-21 00:00:00.000,2023-12-24 00:00:00.000,ZAR,Other,,,2024-01-23 00:00:00.000,2026-07-10 08:00:00.000
1889,45,Synthetic Site 045,2024,Q2,Approved,2024-02-15 00:00:00.000,2024-02-17 00:00:00.000,2024-02-03 00:00:00.000,ZAR,Other,,,2024-02-18 00:00:00.000,2026-07-10 08:00:00.000
1890,45,Synthetic Site 045,2024,Q3,Approved,2024-05-09 00:00:00.000,2024-05-23 00:00:00.000,2024-05-27 00:00:00.000,ZAR,Other,,,2024-05-21 00:00:00.000,2026-07-10 08:00:00.000
1891,45,Synthetic Site 045,2024,Q4,Approved,2024-08-22 00:00:00.000,2024-09-15 00:00:00.000,2024-08-20 00:00:00.000,ZAR,Other,,,2024-09-18 00:00:00.000,2026-07-10 08:00:00.000
1892,45,Synthetic Site 045,2025,Q1,Approved,2024-11-17 00:00:00.000,2024-12-19 00:00:00.000,2025-01-15 00:00:00.000,ZAR,Other,,,2024-12-16 00:00:00.000,2026-07-10 08:00:00.000
1893,45,Synthetic Site 045,2025,Q2,Approved,2025-01-25 00:00:00.000,2025-03-11 00:00:00.000,2025-03-25 00:00:00.000,ZAR,Other,,,2025-03-16 00:00:00.000,2026-07-10 08:00:00.000
1894,45,Synthetic Site 045,2025,Q3,Approved,2025-05-27 00:00:00.000,2025-06-09 00:00:00.000,2025-07-01 00:00:00.000,ZAR,Other,,,2025-06-04 00:00:00.000,2026-07-10 08:00:00.000
1895,45,Synthetic Site 045,2025,Q4,Approved,2025-08-25 00:00:00.000,2025-08-28 00:00:00.000,2025-09-22 00:00:00.000,ZAR,Other,,,2025-08-30 00:00:00.000,2026-07-10 08:00:00.000
1896,45,Synthetic Site 045,2026,Q1,Approved,2025-10-25 00:00:00.000,2025-12-05 00:00:00.000,2025-12-22 00:00:00.000,,Other,,,2025-12-07 00:00:00.000,2026-07-10 08:00:00.000
1897,45,Synthetic Site 045,2026,Q2,Approved,2026-02-26 00:00:00.000,2026-03-28 00:00:00.000,2026-03-23 00:00:00.000,ZAR,Other,,,2026-03-26 00:00:00.000,2026-07-10 08:00:00.000
1898,45,Synthetic Site 045,2026,Q3,Approved,2026-04-17 00:00:00.000,2026-04-18 00:00:00.000,2026-03-30 00:00:00.000,ZAR,Other,,,2026-04-23 00:00:00.000,2026-07-10 08:00:00.000
1899,45,Synthetic Site 045,2026,Q4,Approved,2026-08-05 00:00:00.000,2026-08-22 00:00:00.000,2026-09-16 00:00:00.000,ZAR,Other,,,2026-08-27 00:00:00.000,2026-07-10 08:00:00.000
1900,46,Synthetic Site 046,2022,Q1,Approved,2021-10-21 00:00:00.000,2021-12-11 00:00:00.000,2021-11-28 00:00:00.000,EUR,Mechanical Production,,,,2026-07-10 08:00:00.000
1901,46,Synthetic Site 046,2022,Q2,Approved,2022-02-20 00:00:00.000,2022-02-27 00:00:00.000,2022-03-22 00:00:00.000,EUR,Mechanical Production,,,2022-02-28 00:00:00.000,2026-07-10 08:00:00.000
1902,46,Synthetic Site 046,2022,Q3,Approved,2022-04-24 00:00:00.000,2022-06-02 00:00:00.000,2022-05-08 00:00:00.000,EUR,Mechanical Production,,,2022-06-01 00:00:00.000,2026-07-10 08:00:00.000
1903,46,Synthetic Site 046,2022,Q4,Approved,2022-07-22 00:00:00.000,2022-09-06 00:00:00.000,2022-08-08 00:00:00.000,EUR,Mechanical Production,,,2022-09-10 00:00:00.000,2026-07-10 08:00:00.000
1904,46,Synthetic Site 046,2023,Q1,Approved,2022-11-10 00:00:00.000,2023-01-03 00:00:00.000,2022-12-24 00:00:00.000,EUR,Mechanical Production,,,2023-01-04 00:00:00.000,2026-07-10 08:00:00.000
1905,46,Synthetic Site 046,2023,Q2,Approved,2023-02-04 00:00:00.000,2023-02-20 00:00:00.000,2023-01-26 00:00:00.000,EUR,Mechanical Production,,,2023-02-19 00:00:00.000,2026-07-10 08:00:00.000
1906,46,Synthetic Site 046,2023,Q3,Approved,2023-05-08 00:00:00.000,2023-06-15 00:00:00.000,2023-05-28 00:00:00.000,EUR,Mechanical Production,,,2023-06-20 00:00:00.000,2026-07-10 08:00:00.000
1907,46,Synthetic Site 046,2023,Q4,Approved,2023-07-25 00:00:00.000,2023-08-15 00:00:00.000,2023-08-05 00:00:00.000,EUR,Mechanical Production,,,2023-08-16 00:00:00.000,2026-07-10 08:00:00.000
1908,46,Synthetic Site 046,2024,Q1,Approved,2023-11-01 00:00:00.000,2023-12-20 00:00:00.000,2023-12-16 00:00:00.000,EUR,Mechanical Production,,,2023-12-22 00:00:00.000,2026-07-10 08:00:00.000
1909,46,Synthetic Site 046,2024,Q2,Approved,2024-02-08 00:00:00.000,2024-02-24 00:00:00.000,2024-03-01 00:00:00.000,EUR,Mechanical Production,,,2024-02-28 00:00:00.000,2026-07-10 08:00:00.000
1910,46,Synthetic Site 046,2024,Q3,Approved,2024-05-20 00:00:00.000,2024-06-17 00:00:00.000,2024-05-25 00:00:00.000,EUR,Mechanical Production,,,2024-06-16 00:00:00.000,2026-07-10 08:00:00.000
1911,46,Synthetic Site 046,2024,Q4,Approved,2024-07-27 00:00:00.000,2024-08-08 00:00:00.000,2024-08-10 00:00:00.000,EUR,Mechanical Production,,,2024-08-07 00:00:00.000,2026-07-10 08:00:00.000
1912,46,Synthetic Site 046,2025,Q1,Approved,2024-10-22 00:00:00.000,2024-10-31 00:00:00.000,2024-10-09 00:00:00.000,EUR,Mechanical Production,,,2024-11-01 00:00:00.000,2026-07-10 08:00:00.000
1913,46,Synthetic Site 046,2025,Q2,Approved,2025-02-14 00:00:00.000,2025-03-01 00:00:00.000,2025-02-20 00:00:00.000,EUR,Mechanical Production,,,2025-03-02 00:00:00.000,2026-07-10 08:00:00.000
1914,46,Synthetic Site 046,2025,Q3,Approved,2025-04-19 00:00:00.000,2025-05-19 00:00:00.000,2025-06-07 00:00:00.000,EUR,Mechanical Production,,,2025-05-20 00:00:00.000,2026-07-10 08:00:00.000
1915,46,Synthetic Site 046,2025,Q4,Approved,2025-08-03 00:00:00.000,2025-08-17 00:00:00.000,2025-08-03 00:00:00.000,EUR,Mechanical Production,,,2025-08-16 00:00:00.000,2026-07-10 08:00:00.000
1916,46,Synthetic Site 046,2026,Q1,Approved,2025-11-19 00:00:00.000,2025-12-17 00:00:00.000,2025-11-26 00:00:00.000,EUR,Mechanical Production,,,2025-12-13 00:00:00.000,2026-07-10 08:00:00.000
1917,46,Synthetic Site 046,2026,Q2,Approved,2026-02-26 00:00:00.000,2026-04-04 00:00:00.000,2026-03-31 00:00:00.000,EUR,Mechanical Production,,,2026-03-31 00:00:00.000,2026-07-10 08:00:00.000
1918,46,Synthetic Site 046,2026,Q3,Approved,2026-04-19 00:00:00.000,2026-05-18 00:00:00.000,2026-04-20 00:00:00.000,EUR,Mechanical Production,,,2026-05-18 00:00:00.000,2026-07-10 08:00:00.000
1919,46,Synthetic Site 046,2026,Q4,Approved,2026-08-04 00:00:00.000,2026-09-18 00:00:00.000,2026-10-05 00:00:00.000,EUR,Mechanical Production,,,2026-09-19 00:00:00.000,2026-07-10 08:00:00.000
1920,47,Synthetic Site 047,2022,Q1,Approved,2021-11-03 00:00:00.000,2021-12-07 00:00:00.000,2021-11-24 00:00:00.000,NOK,Other,,,2021-12-04 00:00:00.000,2026-07-10 08:00:00.000
1921,47,Synthetic Site 047,2022,Q2,Approved,2022-02-27 00:00:00.000,2022-04-06 00:00:00.000,2022-05-02 00:00:00.000,NOK,Other,,,,2026-07-10 08:00:00.000
1922,47,Synthetic Site 047,2022,Q3,Approved,2022-05-25 00:00:00.000,2022-07-23 00:00:00.000,2022-08-20 00:00:00.000,NOK,Other,,,2022-07-28 00:00:00.000,2026-07-10 08:00:00.000
1923,47,Synthetic Site 047,2022,Q4,Approved,2022-08-23 00:00:00.000,2022-10-22 00:00:00.000,2022-09-22 00:00:00.000,NOK,Other,,,2022-10-25 00:00:00.000,2026-07-10 08:00:00.000
1924,47,Synthetic Site 047,2023,Q1,Approved,2022-10-31 00:00:00.000,2022-11-22 00:00:00.000,2022-11-05 00:00:00.000,NOK,Other,,,2022-11-24 00:00:00.000,2026-07-10 08:00:00.000
1925,47,Synthetic Site 047,2023,Q2,Approved,2023-02-04 00:00:00.000,2023-03-04 00:00:00.000,2023-03-31 00:00:00.000,NOK,Other,,,2023-03-03 00:00:00.000,2026-07-10 08:00:00.000
1926,47,Synthetic Site 047,2023,Q3,Approved,2023-04-30 00:00:00.000,2023-06-01 00:00:00.000,2023-05-14 00:00:00.000,NOK,Other,,,2023-06-05 00:00:00.000,2026-07-10 08:00:00.000
1927,47,Synthetic Site 047,2023,Q4,Approved,2023-07-22 00:00:00.000,2023-08-19 00:00:00.000,2023-09-02 00:00:00.000,NOK,Other,,,2023-08-23 00:00:00.000,2026-07-10 08:00:00.000
1928,47,Synthetic Site 047,2024,Q1,Approved,2023-11-15 00:00:00.000,2024-01-06 00:00:00.000,2023-12-17 00:00:00.000,NOK,Other,,,2024-01-01 00:00:00.000,2026-07-10 08:00:00.000
1929,47,Synthetic Site 047,2024,Q2,Approved,2024-02-10 00:00:00.000,2024-04-03 00:00:00.000,2024-03-08 00:00:00.000,NOK,Other,,,2024-04-04 00:00:00.000,2026-07-10 08:00:00.000
1930,47,Synthetic Site 047,2024,Q3,Approved,2024-05-18 00:00:00.000,2024-05-24 00:00:00.000,2024-06-07 00:00:00.000,NOK,Other,,,2024-05-29 00:00:00.000,2026-07-10 08:00:00.000
1931,47,Synthetic Site 047,2024,Q4,Approved,2024-08-06 00:00:00.000,2024-09-26 00:00:00.000,2024-09-30 00:00:00.000,NOK,Other,,,2024-10-01 00:00:00.000,2026-07-10 08:00:00.000
1932,47,Synthetic Site 047,2025,Q1,Approved,2024-11-04 00:00:00.000,2024-12-28 00:00:00.000,2025-01-16 00:00:00.000,NOK,Other,,,2024-12-26 00:00:00.000,2026-07-10 08:00:00.000
1933,47,Synthetic Site 047,2025,Q2,Approved,2025-02-04 00:00:00.000,2025-03-07 00:00:00.000,2025-04-04 00:00:00.000,NOK,Other,,,2025-03-02 00:00:00.000,2026-07-10 08:00:00.000
1934,47,Synthetic Site 047,2025,Q3,Approved,2025-05-03 00:00:00.000,2025-05-28 00:00:00.000,2025-06-16 00:00:00.000,NOK,Other,,Partial-year data; annual figure estimated.,2025-05-29 00:00:00.000,2026-07-10 08:00:00.000
1935,47,Synthetic Site 047,2025,Q4,Approved,2025-07-13 00:00:00.000,2025-08-06 00:00:00.000,2025-07-25 00:00:00.000,NOK,Other,,,2025-08-10 00:00:00.000,2026-07-10 08:00:00.000
1936,47,Synthetic Site 047,2026,Q1,Approved,2025-11-20 00:00:00.000,2026-01-18 00:00:00.000,2025-12-22 00:00:00.000,NOK,Other,,,2026-01-20 00:00:00.000,2026-07-10 08:00:00.000
1937,47,Synthetic Site 047,2026,Q2,Approved,2026-02-01 00:00:00.000,2026-03-15 00:00:00.000,2026-03-09 00:00:00.000,NOK,Other,,,2026-03-18 00:00:00.000,2026-07-10 08:00:00.000
1938,47,Synthetic Site 047,2026,Q3,Approved,2026-05-09 00:00:00.000,2026-07-08 00:00:00.000,2026-06-09 00:00:00.000,NOK,Other,,,2026-07-04 00:00:00.000,2026-07-10 08:00:00.000
1939,47,Synthetic Site 047,2026,Q4,Approved,2026-08-21 00:00:00.000,2026-10-14 00:00:00.000,2026-10-04 00:00:00.000,NOK,,,,2026-10-17 00:00:00.000,2026-07-10 08:00:00.000
1940,48,Synthetic Site 048,2022,Q1,Approved,2021-10-31 00:00:00.000,2021-12-04 00:00:00.000,2021-12-27 00:00:00.000,EUR,Service,,,2021-12-08 00:00:00.000,2026-07-10 08:00:00.000
1941,48,Synthetic Site 048,2022,Q2,Approved,2022-02-17 00:00:00.000,2022-03-18 00:00:00.000,2022-03-31 00:00:00.000,EUR,Service,,,2022-03-14 00:00:00.000,2026-07-10 08:00:00.000
1942,48,Synthetic Site 048,2022,Q3,Approved,2022-05-20 00:00:00.000,2022-06-13 00:00:00.000,2022-06-10 00:00:00.000,EUR,Service,,,2022-06-16 00:00:00.000,2026-07-10 08:00:00.000
1943,48,Synthetic Site 048,2022,Q4,Approved,2022-08-07 00:00:00.000,2022-08-15 00:00:00.000,2022-07-30 00:00:00.000,EUR,Service,,,2022-08-14 00:00:00.000,2026-07-10 08:00:00.000
1944,48,Synthetic Site 048,2023,Q1,Approved,2022-11-26 00:00:00.000,2022-12-13 00:00:00.000,2022-12-15 00:00:00.000,EUR,Service,,,2022-12-16 00:00:00.000,2026-07-10 08:00:00.000
1945,48,Synthetic Site 048,2023,Q2,Approved,2023-01-20 00:00:00.000,2023-02-22 00:00:00.000,2023-03-05 00:00:00.000,EUR,Service,,,2023-02-22 00:00:00.000,2026-07-10 08:00:00.000
1946,48,Synthetic Site 048,2023,Q3,Approved,2023-05-11 00:00:00.000,2023-05-23 00:00:00.000,2023-04-25 00:00:00.000,EUR,Service,,,2023-05-19 00:00:00.000,2026-07-10 08:00:00.000
1947,48,Synthetic Site 048,2023,Q4,Approved,2023-08-27 00:00:00.000,2023-09-08 00:00:00.000,2023-09-28 00:00:00.000,EUR,Service,,,2023-09-09 00:00:00.000,2026-07-10 08:00:00.000
1948,48,Synthetic Site 048,2024,Q1,Approved,2023-11-18 00:00:00.000,2023-12-21 00:00:00.000,2024-01-14 00:00:00.000,EUR,Service,,,2023-12-24 00:00:00.000,2026-07-10 08:00:00.000
1949,48,Synthetic Site 048,2024,Q2,Approved,2024-02-27 00:00:00.000,2024-04-06 00:00:00.000,2024-03-12 00:00:00.000,EUR,Service,,,2024-04-06 00:00:00.000,2026-07-10 08:00:00.000
1950,48,Synthetic Site 048,2024,Q3,Approved,2024-05-18 00:00:00.000,2024-05-22 00:00:00.000,2024-05-29 00:00:00.000,EUR,Service,,,2024-05-18 00:00:00.000,2026-07-10 08:00:00.000
1951,48,Synthetic Site 048,2024,Q4,Approved,2024-08-01 00:00:00.000,2024-09-04 00:00:00.000,2024-09-16 00:00:00.000,EUR,Service,,,2024-09-01 00:00:00.000,2026-07-10 08:00:00.000
1952,48,Synthetic Site 048,2025,Q1,Approved,2024-11-22 00:00:00.000,2025-01-14 00:00:00.000,2025-01-08 00:00:00.000,EUR,Service,,,2025-01-12 00:00:00.000,2026-07-10 08:00:00.000
1953,48,Synthetic Site 048,2025,Q2,Approved,2025-01-18 00:00:00.000,2025-02-18 00:00:00.000,2025-01-21 00:00:00.000,EUR,Service,,,2025-02-13 00:00:00.000,2026-07-10 08:00:00.000
1954,48,Synthetic Site 048,2025,Q3,Approved,2025-05-05 00:00:00.000,2025-06-26 00:00:00.000,2025-06-14 00:00:00.000,EUR,Service,,,2025-06-23 00:00:00.000,2026-07-10 08:00:00.000
1955,48,Synthetic Site 048,2025,Q4,Approved,2025-07-26 00:00:00.000,2025-09-05 00:00:00.000,2025-09-29 00:00:00.000,EUR,Service,,,2025-09-07 00:00:00.000,2026-07-10 08:00:00.000
1956,48,Synthetic Site 048,2026,Q1,Approved,2025-11-17 00:00:00.000,2025-12-09 00:00:00.000,2025-11-26 00:00:00.000,EUR,Service,,,2025-12-11 00:00:00.000,2026-07-10 08:00:00.000
1957,48,Synthetic Site 048,2026,Q2,Approved,2026-02-03 00:00:00.000,2026-02-17 00:00:00.000,2026-02-28 00:00:00.000,EUR,Service,,,2026-02-20 00:00:00.000,2026-07-10 08:00:00.000
1958,48,Synthetic Site 048,2026,Q3,Approved,2026-05-11 00:00:00.000,2026-05-19 00:00:00.000,2026-04-28 00:00:00.000,EUR,Service,,,2026-05-21 00:00:00.000,2026-07-10 08:00:00.000
1959,48,Synthetic Site 048,2026,Q4,Approved,2026-07-13 00:00:00.000,2026-08-01 00:00:00.000,2026-07-14 00:00:00.000,EUR,Service,,,2026-08-01 00:00:00.000,2026-07-10 08:00:00.000
1960,49,Synthetic Site 049,2022,Q1,Approved,2021-10-26 00:00:00.000,2021-11-06 00:00:00.000,2021-11-25 00:00:00.000,NOK,Mechanical Production,,,2021-11-04 00:00:00.000,2026-07-10 08:00:00.000
1961,49,Synthetic Site 049,2022,Q2,Approved,2022-02-03 00:00:00.000,2022-03-05 00:00:00.000,2022-02-12 00:00:00.000,NOK,Mechanical Production,,,2022-03-05 00:00:00.000,2026-07-10 08:00:00.000
1962,49,Synthetic Site 049,2022,Q3,Approved,2022-04-20 00:00:00.000,2022-04-20 00:00:00.000,2022-05-02 00:00:00.000,NOK,Mechanical Production,,,2022-04-15 00:00:00.000,2026-07-10 08:00:00.000
1963,49,Synthetic Site 049,2022,Q4,Approved,2022-08-25 00:00:00.000,2022-09-07 00:00:00.000,2022-08-08 00:00:00.000,NOK,Mechanical Production,,,2022-09-05 00:00:00.000,2026-07-10 08:00:00.000
1964,49,Synthetic Site 049,2023,Q1,Approved,2022-11-30 00:00:00.000,2023-01-03 00:00:00.000,2023-01-13 00:00:00.000,NOK,Mechanical Production,,,2023-01-06 00:00:00.000,2026-07-10 08:00:00.000
1965,49,Synthetic Site 049,2023,Q2,Approved,2023-02-06 00:00:00.000,2023-03-04 00:00:00.000,2023-02-03 00:00:00.000,NOK,Mechanical Production,,,2023-03-04 00:00:00.000,2026-07-10 08:00:00.000
1966,49,Synthetic Site 049,2023,Q3,Approved,2023-04-17 00:00:00.000,2023-05-12 00:00:00.000,2023-05-09 00:00:00.000,NOK,Mechanical Production,,,2023-05-07 00:00:00.000,2026-07-10 08:00:00.000
1967,49,Synthetic Site 049,2023,Q4,Approved,2023-07-25 00:00:00.000,2023-09-21 00:00:00.000,2023-10-19 00:00:00.000,NOK,Mechanical Production,,,2023-09-26 00:00:00.000,2026-07-10 08:00:00.000
1968,49,Synthetic Site 049,2024,Q1,Approved,2023-10-23 00:00:00.000,2023-11-28 00:00:00.000,2023-11-13 00:00:00.000,NOK,Mechanical Production,,,2023-11-30 00:00:00.000,2026-07-10 08:00:00.000
1969,49,Synthetic Site 049,2024,Q2,In Work,2024-02-04 00:00:00.000,2024-03-27 00:00:00.000,,NOK,Mechanical Production,,,2024-03-29 00:00:00.000,2026-07-10 08:00:00.000
1970,49,Synthetic Site 049,2024,Q3,Approved,2024-05-22 00:00:00.000,2024-07-12 00:00:00.000,2024-07-10 00:00:00.000,NOK,Mechanical Production,,,2024-07-09 00:00:00.000,2026-07-10 08:00:00.000
1971,49,Synthetic Site 049,2024,Q4,Approved,2024-07-31 00:00:00.000,2024-08-25 00:00:00.000,2024-09-10 00:00:00.000,NOK,Mechanical Production,,,,2026-07-10 08:00:00.000
1972,49,Synthetic Site 049,2025,Q1,Approved,2024-11-27 00:00:00.000,2024-12-11 00:00:00.000,2024-11-27 00:00:00.000,NOK,,,,2024-12-13 00:00:00.000,2026-07-10 08:00:00.000
1973,49,Synthetic Site 049,2025,Q2,Approved,2025-01-17 00:00:00.000,2025-01-20 00:00:00.000,2025-01-04 00:00:00.000,NOK,Mechanical Production,,,2025-01-18 00:00:00.000,2026-07-10 08:00:00.000
1974,49,Synthetic Site 049,2025,Q3,Approved,2025-04-25 00:00:00.000,2025-06-03 00:00:00.000,2025-05-05 00:00:00.000,NOK,Mechanical Production,,,2025-06-02 00:00:00.000,2026-07-10 08:00:00.000
1975,49,Synthetic Site 049,2025,Q4,Approved,2025-07-21 00:00:00.000,2025-08-04 00:00:00.000,2025-08-14 00:00:00.000,NOK,Mechanical Production,,,2025-08-09 00:00:00.000,2026-07-10 08:00:00.000
1976,49,Synthetic Site 049,2026,Q1,Approved,2025-11-26 00:00:00.000,2026-01-24 00:00:00.000,2026-02-08 00:00:00.000,NOK,Mechanical Production,,,2026-01-19 00:00:00.000,2026-07-10 08:00:00.000
1977,49,Synthetic Site 049,2026,Q2,Approved,2026-02-07 00:00:00.000,2026-04-07 00:00:00.000,2026-03-23 00:00:00.000,NOK,Mechanical Production,,,2026-04-12 00:00:00.000,2026-07-10 08:00:00.000
1978,49,Synthetic Site 049,2026,Q3,Approved,2026-05-13 00:00:00.000,2026-06-07 00:00:00.000,2026-05-15 00:00:00.000,NOK,Mechanical Production,,,2026-06-04 00:00:00.000,2026-07-10 08:00:00.000
1979,49,Synthetic Site 049,2026,Q4,Approved,2026-08-12 00:00:00.000,2026-09-07 00:00:00.000,2026-08-21 00:00:00.000,NOK,Mechanical Production,,,2026-09-08 00:00:00.000,2026-07-10 08:00:00.000
1980,50,Synthetic Site 050,2022,Q1,Approved,2021-11-02 00:00:00.000,2021-12-21 00:00:00.000,2021-11-22 00:00:00.000,CZK,Service,,,2021-12-17 00:00:00.000,2026-07-10 08:00:00.000
1981,50,Synthetic Site 050,2022,Q2,Approved,2022-01-27 00:00:00.000,2022-02-26 00:00:00.000,2022-03-10 00:00:00.000,CZK,Service,,,2022-02-23 00:00:00.000,2026-07-10 08:00:00.000
1982,50,Synthetic Site 050,2022,Q3,Approved,2022-04-16 00:00:00.000,2022-04-28 00:00:00.000,2022-03-30 00:00:00.000,CZK,Service,,,2022-05-01 00:00:00.000,2026-07-10 08:00:00.000
1983,50,Synthetic Site 050,2022,Q4,Approved,2022-07-13 00:00:00.000,2022-09-02 00:00:00.000,2022-09-27 00:00:00.000,CZK,Service,,,2022-09-01 00:00:00.000,2026-07-10 08:00:00.000
1984,50,Synthetic Site 050,2023,Q1,In Work,2022-11-07 00:00:00.000,2022-12-12 00:00:00.000,,CZK,Service,,,2022-12-08 00:00:00.000,2026-07-10 08:00:00.000
1985,50,Synthetic Site 050,2023,Q2,Approved,2023-02-09 00:00:00.000,2023-03-14 00:00:00.000,2023-04-13 00:00:00.000,CZK,Service,,,2023-03-18 00:00:00.000,2026-07-10 08:00:00.000
1986,50,Synthetic Site 050,2023,Q3,Approved,2023-05-08 00:00:00.000,2023-05-13 00:00:00.000,2023-06-09 00:00:00.000,CZK,Service,,,2023-05-15 00:00:00.000,2026-07-10 08:00:00.000
1987,50,Synthetic Site 050,2023,Q4,Approved,2023-08-25 00:00:00.000,2023-09-19 00:00:00.000,2023-09-24 00:00:00.000,CZK,Service,,,2023-09-14 00:00:00.000,2026-07-10 08:00:00.000
1988,50,Synthetic Site 050,2024,Q1,Approved,2023-11-01 00:00:00.000,2023-11-22 00:00:00.000,2023-11-01 00:00:00.000,CZK,Service,,,2023-11-26 00:00:00.000,2026-07-10 08:00:00.000
1989,50,Synthetic Site 050,2024,Q2,Approved,2024-02-10 00:00:00.000,,2024-03-17 00:00:00.000,CZK,Service,,,2024-04-05 00:00:00.000,2026-07-10 08:00:00.000
1990,50,Synthetic Site 050,2024,Q3,Approved,2024-05-25 00:00:00.000,2024-07-14 00:00:00.000,2024-07-16 00:00:00.000,CZK,Service,,,2024-07-16 00:00:00.000,2026-07-10 08:00:00.000
1991,50,Synthetic Site 050,2024,Q4,Approved,2024-07-12 00:00:00.000,2024-08-24 00:00:00.000,2024-07-26 00:00:00.000,CZK,Service,,,2024-08-25 00:00:00.000,2026-07-10 08:00:00.000
1992,50,Synthetic Site 050,2025,Q1,Approved,2024-11-06 00:00:00.000,2024-11-24 00:00:00.000,2024-11-17 00:00:00.000,CZK,Service,,,2024-11-25 00:00:00.000,2026-07-10 08:00:00.000
1993,50,Synthetic Site 050,2025,Q2,Approved,2025-01-21 00:00:00.000,2025-03-21 00:00:00.000,2025-04-04 00:00:00.000,CZK,Service,,,2025-03-23 00:00:00.000,2026-07-10 08:00:00.000
1994,50,Synthetic Site 050,2025,Q3,Approved,2025-04-19 00:00:00.000,2025-05-06 00:00:00.000,2025-04-14 00:00:00.000,CZK,Service,,,2025-05-04 00:00:00.000,2026-07-10 08:00:00.000
1995,50,Synthetic Site 050,2025,Q4,Approved,2025-07-22 00:00:00.000,2025-07-24 00:00:00.000,2025-08-08 00:00:00.000,CZK,Service,,Partial-year data; annual figure estimated.,2025-07-28 00:00:00.000,2026-07-10 08:00:00.000
1996,50,Synthetic Site 050,2026,Q1,Approved,2025-11-13 00:00:00.000,2025-12-12 00:00:00.000,2025-11-23 00:00:00.000,CZK,Service,,,2025-12-15 00:00:00.000,2026-07-10 08:00:00.000
1997,50,Synthetic Site 050,2026,Q2,Approved,2026-02-08 00:00:00.000,2026-02-08 00:00:00.000,2026-01-13 00:00:00.000,CZK,Service,,,2026-02-07 00:00:00.000,2026-07-10 08:00:00.000
1998,50,Synthetic Site 050,2026,Q3,Approved,2026-05-26 00:00:00.000,2026-06-01 00:00:00.000,2026-06-02 00:00:00.000,CZK,Service,,,2026-06-03 00:00:00.000,2026-07-10 08:00:00.000
1999,50,Synthetic Site 050,2026,Q4,Approved,2026-08-16 00:00:00.000,2026-10-13 00:00:00.000,2026-10-20 00:00:00.000,CZK,Service,,,2026-10-17 00:00:00.000,2026-07-10 08:00:00.000
2000,51,Synthetic Site 051,2022,Q1,Approved,2021-11-29 00:00:00.000,2021-12-26 00:00:00.000,2021-11-27 00:00:00.000,CAD,Other,,,2021-12-24 00:00:00.000,2026-07-10 08:00:00.000
2001,51,Synthetic Site 051,2022,Q2,Approved,2022-01-31 00:00:00.000,2022-02-09 00:00:00.000,2022-02-01 00:00:00.000,CAD,Other,,,2022-02-08 00:00:00.000,2026-07-10 08:00:00.000
2002,51,Synthetic Site 051,2022,Q3,Approved,2022-05-25 00:00:00.000,2022-05-31 00:00:00.000,2022-06-30 00:00:00.000,CAD,Other,,,2022-06-01 00:00:00.000,2026-07-10 08:00:00.000
2003,51,Synthetic Site 051,2022,Q4,Approved,2022-07-13 00:00:00.000,2022-07-20 00:00:00.000,2022-06-30 00:00:00.000,CAD,Other,,,2022-07-25 00:00:00.000,2026-07-10 08:00:00.000
2004,51,Synthetic Site 051,2023,Q1,Approved,2022-11-09 00:00:00.000,2023-01-05 00:00:00.000,2022-12-27 00:00:00.000,CAD,Other,,Partial-year data; annual figure estimated.,2023-01-09 00:00:00.000,2026-07-10 08:00:00.000
2005,51,Synthetic Site 051,2023,Q2,Approved,2023-02-14 00:00:00.000,2023-03-14 00:00:00.000,2023-03-27 00:00:00.000,CAD,Other,,Partial-year data; annual figure estimated.,2023-03-15 00:00:00.000,2026-07-10 08:00:00.000
2006,51,Synthetic Site 051,2023,Q3,Approved,2023-05-04 00:00:00.000,2023-05-14 00:00:00.000,2023-05-24 00:00:00.000,CAD,Other,,,2023-05-09 00:00:00.000,2026-07-10 08:00:00.000
2007,51,Synthetic Site 051,2023,Q4,Approved,2023-08-11 00:00:00.000,2023-10-06 00:00:00.000,2023-09-11 00:00:00.000,CAD,Other,,,2023-10-05 00:00:00.000,2026-07-10 08:00:00.000
2008,51,Synthetic Site 051,2024,Q1,Approved,2023-11-16 00:00:00.000,2023-12-31 00:00:00.000,2023-12-16 00:00:00.000,CAD,Other,,,2024-01-01 00:00:00.000,2026-07-10 08:00:00.000
2009,51,Synthetic Site 051,2024,Q2,Approved,2024-02-06 00:00:00.000,2024-03-26 00:00:00.000,2024-03-29 00:00:00.000,CAD,Other,,,2024-03-28 00:00:00.000,2026-07-10 08:00:00.000
2010,51,Synthetic Site 051,2024,Q3,Approved,2024-04-26 00:00:00.000,2024-06-05 00:00:00.000,2024-06-20 00:00:00.000,CAD,Other,,,2024-05-31 00:00:00.000,2026-07-10 08:00:00.000
2011,51,Synthetic Site 051,2024,Q4,Approved,2024-07-16 00:00:00.000,2024-08-02 00:00:00.000,2024-08-18 00:00:00.000,CAD,Other,,,2024-07-31 00:00:00.000,2026-07-10 08:00:00.000
2012,51,Synthetic Site 051,2025,Q1,In Work,2024-10-16 00:00:00.000,2024-11-11 00:00:00.000,,CAD,Other,,,2024-11-13 00:00:00.000,2026-07-10 08:00:00.000
2013,51,Synthetic Site 051,2025,Q2,Approved,2025-02-26 00:00:00.000,2025-03-12 00:00:00.000,2025-02-28 00:00:00.000,CAD,Other,,,2025-03-10 00:00:00.000,2026-07-10 08:00:00.000
2014,51,Synthetic Site 051,2025,Q3,Approved,2025-04-14 00:00:00.000,2025-04-30 00:00:00.000,2025-04-12 00:00:00.000,CAD,Other,,Partial-year data; annual figure estimated.,2025-04-28 00:00:00.000,2026-07-10 08:00:00.000
2015,51,Synthetic Site 051,2025,Q4,Approved,2025-08-15 00:00:00.000,2025-08-27 00:00:00.000,2025-09-22 00:00:00.000,CAD,Other,,,2025-08-30 00:00:00.000,2026-07-10 08:00:00.000
2016,51,Synthetic Site 051,2026,Q1,Approved,2025-10-16 00:00:00.000,2025-10-21 00:00:00.000,2025-10-11 00:00:00.000,CAD,Other,,,2025-10-19 00:00:00.000,2026-07-10 08:00:00.000
2017,51,Synthetic Site 051,2026,Q2,Approved,2026-02-05 00:00:00.000,2026-03-25 00:00:00.000,2026-04-22 00:00:00.000,CAD,Other,,,2026-03-29 00:00:00.000,2026-07-10 08:00:00.000
2018,51,Synthetic Site 051,2026,Q3,Approved,2026-05-25 00:00:00.000,2026-07-08 00:00:00.000,2026-07-19 00:00:00.000,CAD,Other,,,2026-07-07 00:00:00.000,2026-07-10 08:00:00.000
2019,51,Synthetic Site 051,2026,Q4,Approved,2026-07-17 00:00:00.000,2026-08-31 00:00:00.000,2026-08-06 00:00:00.000,CAD,Other,,,2026-09-02 00:00:00.000,2026-07-10 08:00:00.000
2020,52,Synthetic Site 052,2022,Q1,In Work,2021-11-11 00:00:00.000,2021-12-02 00:00:00.000,,SGD,Assembling,,,2021-12-07 00:00:00.000,2026-07-10 08:00:00.000
2021,52,Synthetic Site 052,2022,Q2,Approved,2022-02-12 00:00:00.000,2022-03-26 00:00:00.000,2022-03-02 00:00:00.000,SGD,Assembling,,,,2026-07-10 08:00:00.000
2022,52,Synthetic Site 052,2022,Q3,Approved,2022-04-22 00:00:00.000,2022-06-03 00:00:00.000,2022-05-20 00:00:00.000,SGD,,,,2022-06-04 00:00:00.000,2026-07-10 08:00:00.000
2023,52,Synthetic Site 052,2022,Q4,Approved,2022-08-16 00:00:00.000,2022-09-30 00:00:00.000,2022-09-27 00:00:00.000,SGD,Assembling,,,2022-10-02 00:00:00.000,2026-07-10 08:00:00.000
2024,52,Synthetic Site 052,2023,Q1,Approved,2022-11-25 00:00:00.000,,2023-01-22 00:00:00.000,SGD,Assembling,,,2023-01-08 00:00:00.000,2026-07-10 08:00:00.000
2025,52,Synthetic Site 052,2023,Q2,Approved,2023-01-23 00:00:00.000,2023-02-11 00:00:00.000,2023-02-15 00:00:00.000,SGD,Assembling,,,2023-02-14 00:00:00.000,2026-07-10 08:00:00.000
2026,52,Synthetic Site 052,2023,Q3,Approved,2023-05-03 00:00:00.000,2023-06-14 00:00:00.000,2023-05-25 00:00:00.000,SGD,Assembling,,,2023-06-12 00:00:00.000,2026-07-10 08:00:00.000
2027,52,Synthetic Site 052,2023,Q4,Approved,2023-08-20 00:00:00.000,2023-09-07 00:00:00.000,2023-09-25 00:00:00.000,SGD,Assembling,,,2023-09-06 00:00:00.000,2026-07-10 08:00:00.000
2028,52,Synthetic Site 052,2024,Q1,Approved,2023-11-05 00:00:00.000,2023-11-16 00:00:00.000,2023-11-04 00:00:00.000,SGD,Assembling,,,2023-11-12 00:00:00.000,2026-07-10 08:00:00.000
2029,52,Synthetic Site 052,2024,Q2,Approved,2024-02-10 00:00:00.000,2024-02-22 00:00:00.000,2024-02-12 00:00:00.000,SGD,Assembling,,,2024-02-19 00:00:00.000,2026-07-10 08:00:00.000
2030,52,Synthetic Site 052,2024,Q3,Approved,2024-05-20 00:00:00.000,2024-05-23 00:00:00.000,2024-05-19 00:00:00.000,SGD,Assembling,,,2024-05-25 00:00:00.000,2026-07-10 08:00:00.000
2031,52,Synthetic Site 052,2024,Q4,Approved,2024-07-28 00:00:00.000,2024-09-19 00:00:00.000,2024-09-15 00:00:00.000,SGD,Assembling,,,2024-09-20 00:00:00.000,2026-07-10 08:00:00.000
2032,52,Synthetic Site 052,2025,Q1,Approved,2024-10-27 00:00:00.000,2024-12-09 00:00:00.000,2024-11-13 00:00:00.000,SGD,Assembling,,,2024-12-13 00:00:00.000,2026-07-10 08:00:00.000
2033,52,Synthetic Site 052,2025,Q2,Approved,2025-01-30 00:00:00.000,2025-02-12 00:00:00.000,2025-02-13 00:00:00.000,SGD,Assembling,,,2025-02-07 00:00:00.000,2026-07-10 08:00:00.000
2034,52,Synthetic Site 052,2025,Q3,In Work,2025-05-05 00:00:00.000,2025-05-16 00:00:00.000,,SGD,Assembling,,,2025-05-18 00:00:00.000,2026-07-10 08:00:00.000
2035,52,Synthetic Site 052,2025,Q4,Approved,2025-08-24 00:00:00.000,2025-08-26 00:00:00.000,2025-08-19 00:00:00.000,SGD,Assembling,,,2025-08-31 00:00:00.000,2026-07-10 08:00:00.000
2036,52,Synthetic Site 052,2026,Q1,Approved,2025-11-23 00:00:00.000,2025-12-07 00:00:00.000,2025-12-05 00:00:00.000,SGD,Assembling,,,2025-12-07 00:00:00.000,2026-07-10 08:00:00.000
2037,52,Synthetic Site 052,2026,Q2,Approved,2026-02-14 00:00:00.000,2026-03-18 00:00:00.000,2026-02-20 00:00:00.000,SGD,Assembling,,,2026-03-21 00:00:00.000,2026-07-10 08:00:00.000
2038,52,Synthetic Site 052,2026,Q3,Approved,2026-04-24 00:00:00.000,2026-05-11 00:00:00.000,2026-05-25 00:00:00.000,SGD,Assembling,,Auto-generated synthetic remark.,2026-05-15 00:00:00.000,2026-07-10 08:00:00.000
2039,52,Synthetic Site 052,2026,Q4,Approved,2026-08-17 00:00:00.000,2026-09-11 00:00:00.000,2026-09-27 00:00:00.000,SGD,Assembling,,,2026-09-06 00:00:00.000,2026-07-10 08:00:00.000
2040,53,Synthetic Site 053,2022,Q1,Approved,2021-10-30 00:00:00.000,2021-12-10 00:00:00.000,2021-12-19 00:00:00.000,EUR,Office/Administration,,,2021-12-11 00:00:00.000,2026-07-10 08:00:00.000
2041,53,Synthetic Site 053,2022,Q2,Approved,2022-02-03 00:00:00.000,2022-02-03 00:00:00.000,2022-01-16 00:00:00.000,EUR,Office/Administration,,,2022-01-30 00:00:00.000,2026-07-10 08:00:00.000
2042,53,Synthetic Site 053,2022,Q3,Approved,2022-04-23 00:00:00.000,2022-05-12 00:00:00.000,2022-04-30 00:00:00.000,EUR,Office/Administration,Report scope: full site boundary per ISO 14001.,,2022-05-13 00:00:00.000,2026-07-10 08:00:00.000
2043,53,Synthetic Site 053,2022,Q4,Approved,,2022-10-24 00:00:00.000,2022-10-31 00:00:00.000,EUR,Office/Administration,,,2022-10-23 00:00:00.000,2026-07-10 08:00:00.000
2044,53,Synthetic Site 053,2023,Q1,Approved,2022-11-07 00:00:00.000,2022-12-23 00:00:00.000,2022-12-11 00:00:00.000,EUR,Office/Administration,,,2022-12-23 00:00:00.000,2026-07-10 08:00:00.000
2045,53,Synthetic Site 053,2023,Q2,Approved,2023-02-28 00:00:00.000,2023-04-26 00:00:00.000,2023-04-29 00:00:00.000,EUR,Office/Administration,,,2023-04-28 00:00:00.000,2026-07-10 08:00:00.000
2046,53,Synthetic Site 053,2023,Q3,Approved,2023-04-15 00:00:00.000,2023-04-21 00:00:00.000,2023-04-13 00:00:00.000,EUR,Office/Administration,,,2023-04-22 00:00:00.000,2026-07-10 08:00:00.000
2047,53,Synthetic Site 053,2023,Q4,Approved,2023-08-17 00:00:00.000,2023-10-01 00:00:00.000,2023-09-16 00:00:00.000,EUR,Office/Administration,,,2023-10-01 00:00:00.000,2026-07-10 08:00:00.000
2048,53,Synthetic Site 053,2024,Q1,Approved,2023-11-24 00:00:00.000,2023-12-10 00:00:00.000,2023-12-04 00:00:00.000,EUR,Office/Administration,,,2023-12-14 00:00:00.000,2026-07-10 08:00:00.000
2049,53,Synthetic Site 053,2024,Q2,Approved,2024-01-17 00:00:00.000,2024-03-06 00:00:00.000,2024-02-20 00:00:00.000,EUR,Office/Administration,,,2024-03-10 00:00:00.000,2026-07-10 08:00:00.000
2050,53,Synthetic Site 053,2024,Q3,Approved,2024-05-12 00:00:00.000,2024-06-30 00:00:00.000,2024-07-24 00:00:00.000,EUR,Office/Administration,,,2024-07-03 00:00:00.000,2026-07-10 08:00:00.000
2051,53,Synthetic Site 053,2024,Q4,Approved,2024-08-20 00:00:00.000,2024-10-10 00:00:00.000,2024-10-27 00:00:00.000,EUR,Office/Administration,Report scope: full site boundary per ISO 14001.,,2024-10-10 00:00:00.000,2026-07-10 08:00:00.000
2052,53,Synthetic Site 053,2025,Q1,Approved,2024-11-19 00:00:00.000,2024-12-18 00:00:00.000,2025-01-13 00:00:00.000,EUR,Office/Administration,,,2024-12-18 00:00:00.000,2026-07-10 08:00:00.000
2053,53,Synthetic Site 053,2025,Q2,Approved,2025-01-21 00:00:00.000,2025-02-08 00:00:00.000,2025-03-04 00:00:00.000,EUR,Office/Administration,,,2025-02-06 00:00:00.000,2026-07-10 08:00:00.000
2054,53,Synthetic Site 053,2025,Q3,Approved,2025-05-03 00:00:00.000,2025-05-18 00:00:00.000,2025-04-27 00:00:00.000,EUR,Office/Administration,,,2025-05-23 00:00:00.000,2026-07-10 08:00:00.000
2055,53,Synthetic Site 053,2025,Q4,Approved,2025-07-29 00:00:00.000,2025-09-08 00:00:00.000,2025-08-23 00:00:00.000,EUR,Office/Administration,,,2025-09-11 00:00:00.000,2026-07-10 08:00:00.000
2056,53,Synthetic Site 053,2026,Q1,Approved,2025-11-23 00:00:00.000,2025-12-02 00:00:00.000,2025-12-18 00:00:00.000,EUR,Office/Administration,,,2025-12-03 00:00:00.000,2026-07-10 08:00:00.000
2057,53,Synthetic Site 053,2026,Q2,Approved,2026-02-25 00:00:00.000,2026-04-07 00:00:00.000,2026-04-15 00:00:00.000,EUR,Office/Administration,,,2026-04-05 00:00:00.000,2026-07-10 08:00:00.000
2058,53,Synthetic Site 053,2026,Q3,Approved,2026-05-03 00:00:00.000,2026-06-12 00:00:00.000,2026-07-01 00:00:00.000,EUR,Office/Administration,,,2026-06-13 00:00:00.000,2026-07-10 08:00:00.000
2059,53,Synthetic Site 053,2026,Q4,Approved,2026-08-13 00:00:00.000,2026-08-23 00:00:00.000,2026-08-19 00:00:00.000,EUR,Office/Administration,,,2026-08-20 00:00:00.000,2026-07-10 08:00:00.000
2060,54,Synthetic Site 054,2022,Q1,Approved,2021-11-16 00:00:00.000,2021-12-09 00:00:00.000,2021-12-27 00:00:00.000,EUR,Heavy Equipment,,,2021-12-04 00:00:00.000,2026-07-10 08:00:00.000
2061,54,Synthetic Site 054,2022,Q2,Approved,2022-02-03 00:00:00.000,2022-03-25 00:00:00.000,2022-03-21 00:00:00.000,EUR,Heavy Equipment,,,2022-03-27 00:00:00.000,2026-07-10 08:00:00.000
2062,54,Synthetic Site 054,2022,Q3,Approved,2022-04-19 00:00:00.000,2022-05-20 00:00:00.000,2022-05-25 00:00:00.000,EUR,Heavy Equipment,,,2022-05-15 00:00:00.000,2026-07-10 08:00:00.000
2063,54,Synthetic Site 054,2022,Q4,Approved,2022-07-30 00:00:00.000,2022-09-28 00:00:00.000,2022-09-28 00:00:00.000,EUR,Heavy Equipment,,,2022-09-24 00:00:00.000,2026-07-10 08:00:00.000
2064,54,Synthetic Site 054,2023,Q1,Approved,2022-11-16 00:00:00.000,2022-11-18 00:00:00.000,2022-11-26 00:00:00.000,EUR,Heavy Equipment,,,2022-11-17 00:00:00.000,2026-07-10 08:00:00.000
2065,54,Synthetic Site 054,2023,Q2,Approved,2023-01-17 00:00:00.000,2023-02-19 00:00:00.000,2023-02-27 00:00:00.000,EUR,Heavy Equipment,,,2023-02-16 00:00:00.000,2026-07-10 08:00:00.000
2066,54,Synthetic Site 054,2023,Q3,Approved,2023-04-28 00:00:00.000,2023-06-04 00:00:00.000,2023-05-25 00:00:00.000,EUR,Heavy Equipment,,,2023-06-08 00:00:00.000,2026-07-10 08:00:00.000
2067,54,Synthetic Site 054,2023,Q4,Approved,2023-07-25 00:00:00.000,2023-08-19 00:00:00.000,2023-08-02 00:00:00.000,EUR,Heavy Equipment,,,2023-08-24 00:00:00.000,2026-07-10 08:00:00.000
2068,54,Synthetic Site 054,2024,Q1,Approved,2023-11-13 00:00:00.000,2023-12-10 00:00:00.000,2024-01-06 00:00:00.000,EUR,Heavy Equipment,,,2023-12-07 00:00:00.000,2026-07-10 08:00:00.000
2069,54,Synthetic Site 054,2024,Q2,Approved,2024-02-09 00:00:00.000,2024-04-07 00:00:00.000,2024-04-19 00:00:00.000,EUR,Heavy Equipment,,,2024-04-08 00:00:00.000,2026-07-10 08:00:00.000
2070,54,Synthetic Site 054,2024,Q3,Approved,2024-05-07 00:00:00.000,2024-05-12 00:00:00.000,2024-05-29 00:00:00.000,EUR,Heavy Equipment,,,2024-05-13 00:00:00.000,2026-07-10 08:00:00.000
2071,54,Synthetic Site 054,2024,Q4,Approved,2024-07-17 00:00:00.000,2024-08-30 00:00:00.000,2024-08-11 00:00:00.000,EUR,Heavy Equipment,,,2024-08-25 00:00:00.000,2026-07-10 08:00:00.000
2072,54,Synthetic Site 054,2025,Q1,Approved,2024-11-10 00:00:00.000,2024-11-30 00:00:00.000,2024-12-07 00:00:00.000,EUR,Heavy Equipment,Includes all energy and emissions from site operations.,,2024-12-02 00:00:00.000,2026-07-10 08:00:00.000
2073,54,Synthetic Site 054,2025,Q2,Approved,2025-01-27 00:00:00.000,2025-02-22 00:00:00.000,2025-03-24 00:00:00.000,EUR,Heavy Equipment,,,2025-02-24 00:00:00.000,2026-07-10 08:00:00.000
2074,54,Synthetic Site 054,2025,Q3,Approved,2025-05-29 00:00:00.000,2025-06-30 00:00:00.000,2025-06-15 00:00:00.000,EUR,Heavy Equipment,,,2025-06-30 00:00:00.000,2026-07-10 08:00:00.000
2075,54,Synthetic Site 054,2025,Q4,Approved,2025-08-03 00:00:00.000,2025-09-23 00:00:00.000,2025-10-10 00:00:00.000,EUR,Heavy Equipment,,,2025-09-28 00:00:00.000,2026-07-10 08:00:00.000
2076,54,Synthetic Site 054,2026,Q1,Approved,2025-11-08 00:00:00.000,2025-12-29 00:00:00.000,2026-01-07 00:00:00.000,EUR,Heavy Equipment,,,2025-12-29 00:00:00.000,2026-07-10 08:00:00.000
2077,54,Synthetic Site 054,2026,Q2,Approved,2026-02-04 00:00:00.000,2026-02-06 00:00:00.000,2026-02-14 00:00:00.000,EUR,Heavy Equipment,,,2026-02-02 00:00:00.000,2026-07-10 08:00:00.000
2078,54,Synthetic Site 054,2026,Q3,Approved,2026-04-27 00:00:00.000,2026-06-10 00:00:00.000,2026-05-20 00:00:00.000,EUR,Heavy Equipment,,,2026-06-05 00:00:00.000,2026-07-10 08:00:00.000
2079,54,Synthetic Site 054,2026,Q4,Approved,2026-07-28 00:00:00.000,2026-09-22 00:00:00.000,2026-10-22 00:00:00.000,EUR,Heavy Equipment,Includes all energy and emissions from site operations.,,2026-09-22 00:00:00.000,2026-07-10 08:00:00.000
2080,55,Synthetic Site 055,2022,Q1,Approved,2021-11-24 00:00:00.000,2021-12-02 00:00:00.000,2021-11-10 00:00:00.000,SGD,Service,,,2021-12-01 00:00:00.000,2026-07-10 08:00:00.000
2081,55,Synthetic Site 055,2022,Q2,Approved,2022-02-08 00:00:00.000,2022-03-04 00:00:00.000,2022-03-07 00:00:00.000,SGD,Service,,,2022-03-04 00:00:00.000,2026-07-10 08:00:00.000
2082,55,Synthetic Site 055,2022,Q3,Approved,2022-05-10 00:00:00.000,2022-06-19 00:00:00.000,2022-05-26 00:00:00.000,SGD,Service,,,2022-06-20 00:00:00.000,2026-07-10 08:00:00.000
2083,55,Synthetic Site 055,2022,Q4,Approved,2022-07-16 00:00:00.000,2022-08-30 00:00:00.000,2022-08-17 00:00:00.000,SGD,Service,,,2022-08-27 00:00:00.000,2026-07-10 08:00:00.000
2084,55,Synthetic Site 055,2023,Q1,Approved,2022-11-14 00:00:00.000,2022-12-21 00:00:00.000,2022-12-11 00:00:00.000,SGD,Service,,,2022-12-16 00:00:00.000,2026-07-10 08:00:00.000
2085,55,Synthetic Site 055,2023,Q2,Approved,2023-01-17 00:00:00.000,2023-01-17 00:00:00.000,2022-12-31 00:00:00.000,SGD,Service,,,2023-01-18 00:00:00.000,2026-07-10 08:00:00.000
2086,55,Synthetic Site 055,2023,Q3,Approved,2023-05-25 00:00:00.000,2023-06-25 00:00:00.000,2023-07-19 00:00:00.000,SGD,Service,,,2023-06-22 00:00:00.000,2026-07-10 08:00:00.000
2087,55,Synthetic Site 055,2023,Q4,Approved,2023-07-25 00:00:00.000,2023-08-18 00:00:00.000,2023-08-21 00:00:00.000,SGD,Service,,,2023-08-20 00:00:00.000,2026-07-10 08:00:00.000
2088,55,Synthetic Site 055,2024,Q1,Approved,2023-10-28 00:00:00.000,2023-12-04 00:00:00.000,2024-01-03 00:00:00.000,SGD,Service,,,2023-12-01 00:00:00.000,2026-07-10 08:00:00.000
2089,55,Synthetic Site 055,2024,Q2,Approved,2024-02-08 00:00:00.000,2024-03-01 00:00:00.000,2024-03-25 00:00:00.000,SGD,Service,,,2024-03-05 00:00:00.000,2026-07-10 08:00:00.000
2090,55,Synthetic Site 055,2024,Q3,Approved,2024-04-23 00:00:00.000,2024-05-05 00:00:00.000,2024-05-16 00:00:00.000,SGD,Service,All environmental data for the site premises.,,2024-05-08 00:00:00.000,2026-07-10 08:00:00.000
2091,55,Synthetic Site 055,2024,Q4,Approved,2024-08-25 00:00:00.000,2024-10-23 00:00:00.000,2024-10-07 00:00:00.000,SGD,Service,,,2024-10-20 00:00:00.000,2026-07-10 08:00:00.000
2092,55,Synthetic Site 055,2025,Q1,Approved,2024-10-19 00:00:00.000,2024-12-14 00:00:00.000,2025-01-09 00:00:00.000,SGD,Service,,Data verified by site manager.,2024-12-10 00:00:00.000,2026-07-10 08:00:00.000
2093,55,Synthetic Site 055,2025,Q2,Approved,2025-02-27 00:00:00.000,2025-04-15 00:00:00.000,2025-04-03 00:00:00.000,SGD,Service,,,2025-04-16 00:00:00.000,2026-07-10 08:00:00.000
2094,55,Synthetic Site 055,2025,Q3,Approved,2025-04-22 00:00:00.000,2025-06-14 00:00:00.000,2025-06-07 00:00:00.000,SGD,Service,,,2025-06-18 00:00:00.000,2026-07-10 08:00:00.000
2095,55,Synthetic Site 055,2025,Q4,Approved,2025-07-18 00:00:00.000,2025-08-12 00:00:00.000,2025-09-08 00:00:00.000,SGD,Service,,,2025-08-10 00:00:00.000,2026-07-10 08:00:00.000
2096,55,Synthetic Site 055,2026,Q1,Approved,2025-11-29 00:00:00.000,2025-11-29 00:00:00.000,2025-12-25 00:00:00.000,SGD,Service,,,2025-12-03 00:00:00.000,2026-07-10 08:00:00.000
2097,55,Synthetic Site 055,2026,Q2,Approved,2026-02-27 00:00:00.000,2026-04-16 00:00:00.000,2026-04-18 00:00:00.000,SGD,Service,,,2026-04-18 00:00:00.000,2026-07-10 08:00:00.000
2098,55,Synthetic Site 055,2026,Q3,Approved,2026-04-20 00:00:00.000,2026-05-16 00:00:00.000,2026-05-23 00:00:00.000,SGD,Service,,,2026-05-15 00:00:00.000,2026-07-10 08:00:00.000
2099,55,Synthetic Site 055,2026,Q4,Approved,2026-07-25 00:00:00.000,2026-08-16 00:00:00.000,2026-08-29 00:00:00.000,SGD,Service,,,2026-08-20 00:00:00.000,2026-07-10 08:00:00.000
2100,56,Synthetic Site 056,2022,Q1,Approved,2021-10-26 00:00:00.000,2021-11-20 00:00:00.000,2021-12-11 00:00:00.000,EUR,Office/Administration,,,2021-11-15 00:00:00.000,2026-07-10 08:00:00.000
2101,56,Synthetic Site 056,2022,Q2,Approved,2022-02-21 00:00:00.000,2022-04-10 00:00:00.000,2022-04-25 00:00:00.000,EUR,Office/Administration,,,2022-04-08 00:00:00.000,2026-07-10 08:00:00.000
2102,56,Synthetic Site 056,2022,Q3,Approved,2022-04-19 00:00:00.000,2022-06-01 00:00:00.000,2022-06-30 00:00:00.000,EUR,Office/Administration,,,2022-05-29 00:00:00.000,2026-07-10 08:00:00.000
2103,56,Synthetic Site 056,2022,Q4,Approved,2022-08-08 00:00:00.000,2022-09-10 00:00:00.000,2022-08-25 00:00:00.000,,Office/Administration,,,2022-09-12 00:00:00.000,2026-07-10 08:00:00.000
2104,56,Synthetic Site 056,2023,Q1,Approved,2022-11-17 00:00:00.000,2022-11-24 00:00:00.000,2022-12-16 00:00:00.000,EUR,Office/Administration,,,2022-11-21 00:00:00.000,2026-07-10 08:00:00.000
2105,56,Synthetic Site 056,2023,Q2,Approved,2023-02-24 00:00:00.000,2023-04-20 00:00:00.000,2023-04-27 00:00:00.000,EUR,Office/Administration,,,2023-04-21 00:00:00.000,2026-07-10 08:00:00.000
2106,56,Synthetic Site 056,2023,Q3,Approved,2023-05-21 00:00:00.000,2023-06-14 00:00:00.000,2023-06-03 00:00:00.000,EUR,Office/Administration,,,2023-06-19 00:00:00.000,2026-07-10 08:00:00.000
2107,56,Synthetic Site 056,2023,Q4,Approved,2023-08-16 00:00:00.000,2023-09-07 00:00:00.000,2023-08-21 00:00:00.000,EUR,Office/Administration,,,2023-09-02 00:00:00.000,2026-07-10 08:00:00.000
2108,56,Synthetic Site 056,2024,Q1,Approved,2023-10-31 00:00:00.000,2023-12-07 00:00:00.000,2024-01-04 00:00:00.000,EUR,Office/Administration,,,2023-12-06 00:00:00.000,2026-07-10 08:00:00.000
2109,56,Synthetic Site 056,2024,Q2,Approved,2024-01-28 00:00:00.000,2024-02-03 00:00:00.000,2024-01-22 00:00:00.000,EUR,Office/Administration,,,2024-02-07 00:00:00.000,2026-07-10 08:00:00.000
2110,56,Synthetic Site 056,2024,Q3,Approved,2024-05-28 00:00:00.000,2024-06-26 00:00:00.000,2024-05-29 00:00:00.000,EUR,Office/Administration,,,2024-07-01 00:00:00.000,2026-07-10 08:00:00.000
2111,56,Synthetic Site 056,2024,Q4,Approved,2024-08-18 00:00:00.000,2024-10-12 00:00:00.000,2024-11-03 00:00:00.000,EUR,Office/Administration,,,2024-10-09 00:00:00.000,2026-07-10 08:00:00.000
2112,56,Synthetic Site 056,2025,Q1,Approved,2024-10-23 00:00:00.000,2024-11-09 00:00:00.000,2024-11-18 00:00:00.000,EUR,Office/Administration,,,2024-11-05 00:00:00.000,2026-07-10 08:00:00.000
2113,56,Synthetic Site 056,2025,Q2,Approved,2025-02-05 00:00:00.000,2025-02-14 00:00:00.000,2025-03-14 00:00:00.000,EUR,Office/Administration,,,2025-02-14 00:00:00.000,2026-07-10 08:00:00.000
2114,56,Synthetic Site 056,2025,Q3,Approved,2025-04-28 00:00:00.000,2025-05-19 00:00:00.000,2025-06-05 00:00:00.000,EUR,Office/Administration,,,2025-05-16 00:00:00.000,2026-07-10 08:00:00.000
2115,56,Synthetic Site 056,2025,Q4,Approved,2025-08-24 00:00:00.000,2025-10-07 00:00:00.000,2025-09-15 00:00:00.000,EUR,Office/Administration,,,2025-10-06 00:00:00.000,2026-07-10 08:00:00.000
2116,56,Synthetic Site 056,2026,Q1,Approved,2025-11-16 00:00:00.000,2026-01-04 00:00:00.000,2025-12-17 00:00:00.000,EUR,Office/Administration,,,2025-12-30 00:00:00.000,2026-07-10 08:00:00.000
2117,56,Synthetic Site 056,2026,Q2,Approved,2026-01-15 00:00:00.000,2026-02-17 00:00:00.000,2026-03-09 00:00:00.000,,Office/Administration,,,2026-02-21 00:00:00.000,2026-07-10 08:00:00.000
2118,56,Synthetic Site 056,2026,Q3,Approved,2026-05-11 00:00:00.000,2026-07-04 00:00:00.000,2026-07-09 00:00:00.000,EUR,Office/Administration,,,2026-07-02 00:00:00.000,2026-07-10 08:00:00.000
2119,56,Synthetic Site 056,2026,Q4,Approved,2026-08-05 00:00:00.000,2026-09-05 00:00:00.000,2026-08-10 00:00:00.000,EUR,Office/Administration,,,2026-09-03 00:00:00.000,2026-07-10 08:00:00.000
2120,57,Synthetic Site 057,2022,Q1,Approved,2021-11-03 00:00:00.000,2021-11-21 00:00:00.000,2021-11-30 00:00:00.000,,Office/Administration,,,2021-11-17 00:00:00.000,2026-07-10 08:00:00.000
2121,57,Synthetic Site 057,2022,Q2,Approved,2022-02-11 00:00:00.000,2022-03-04 00:00:00.000,2022-02-09 00:00:00.000,EUR,Office/Administration,,,2022-03-03 00:00:00.000,2026-07-10 08:00:00.000
2122,57,Synthetic Site 057,2022,Q3,Approved,2022-04-21 00:00:00.000,2022-05-10 00:00:00.000,2022-04-19 00:00:00.000,EUR,Office/Administration,,,2022-05-15 00:00:00.000,2026-07-10 08:00:00.000
2123,57,Synthetic Site 057,2022,Q4,Approved,2022-07-17 00:00:00.000,2022-07-25 00:00:00.000,2022-06-30 00:00:00.000,EUR,Office/Administration,,,2022-07-23 00:00:00.000,2026-07-10 08:00:00.000
2124,57,Synthetic Site 057,2023,Q1,Approved,2022-10-27 00:00:00.000,2022-11-29 00:00:00.000,2022-12-14 00:00:00.000,EUR,Office/Administration,,,2022-11-26 00:00:00.000,2026-07-10 08:00:00.000
2125,57,Synthetic Site 057,2023,Q2,Approved,2023-02-10 00:00:00.000,2023-04-06 00:00:00.000,2023-04-26 00:00:00.000,EUR,Office/Administration,,,2023-04-02 00:00:00.000,2026-07-10 08:00:00.000
2126,57,Synthetic Site 057,2023,Q3,Approved,2023-05-05 00:00:00.000,2023-06-15 00:00:00.000,2023-06-13 00:00:00.000,EUR,Office/Administration,,,2023-06-18 00:00:00.000,2026-07-10 08:00:00.000
2127,57,Synthetic Site 057,2023,Q4,Approved,2023-07-15 00:00:00.000,2023-08-28 00:00:00.000,2023-08-01 00:00:00.000,EUR,Office/Administration,,,2023-08-26 00:00:00.000,2026-07-10 08:00:00.000
2128,57,Synthetic Site 057,2024,Q1,Approved,2023-10-22 00:00:00.000,2023-11-12 00:00:00.000,2023-10-16 00:00:00.000,EUR,Office/Administration,,,2023-11-16 00:00:00.000,2026-07-10 08:00:00.000
2129,57,Synthetic Site 057,2024,Q2,Approved,2024-01-30 00:00:00.000,2024-03-12 00:00:00.000,2024-04-03 00:00:00.000,EUR,Office/Administration,,,2024-03-15 00:00:00.000,2026-07-10 08:00:00.000
2130,57,Synthetic Site 057,2024,Q3,Approved,2024-04-26 00:00:00.000,2024-06-25 00:00:00.000,2024-06-24 00:00:00.000,EUR,Office/Administration,,,2024-06-25 00:00:00.000,2026-07-10 08:00:00.000
2131,57,Synthetic Site 057,2024,Q4,Approved,2024-08-20 00:00:00.000,2024-08-30 00:00:00.000,2024-09-16 00:00:00.000,EUR,Office/Administration,All environmental data for the site premises.,,2024-08-27 00:00:00.000,2026-07-10 08:00:00.000
2132,57,Synthetic Site 057,2025,Q1,Approved,2024-11-11 00:00:00.000,2025-01-03 00:00:00.000,2024-12-10 00:00:00.000,EUR,,,,2025-01-08 00:00:00.000,2026-07-10 08:00:00.000
2133,57,Synthetic Site 057,2025,Q2,Approved,2025-01-24 00:00:00.000,2025-03-05 00:00:00.000,2025-02-12 00:00:00.000,EUR,Office/Administration,,,2025-03-02 00:00:00.000,2026-07-10 08:00:00.000
2134,57,Synthetic Site 057,2025,Q3,Approved,2025-04-29 00:00:00.000,2025-05-09 00:00:00.000,2025-04-15 00:00:00.000,EUR,Office/Administration,,,2025-05-10 00:00:00.000,2026-07-10 08:00:00.000
2135,57,Synthetic Site 057,2025,Q4,Approved,2025-07-14 00:00:00.000,2025-07-30 00:00:00.000,2025-08-11 00:00:00.000,EUR,Office/Administration,,,2025-08-03 00:00:00.000,2026-07-10 08:00:00.000
2136,57,Synthetic Site 057,2026,Q1,Approved,2025-11-08 00:00:00.000,2025-11-10 00:00:00.000,2025-11-08 00:00:00.000,EUR,Office/Administration,,,2025-11-13 00:00:00.000,2026-07-10 08:00:00.000
2137,57,Synthetic Site 057,2026,Q2,Approved,2026-01-21 00:00:00.000,2026-02-18 00:00:00.000,2026-02-26 00:00:00.000,EUR,Office/Administration,,,2026-02-20 00:00:00.000,2026-07-10 08:00:00.000
2138,57,Synthetic Site 057,2026,Q3,Approved,2026-05-26 00:00:00.000,2026-07-16 00:00:00.000,2026-06-19 00:00:00.000,EUR,Office/Administration,,,2026-07-19 00:00:00.000,2026-07-10 08:00:00.000
2139,57,Synthetic Site 057,2026,Q4,Approved,2026-07-16 00:00:00.000,2026-08-04 00:00:00.000,2026-07-25 00:00:00.000,EUR,Office/Administration,,,2026-08-07 00:00:00.000,2026-07-10 08:00:00.000
2140,58,Synthetic Site 058,2022,Q1,Approved,2021-10-27 00:00:00.000,2021-12-15 00:00:00.000,2022-01-07 00:00:00.000,EUR,Assembling,,,2021-12-15 00:00:00.000,2026-07-10 08:00:00.000
2141,58,Synthetic Site 058,2022,Q2,Approved,2022-02-14 00:00:00.000,2022-04-12 00:00:00.000,2022-04-19 00:00:00.000,EUR,Assembling,,,2022-04-17 00:00:00.000,2026-07-10 08:00:00.000
2142,58,Synthetic Site 058,2022,Q3,Approved,2022-05-03 00:00:00.000,2022-05-09 00:00:00.000,2022-06-05 00:00:00.000,EUR,Assembling,,,2022-05-06 00:00:00.000,2026-07-10 08:00:00.000
2143,58,Synthetic Site 058,2022,Q4,Approved,2022-08-16 00:00:00.000,2022-10-04 00:00:00.000,2022-09-08 00:00:00.000,EUR,Assembling,,,2022-10-02 00:00:00.000,2026-07-10 08:00:00.000
2144,58,Synthetic Site 058,2023,Q1,Approved,2022-11-16 00:00:00.000,2022-12-01 00:00:00.000,2022-12-02 00:00:00.000,EUR,Assembling,,,2022-12-03 00:00:00.000,2026-07-10 08:00:00.000
2145,58,Synthetic Site 058,2023,Q2,Approved,2023-02-07 00:00:00.000,2023-03-04 00:00:00.000,2023-02-19 00:00:00.000,EUR,Assembling,,,2023-03-04 00:00:00.000,2026-07-10 08:00:00.000
2146,58,Synthetic Site 058,2023,Q3,Approved,2023-04-15 00:00:00.000,2023-05-22 00:00:00.000,2023-06-06 00:00:00.000,EUR,Assembling,,Auto-generated synthetic remark.,2023-05-20 00:00:00.000,2026-07-10 08:00:00.000
2147,58,Synthetic Site 058,2023,Q4,Approved,2023-07-13 00:00:00.000,2023-08-23 00:00:00.000,2023-09-15 00:00:00.000,EUR,Assembling,,,2023-08-18 00:00:00.000,2026-07-10 08:00:00.000
2148,58,Synthetic Site 058,2024,Q1,Approved,2023-11-18 00:00:00.000,2023-12-03 00:00:00.000,2023-11-06 00:00:00.000,EUR,Assembling,,,2023-12-02 00:00:00.000,2026-07-10 08:00:00.000
2149,58,Synthetic Site 058,2024,Q2,Approved,2024-01-15 00:00:00.000,2024-02-27 00:00:00.000,2024-02-14 00:00:00.000,EUR,Assembling,,,2024-03-01 00:00:00.000,2026-07-10 08:00:00.000
2150,58,Synthetic Site 058,2024,Q3,Approved,2024-05-06 00:00:00.000,2024-05-30 00:00:00.000,2024-06-11 00:00:00.000,,Assembling,,,2024-06-03 00:00:00.000,2026-07-10 08:00:00.000
2151,58,Synthetic Site 058,2024,Q4,Approved,2024-07-28 00:00:00.000,2024-09-14 00:00:00.000,2024-10-08 00:00:00.000,EUR,,,,2024-09-11 00:00:00.000,2026-07-10 08:00:00.000
2152,58,Synthetic Site 058,2025,Q1,Approved,2024-10-29 00:00:00.000,2024-12-26 00:00:00.000,2024-12-12 00:00:00.000,EUR,Assembling,,,2024-12-28 00:00:00.000,2026-07-10 08:00:00.000
2153,58,Synthetic Site 058,2025,Q2,Approved,2025-01-30 00:00:00.000,2025-03-02 00:00:00.000,2025-03-26 00:00:00.000,EUR,Assembling,,,2025-02-25 00:00:00.000,2026-07-10 08:00:00.000
2154,58,Synthetic Site 058,2025,Q3,Approved,2025-05-20 00:00:00.000,2025-05-23 00:00:00.000,2025-04-29 00:00:00.000,EUR,Assembling,,,2025-05-20 00:00:00.000,2026-07-10 08:00:00.000
2155,58,Synthetic Site 058,2025,Q4,Approved,2025-07-24 00:00:00.000,2025-09-01 00:00:00.000,2025-08-24 00:00:00.000,EUR,Assembling,,,2025-09-04 00:00:00.000,2026-07-10 08:00:00.000
2156,58,Synthetic Site 058,2026,Q1,Approved,2025-11-17 00:00:00.000,2026-01-13 00:00:00.000,2026-01-25 00:00:00.000,EUR,Assembling,,,2026-01-15 00:00:00.000,2026-07-10 08:00:00.000
2157,58,Synthetic Site 058,2026,Q2,Approved,2026-02-02 00:00:00.000,2026-02-26 00:00:00.000,2026-02-05 00:00:00.000,EUR,Assembling,,,2026-02-28 00:00:00.000,2026-07-10 08:00:00.000
2158,58,Synthetic Site 058,2026,Q3,Approved,2026-05-03 00:00:00.000,2026-06-03 00:00:00.000,2026-06-22 00:00:00.000,EUR,Assembling,,,2026-06-07 00:00:00.000,2026-07-10 08:00:00.000
2159,58,Synthetic Site 058,2026,Q4,Approved,2026-07-16 00:00:00.000,2026-09-11 00:00:00.000,2026-10-03 00:00:00.000,EUR,Assembling,,,2026-09-07 00:00:00.000,2026-07-10 08:00:00.000
2160,59,Synthetic Site 059,2022,Q1,Approved,2021-11-29 00:00:00.000,2022-01-06 00:00:00.000,2022-01-01 00:00:00.000,HUF,Other,,,2022-01-10 00:00:00.000,2026-07-10 08:00:00.000
2161,59,Synthetic Site 059,2022,Q2,Approved,2022-01-26 00:00:00.000,2022-03-05 00:00:00.000,2022-02-14 00:00:00.000,HUF,Other,,Auto-generated synthetic remark.,2022-03-08 00:00:00.000,2026-07-10 08:00:00.000
2162,59,Synthetic Site 059,2022,Q3,Approved,2022-04-18 00:00:00.000,2022-04-22 00:00:00.000,2022-05-14 00:00:00.000,HUF,Other,,,2022-04-22 00:00:00.000,2026-07-10 08:00:00.000
2163,59,Synthetic Site 059,2022,Q4,Approved,2022-07-19 00:00:00.000,2022-07-20 00:00:00.000,2022-08-09 00:00:00.000,HUF,Other,,,2022-07-17 00:00:00.000,2026-07-10 08:00:00.000
2164,59,Synthetic Site 059,2023,Q1,Approved,2022-10-29 00:00:00.000,2022-10-30 00:00:00.000,2022-10-29 00:00:00.000,HUF,Other,,,2022-11-02 00:00:00.000,2026-07-10 08:00:00.000
2165,59,Synthetic Site 059,2023,Q2,Approved,2023-02-06 00:00:00.000,2023-02-14 00:00:00.000,2023-02-20 00:00:00.000,HUF,Other,,,2023-02-11 00:00:00.000,2026-07-10 08:00:00.000
2166,59,Synthetic Site 059,2023,Q3,Approved,2023-04-22 00:00:00.000,2023-06-08 00:00:00.000,2023-05-22 00:00:00.000,HUF,Other,,,2023-06-05 00:00:00.000,2026-07-10 08:00:00.000
2167,59,Synthetic Site 059,2023,Q4,Approved,2023-08-09 00:00:00.000,2023-08-19 00:00:00.000,2023-09-01 00:00:00.000,HUF,Other,,,2023-08-22 00:00:00.000,2026-07-10 08:00:00.000
2168,59,Synthetic Site 059,2024,Q1,Approved,2023-11-15 00:00:00.000,2023-12-14 00:00:00.000,2023-11-14 00:00:00.000,HUF,Other,,,2023-12-14 00:00:00.000,2026-07-10 08:00:00.000
2169,59,Synthetic Site 059,2024,Q2,Approved,2024-01-23 00:00:00.000,2024-01-30 00:00:00.000,2024-02-20 00:00:00.000,HUF,Other,,,2024-01-28 00:00:00.000,2026-07-10 08:00:00.000
2170,59,Synthetic Site 059,2024,Q3,Approved,2024-05-21 00:00:00.000,2024-06-01 00:00:00.000,2024-05-20 00:00:00.000,HUF,Other,,,2024-06-01 00:00:00.000,2026-07-10 08:00:00.000
2171,59,Synthetic Site 059,2024,Q4,Approved,2024-08-19 00:00:00.000,2024-08-21 00:00:00.000,2024-07-29 00:00:00.000,HUF,Other,,,2024-08-24 00:00:00.000,2026-07-10 08:00:00.000
2172,59,Synthetic Site 059,2025,Q1,Approved,2024-11-04 00:00:00.000,2024-12-18 00:00:00.000,2025-01-08 00:00:00.000,HUF,Other,,,2024-12-22 00:00:00.000,2026-07-10 08:00:00.000
2173,59,Synthetic Site 059,2025,Q2,Approved,2025-02-23 00:00:00.000,2025-03-20 00:00:00.000,2025-02-20 00:00:00.000,HUF,Other,,,2025-03-23 00:00:00.000,2026-07-10 08:00:00.000
2174,59,Synthetic Site 059,2025,Q3,Approved,2025-04-16 00:00:00.000,2025-04-29 00:00:00.000,2025-05-20 00:00:00.000,HUF,Other,,,2025-05-03 00:00:00.000,2026-07-10 08:00:00.000
2175,59,Synthetic Site 059,2025,Q4,Approved,2025-08-23 00:00:00.000,2025-10-12 00:00:00.000,2025-10-07 00:00:00.000,HUF,Other,,,2025-10-09 00:00:00.000,2026-07-10 08:00:00.000
2176,59,Synthetic Site 059,2026,Q1,Approved,2025-11-26 00:00:00.000,2025-12-21 00:00:00.000,2025-12-31 00:00:00.000,HUF,Other,,,2025-12-24 00:00:00.000,2026-07-10 08:00:00.000
2177,59,Synthetic Site 059,2026,Q2,Approved,2026-02-13 00:00:00.000,2026-02-23 00:00:00.000,2026-03-22 00:00:00.000,HUF,Other,Includes all energy and emissions from site operations.,,2026-02-23 00:00:00.000,2026-07-10 08:00:00.000
2178,59,Synthetic Site 059,2026,Q3,Approved,2026-04-17 00:00:00.000,2026-05-16 00:00:00.000,2026-04-29 00:00:00.000,,Other,,,2026-05-17 00:00:00.000,2026-07-10 08:00:00.000
2179,59,Synthetic Site 059,2026,Q4,Approved,2026-07-14 00:00:00.000,2026-08-09 00:00:00.000,2026-08-17 00:00:00.000,HUF,Other,,,2026-08-07 00:00:00.000,2026-07-10 08:00:00.000
2180,60,Synthetic Site 060,2022,Q1,Approved,2021-10-16 00:00:00.000,2021-10-19 00:00:00.000,2021-10-29 00:00:00.000,EUR,Other,,,2021-10-24 00:00:00.000,2026-07-10 08:00:00.000
2181,60,Synthetic Site 060,2022,Q2,Approved,2022-02-16 00:00:00.000,2022-03-21 00:00:00.000,2022-04-01 00:00:00.000,EUR,Other,,,2022-03-19 00:00:00.000,2026-07-10 08:00:00.000
2182,60,Synthetic Site 060,2022,Q3,Approved,2022-05-14 00:00:00.000,2022-05-14 00:00:00.000,2022-05-13 00:00:00.000,EUR,Other,,,2022-05-19 00:00:00.000,2026-07-10 08:00:00.000
2183,60,Synthetic Site 060,2022,Q4,Approved,2022-08-15 00:00:00.000,2022-08-19 00:00:00.000,2022-08-31 00:00:00.000,EUR,Other,,,2022-08-21 00:00:00.000,2026-07-10 08:00:00.000
2184,60,Synthetic Site 060,2023,Q1,Approved,2022-10-29 00:00:00.000,2022-11-27 00:00:00.000,2022-11-13 00:00:00.000,EUR,Other,,Data verified by site manager.,2022-11-28 00:00:00.000,2026-07-10 08:00:00.000
2185,60,Synthetic Site 060,2023,Q2,Approved,2023-02-22 00:00:00.000,2023-03-18 00:00:00.000,2023-03-15 00:00:00.000,EUR,Other,,,2023-03-18 00:00:00.000,2026-07-10 08:00:00.000
2186,60,Synthetic Site 060,2023,Q3,Approved,2023-05-06 00:00:00.000,2023-05-17 00:00:00.000,2023-05-01 00:00:00.000,EUR,Other,,,2023-05-17 00:00:00.000,2026-07-10 08:00:00.000
2187,60,Synthetic Site 060,2023,Q4,Approved,2023-07-27 00:00:00.000,2023-09-10 00:00:00.000,2023-09-02 00:00:00.000,EUR,Other,,,2023-09-12 00:00:00.000,2026-07-10 08:00:00.000
2188,60,Synthetic Site 060,2024,Q1,In Work,2023-11-11 00:00:00.000,2023-12-18 00:00:00.000,,EUR,Other,,,2023-12-18 00:00:00.000,2026-07-10 08:00:00.000
2189,60,Synthetic Site 060,2024,Q2,Approved,2024-02-09 00:00:00.000,2024-04-06 00:00:00.000,2024-04-22 00:00:00.000,EUR,Other,,,2024-04-04 00:00:00.000,2026-07-10 08:00:00.000
2190,60,Synthetic Site 060,2024,Q3,Approved,2024-05-08 00:00:00.000,2024-06-25 00:00:00.000,2024-07-24 00:00:00.000,EUR,Other,,,2024-06-20 00:00:00.000,2026-07-10 08:00:00.000
2191,60,Synthetic Site 060,2024,Q4,Approved,2024-07-25 00:00:00.000,2024-08-11 00:00:00.000,2024-09-10 00:00:00.000,EUR,Other,,,2024-08-09 00:00:00.000,2026-07-10 08:00:00.000
2192,60,Synthetic Site 060,2025,Q1,Approved,2024-10-25 00:00:00.000,2024-11-10 00:00:00.000,2024-11-01 00:00:00.000,EUR,Other,,,2024-11-15 00:00:00.000,2026-07-10 08:00:00.000
2193,60,Synthetic Site 060,2025,Q2,Approved,2025-02-26 00:00:00.000,2025-04-12 00:00:00.000,2025-05-05 00:00:00.000,EUR,Other,,,2025-04-09 00:00:00.000,2026-07-10 08:00:00.000
2194,60,Synthetic Site 060,2025,Q3,Approved,2025-05-05 00:00:00.000,2025-06-12 00:00:00.000,2025-07-03 00:00:00.000,EUR,Other,,,2025-06-16 00:00:00.000,2026-07-10 08:00:00.000
2195,60,Synthetic Site 060,2025,Q4,Approved,2025-07-31 00:00:00.000,2025-08-15 00:00:00.000,2025-08-03 00:00:00.000,EUR,Other,,,2025-08-12 00:00:00.000,2026-07-10 08:00:00.000
2196,60,Synthetic Site 060,2026,Q1,Approved,2025-11-05 00:00:00.000,2026-01-04 00:00:00.000,2025-12-20 00:00:00.000,EUR,Other,,,2026-01-08 00:00:00.000,2026-07-10 08:00:00.000
2197,60,Synthetic Site 060,2026,Q2,Approved,2026-02-18 00:00:00.000,2026-03-05 00:00:00.000,2026-03-05 00:00:00.000,EUR,Other,,,2026-03-02 00:00:00.000,2026-07-10 08:00:00.000
2198,60,Synthetic Site 060,2026,Q3,Approved,2026-04-16 00:00:00.000,2026-05-05 00:00:00.000,2026-04-09 00:00:00.000,EUR,Other,,,2026-05-01 00:00:00.000,2026-07-10 08:00:00.000
2199,60,Synthetic Site 060,2026,Q4,Approved,2026-07-15 00:00:00.000,2026-07-26 00:00:00.000,2026-07-22 00:00:00.000,EUR,Other,,,2026-07-22 00:00:00.000,2026-07-10 08:00:00.000
2200,61,Synthetic Site 061,2022,Q1,Approved,2021-11-15 00:00:00.000,2021-12-07 00:00:00.000,2021-11-17 00:00:00.000,CHF,Other,,,2021-12-03 00:00:00.000,2026-07-10 08:00:00.000
2201,61,Synthetic Site 061,2022,Q2,Approved,2022-01-26 00:00:00.000,2022-03-27 00:00:00.000,2022-03-26 00:00:00.000,CHF,Other,,,2022-03-23 00:00:00.000,2026-07-10 08:00:00.000
2202,61,Synthetic Site 061,2022,Q3,Approved,2022-05-09 00:00:00.000,2022-05-12 00:00:00.000,2022-05-12 00:00:00.000,CHF,Other,,,2022-05-11 00:00:00.000,2026-07-10 08:00:00.000
2203,61,Synthetic Site 061,2022,Q4,Approved,2022-08-18 00:00:00.000,2022-08-19 00:00:00.000,2022-08-29 00:00:00.000,CHF,Other,,,2022-08-21 00:00:00.000,2026-07-10 08:00:00.000
2204,61,Synthetic Site 061,2023,Q1,Approved,2022-10-22 00:00:00.000,2022-10-31 00:00:00.000,2022-10-21 00:00:00.000,CHF,Other,,,2022-10-29 00:00:00.000,2026-07-10 08:00:00.000
2205,61,Synthetic Site 061,2023,Q2,Approved,2023-01-28 00:00:00.000,2023-01-31 00:00:00.000,2023-02-08 00:00:00.000,CHF,Other,,,2023-01-27 00:00:00.000,2026-07-10 08:00:00.000
2206,61,Synthetic Site 061,2023,Q3,Approved,2023-04-23 00:00:00.000,2023-05-19 00:00:00.000,2023-06-15 00:00:00.000,CHF,Other,,,2023-05-24 00:00:00.000,2026-07-10 08:00:00.000
2207,61,Synthetic Site 061,2023,Q4,Approved,2023-07-30 00:00:00.000,2023-09-16 00:00:00.000,2023-08-24 00:00:00.000,CHF,Other,,,2023-09-14 00:00:00.000,2026-07-10 08:00:00.000
2208,61,Synthetic Site 061,2024,Q1,Approved,2023-11-23 00:00:00.000,2023-11-25 00:00:00.000,2023-10-27 00:00:00.000,CHF,Other,,,2023-11-26 00:00:00.000,2026-07-10 08:00:00.000
2209,61,Synthetic Site 061,2024,Q2,Approved,2024-01-14 00:00:00.000,2024-02-24 00:00:00.000,2024-03-17 00:00:00.000,CHF,Other,,,2024-02-28 00:00:00.000,2026-07-10 08:00:00.000
2210,61,Synthetic Site 061,2024,Q3,Approved,2024-04-25 00:00:00.000,2024-05-18 00:00:00.000,2024-05-09 00:00:00.000,CHF,Other,,,2024-05-18 00:00:00.000,2026-07-10 08:00:00.000
2211,61,Synthetic Site 061,2024,Q4,Approved,2024-07-30 00:00:00.000,2024-09-04 00:00:00.000,2024-08-16 00:00:00.000,CHF,Other,,,2024-09-05 00:00:00.000,2026-07-10 08:00:00.000
2212,61,Synthetic Site 061,2025,Q1,Approved,2024-10-29 00:00:00.000,2024-11-08 00:00:00.000,2024-12-06 00:00:00.000,CHF,Other,,,2024-11-09 00:00:00.000,2026-07-10 08:00:00.000
2213,61,Synthetic Site 061,2025,Q2,Approved,2025-02-15 00:00:00.000,2025-04-13 00:00:00.000,2025-04-10 00:00:00.000,CHF,Other,,,2025-04-18 00:00:00.000,2026-07-10 08:00:00.000
2214,61,Synthetic Site 061,2025,Q3,Approved,2025-04-17 00:00:00.000,2025-06-04 00:00:00.000,2025-05-17 00:00:00.000,CHF,Other,,,2025-06-08 00:00:00.000,2026-07-10 08:00:00.000
2215,61,Synthetic Site 061,2025,Q4,Approved,2025-07-15 00:00:00.000,2025-07-24 00:00:00.000,2025-08-20 00:00:00.000,CHF,Other,,,2025-07-23 00:00:00.000,2026-07-10 08:00:00.000
2216,61,Synthetic Site 061,2026,Q1,Approved,2025-11-05 00:00:00.000,2025-12-06 00:00:00.000,2025-12-15 00:00:00.000,CHF,Other,,,2025-12-08 00:00:00.000,2026-07-10 08:00:00.000
2217,61,Synthetic Site 061,2026,Q2,Approved,2026-02-19 00:00:00.000,2026-04-03 00:00:00.000,2026-03-18 00:00:00.000,CHF,Other,,,2026-03-29 00:00:00.000,2026-07-10 08:00:00.000
2218,61,Synthetic Site 061,2026,Q3,Approved,2026-04-25 00:00:00.000,2026-05-28 00:00:00.000,2026-05-09 00:00:00.000,CHF,Other,,,2026-06-02 00:00:00.000,2026-07-10 08:00:00.000
2219,61,Synthetic Site 061,2026,Q4,Approved,2026-07-13 00:00:00.000,2026-08-20 00:00:00.000,2026-08-24 00:00:00.000,CHF,,,,2026-08-21 00:00:00.000,2026-07-10 08:00:00.000
2220,62,Synthetic Site 062,2022,Q1,Approved,2021-11-18 00:00:00.000,2021-12-11 00:00:00.000,2021-12-06 00:00:00.000,CHF,Service,,,2021-12-08 00:00:00.000,2026-07-10 08:00:00.000
2221,62,Synthetic Site 062,2022,Q2,Approved,2022-02-05 00:00:00.000,2022-04-01 00:00:00.000,2022-03-18 00:00:00.000,CHF,Service,,,2022-04-01 00:00:00.000,2026-07-10 08:00:00.000
2222,62,Synthetic Site 062,2022,Q3,Approved,2022-05-26 00:00:00.000,2022-07-17 00:00:00.000,2022-07-11 00:00:00.000,CHF,Service,,,2022-07-17 00:00:00.000,2026-07-10 08:00:00.000
2223,62,Synthetic Site 062,2022,Q4,Approved,2022-07-15 00:00:00.000,2022-08-28 00:00:00.000,2022-09-03 00:00:00.000,CHF,,,,2022-08-23 00:00:00.000,2026-07-10 08:00:00.000
2224,62,Synthetic Site 062,2023,Q1,Approved,2022-11-16 00:00:00.000,2022-11-20 00:00:00.000,2022-11-09 00:00:00.000,CHF,Service,,,2022-11-25 00:00:00.000,2026-07-10 08:00:00.000
2225,62,Synthetic Site 062,2023,Q2,Approved,2023-02-21 00:00:00.000,2023-04-12 00:00:00.000,2023-03-29 00:00:00.000,CHF,Service,,,2023-04-16 00:00:00.000,2026-07-10 08:00:00.000
2226,62,Synthetic Site 062,2023,Q3,Approved,2023-05-27 00:00:00.000,2023-05-28 00:00:00.000,2023-05-11 00:00:00.000,CHF,Service,Covers manufacturing and support operations on-site.,,2023-05-23 00:00:00.000,2026-07-10 08:00:00.000
2227,62,Synthetic Site 062,2023,Q4,Approved,2023-07-31 00:00:00.000,2023-08-12 00:00:00.000,2023-08-05 00:00:00.000,CHF,Service,,,2023-08-14 00:00:00.000,2026-07-10 08:00:00.000
2228,62,Synthetic Site 062,2024,Q1,Approved,2023-10-23 00:00:00.000,2023-10-31 00:00:00.000,2023-10-22 00:00:00.000,CHF,Service,,,2023-11-03 00:00:00.000,2026-07-10 08:00:00.000
2229,62,Synthetic Site 062,2024,Q2,Approved,2024-02-09 00:00:00.000,2024-02-25 00:00:00.000,2024-03-02 00:00:00.000,CHF,Service,,,2024-02-26 00:00:00.000,2026-07-10 08:00:00.000
2230,62,Synthetic Site 062,2024,Q3,Approved,2024-05-24 00:00:00.000,2024-07-01 00:00:00.000,2024-06-10 00:00:00.000,CHF,Service,,,2024-07-03 00:00:00.000,2026-07-10 08:00:00.000
2231,62,Synthetic Site 062,2024,Q4,Approved,2024-08-08 00:00:00.000,2024-09-04 00:00:00.000,2024-09-17 00:00:00.000,CHF,Service,,,2024-09-06 00:00:00.000,2026-07-10 08:00:00.000
2232,62,Synthetic Site 062,2025,Q1,Approved,2024-10-16 00:00:00.000,2024-11-14 00:00:00.000,2024-11-17 00:00:00.000,CHF,Service,,,2024-11-16 00:00:00.000,2026-07-10 08:00:00.000
2233,62,Synthetic Site 062,2025,Q2,Approved,2025-02-17 00:00:00.000,2025-03-11 00:00:00.000,2025-04-01 00:00:00.000,CHF,Service,,,2025-03-10 00:00:00.000,2026-07-10 08:00:00.000
2234,62,Synthetic Site 062,2025,Q3,Approved,2025-04-21 00:00:00.000,2025-05-09 00:00:00.000,2025-04-15 00:00:00.000,CHF,Service,,,2025-05-04 00:00:00.000,2026-07-10 08:00:00.000
2235,62,Synthetic Site 062,2025,Q4,Approved,2025-08-10 00:00:00.000,2025-10-02 00:00:00.000,2025-10-07 00:00:00.000,CHF,Service,,,2025-10-05 00:00:00.000,2026-07-10 08:00:00.000
2236,62,Synthetic Site 062,2026,Q1,Approved,2025-11-20 00:00:00.000,2025-12-27 00:00:00.000,2025-12-20 00:00:00.000,CHF,Service,,,2025-12-24 00:00:00.000,2026-07-10 08:00:00.000
2237,62,Synthetic Site 062,2026,Q2,Approved,2026-02-19 00:00:00.000,2026-03-28 00:00:00.000,2026-04-03 00:00:00.000,CHF,Service,,,2026-04-02 00:00:00.000,2026-07-10 08:00:00.000
2238,62,Synthetic Site 062,2026,Q3,Approved,2026-05-04 00:00:00.000,2026-05-04 00:00:00.000,2026-05-13 00:00:00.000,CHF,Service,,,2026-05-01 00:00:00.000,2026-07-10 08:00:00.000
2239,62,Synthetic Site 062,2026,Q4,Approved,2026-08-27 00:00:00.000,2026-09-15 00:00:00.000,2026-09-04 00:00:00.000,CHF,Service,,,2026-09-16 00:00:00.000,2026-07-10 08:00:00.000
2240,63,Synthetic Site 063,2022,Q1,Approved,2021-10-24 00:00:00.000,2021-10-27 00:00:00.000,2021-10-26 00:00:00.000,CHF,Other,,,2021-10-22 00:00:00.000,2026-07-10 08:00:00.000
2241,63,Synthetic Site 063,2022,Q2,Approved,2022-01-27 00:00:00.000,2022-02-20 00:00:00.000,2022-03-04 00:00:00.000,CHF,Other,,,2022-02-25 00:00:00.000,2026-07-10 08:00:00.000
2242,63,Synthetic Site 063,2022,Q3,Approved,2022-05-27 00:00:00.000,2022-07-23 00:00:00.000,2022-06-25 00:00:00.000,CHF,Other,Site-level environmental report covering all activities.,,2022-07-24 00:00:00.000,2026-07-10 08:00:00.000
2243,63,Synthetic Site 063,2022,Q4,Approved,2022-07-18 00:00:00.000,2022-07-18 00:00:00.000,2022-08-16 00:00:00.000,CHF,Other,,,2022-07-15 00:00:00.000,2026-07-10 08:00:00.000
2244,63,Synthetic Site 063,2023,Q1,Approved,2022-10-21 00:00:00.000,2022-12-19 00:00:00.000,2023-01-17 00:00:00.000,CHF,Other,Site-level environmental report covering all activities.,,2022-12-21 00:00:00.000,2026-07-10 08:00:00.000
2245,63,Synthetic Site 063,2023,Q2,Approved,2023-02-19 00:00:00.000,2023-03-04 00:00:00.000,2023-02-09 00:00:00.000,CHF,Other,,,2023-03-04 00:00:00.000,2026-07-10 08:00:00.000
2246,63,Synthetic Site 063,2023,Q3,Approved,2023-05-03 00:00:00.000,2023-06-15 00:00:00.000,2023-06-28 00:00:00.000,CHF,Other,,,2023-06-15 00:00:00.000,2026-07-10 08:00:00.000
2247,63,Synthetic Site 063,2023,Q4,Approved,2023-08-21 00:00:00.000,2023-08-25 00:00:00.000,2023-09-02 00:00:00.000,CHF,Other,,,2023-08-29 00:00:00.000,2026-07-10 08:00:00.000
2248,63,Synthetic Site 063,2024,Q1,Approved,2023-11-21 00:00:00.000,2023-11-22 00:00:00.000,2023-11-27 00:00:00.000,CHF,Other,,,2023-11-23 00:00:00.000,2026-07-10 08:00:00.000
2249,63,Synthetic Site 063,2024,Q2,Approved,2024-02-17 00:00:00.000,,2024-04-19 00:00:00.000,CHF,Other,,,2024-04-07 00:00:00.000,2026-07-10 08:00:00.000
2250,63,Synthetic Site 063,2024,Q3,Approved,2024-05-24 00:00:00.000,2024-07-13 00:00:00.000,2024-07-30 00:00:00.000,CHF,Other,,,2024-07-15 00:00:00.000,2026-07-10 08:00:00.000
2251,63,Synthetic Site 063,2024,Q4,Approved,2024-07-30 00:00:00.000,,2024-08-30 00:00:00.000,CHF,Other,,,2024-09-23 00:00:00.000,2026-07-10 08:00:00.000
2252,63,Synthetic Site 063,2025,Q1,Approved,2024-10-22 00:00:00.000,2024-12-03 00:00:00.000,2024-12-02 00:00:00.000,CHF,Other,,,2024-12-03 00:00:00.000,2026-07-10 08:00:00.000
2253,63,Synthetic Site 063,2025,Q2,Approved,2025-02-14 00:00:00.000,2025-02-28 00:00:00.000,2025-02-15 00:00:00.000,CHF,Other,Site-level environmental report covering all activities.,,2025-03-02 00:00:00.000,2026-07-10 08:00:00.000
2254,63,Synthetic Site 063,2025,Q3,Approved,2025-04-16 00:00:00.000,2025-05-14 00:00:00.000,2025-05-25 00:00:00.000,CHF,Other,,,2025-05-12 00:00:00.000,2026-07-10 08:00:00.000
2255,63,Synthetic Site 063,2025,Q4,Approved,2025-08-05 00:00:00.000,2025-09-07 00:00:00.000,2025-08-28 00:00:00.000,CHF,Other,,,2025-09-06 00:00:00.000,2026-07-10 08:00:00.000
2256,63,Synthetic Site 063,2026,Q1,Approved,2025-11-11 00:00:00.000,2025-12-11 00:00:00.000,2025-12-09 00:00:00.000,CHF,Other,,,2025-12-16 00:00:00.000,2026-07-10 08:00:00.000
2257,63,Synthetic Site 063,2026,Q2,Approved,2026-01-22 00:00:00.000,2026-03-20 00:00:00.000,2026-03-30 00:00:00.000,CHF,Other,,,2026-03-18 00:00:00.000,2026-07-10 08:00:00.000
2258,63,Synthetic Site 063,2026,Q3,Approved,2026-04-18 00:00:00.000,2026-05-03 00:00:00.000,2026-05-16 00:00:00.000,CHF,Other,,,2026-05-04 00:00:00.000,2026-07-10 08:00:00.000
2259,63,Synthetic Site 063,2026,Q4,Approved,2026-07-26 00:00:00.000,2026-09-09 00:00:00.000,2026-09-03 00:00:00.000,CHF,Other,,,2026-09-11 00:00:00.000,2026-07-10 08:00:00.000
2260,64,Synthetic Site 064,2022,Q1,Approved,2021-11-21 00:00:00.000,2021-12-13 00:00:00.000,2022-01-05 00:00:00.000,EUR,Service,,,2021-12-14 00:00:00.000,2026-07-10 08:00:00.000
2261,64,Synthetic Site 064,2022,Q2,Approved,2022-02-19 00:00:00.000,2022-02-28 00:00:00.000,2022-01-29 00:00:00.000,EUR,Service,,,2022-02-25 00:00:00.000,2026-07-10 08:00:00.000
2262,64,Synthetic Site 064,2022,Q3,Approved,2022-05-18 00:00:00.000,2022-06-29 00:00:00.000,2022-07-19 00:00:00.000,EUR,Service,,,2022-06-25 00:00:00.000,2026-07-10 08:00:00.000
2263,64,Synthetic Site 064,2022,Q4,Approved,2022-07-28 00:00:00.000,2022-09-01 00:00:00.000,2022-08-20 00:00:00.000,EUR,Service,,,2022-09-06 00:00:00.000,2026-07-10 08:00:00.000
2264,64,Synthetic Site 064,2023,Q1,Approved,2022-11-24 00:00:00.000,2022-12-20 00:00:00.000,2022-12-04 00:00:00.000,EUR,,,,2022-12-16 00:00:00.000,2026-07-10 08:00:00.000
2265,64,Synthetic Site 064,2023,Q2,Approved,2023-02-10 00:00:00.000,2023-02-27 00:00:00.000,2023-02-26 00:00:00.000,EUR,Service,,,2023-02-26 00:00:00.000,2026-07-10 08:00:00.000
2266,64,Synthetic Site 064,2023,Q3,Approved,2023-04-30 00:00:00.000,2023-06-09 00:00:00.000,2023-05-16 00:00:00.000,EUR,Service,,,2023-06-06 00:00:00.000,2026-07-10 08:00:00.000
2267,64,Synthetic Site 064,2023,Q4,Approved,2023-07-18 00:00:00.000,2023-08-29 00:00:00.000,2023-08-06 00:00:00.000,EUR,Service,,,2023-08-26 00:00:00.000,2026-07-10 08:00:00.000
2268,64,Synthetic Site 064,2024,Q1,Approved,2023-10-29 00:00:00.000,2023-12-05 00:00:00.000,2024-01-04 00:00:00.000,EUR,Service,,,2023-12-03 00:00:00.000,2026-07-10 08:00:00.000
2269,64,Synthetic Site 064,2024,Q2,Approved,2024-02-27 00:00:00.000,2024-03-06 00:00:00.000,2024-02-11 00:00:00.000,EUR,Service,,,2024-03-02 00:00:00.000,2026-07-10 08:00:00.000
2270,64,Synthetic Site 064,2024,Q3,Approved,2024-04-22 00:00:00.000,2024-05-09 00:00:00.000,2024-05-21 00:00:00.000,EUR,Service,,,2024-05-09 00:00:00.000,2026-07-10 08:00:00.000
2271,64,Synthetic Site 064,2024,Q4,Approved,2024-08-01 00:00:00.000,2024-09-10 00:00:00.000,2024-09-05 00:00:00.000,EUR,Service,,,2024-09-09 00:00:00.000,2026-07-10 08:00:00.000
2272,64,Synthetic Site 064,2025,Q1,Approved,2024-11-03 00:00:00.000,2024-12-04 00:00:00.000,2024-12-14 00:00:00.000,EUR,Service,,,2024-11-30 00:00:00.000,2026-07-10 08:00:00.000
2273,64,Synthetic Site 064,2025,Q2,Approved,2025-02-20 00:00:00.000,2025-04-20 00:00:00.000,2025-03-27 00:00:00.000,EUR,Service,,,2025-04-16 00:00:00.000,2026-07-10 08:00:00.000
2274,64,Synthetic Site 064,2025,Q3,Approved,2025-05-13 00:00:00.000,2025-07-04 00:00:00.000,2025-06-06 00:00:00.000,EUR,Service,,,2025-07-07 00:00:00.000,2026-07-10 08:00:00.000
2275,64,Synthetic Site 064,2025,Q4,Approved,2025-08-10 00:00:00.000,2025-09-14 00:00:00.000,2025-10-06 00:00:00.000,EUR,Service,,,2025-09-18 00:00:00.000,2026-07-10 08:00:00.000
2276,64,Synthetic Site 064,2026,Q1,Approved,2025-11-10 00:00:00.000,2025-11-19 00:00:00.000,2025-11-19 00:00:00.000,EUR,Service,,,2025-11-24 00:00:00.000,2026-07-10 08:00:00.000
2277,64,Synthetic Site 064,2026,Q2,Approved,2026-02-20 00:00:00.000,2026-04-04 00:00:00.000,2026-04-27 00:00:00.000,EUR,Service,,,2026-04-04 00:00:00.000,2026-07-10 08:00:00.000
2278,64,Synthetic Site 064,2026,Q3,Approved,2026-04-25 00:00:00.000,2026-04-26 00:00:00.000,2026-04-12 00:00:00.000,EUR,Service,Site-level environmental report covering all activities.,,2026-04-26 00:00:00.000,2026-07-10 08:00:00.000
2279,64,Synthetic Site 064,2026,Q4,Approved,2026-08-05 00:00:00.000,2026-09-04 00:00:00.000,2026-10-04 00:00:00.000,EUR,Service,,,2026-09-05 00:00:00.000,2026-07-10 08:00:00.000
2280,65,Synthetic Site 065,2022,Q1,Approved,2021-11-29 00:00:00.000,2021-11-29 00:00:00.000,2021-12-22 00:00:00.000,CZK,Service,,,2021-11-26 00:00:00.000,2026-07-10 08:00:00.000
2281,65,Synthetic Site 065,2022,Q2,Approved,2022-02-10 00:00:00.000,2022-02-18 00:00:00.000,2022-02-20 00:00:00.000,CZK,Service,,,2022-02-19 00:00:00.000,2026-07-10 08:00:00.000
2282,65,Synthetic Site 065,2022,Q3,Approved,2022-05-23 00:00:00.000,2022-06-08 00:00:00.000,2022-07-01 00:00:00.000,CZK,Service,,,2022-06-05 00:00:00.000,2026-07-10 08:00:00.000
2283,65,Synthetic Site 065,2022,Q4,Approved,2022-08-11 00:00:00.000,2022-09-19 00:00:00.000,2022-09-21 00:00:00.000,CZK,Service,,,2022-09-21 00:00:00.000,2026-07-10 08:00:00.000
2284,65,Synthetic Site 065,2023,Q1,Approved,2022-10-29 00:00:00.000,2022-11-07 00:00:00.000,2022-11-30 00:00:00.000,CZK,Service,,,2022-11-04 00:00:00.000,2026-07-10 08:00:00.000
2285,65,Synthetic Site 065,2023,Q2,Approved,2023-02-16 00:00:00.000,2023-03-01 00:00:00.000,2023-03-02 00:00:00.000,CZK,Service,,,2023-02-25 00:00:00.000,2026-07-10 08:00:00.000
2286,65,Synthetic Site 065,2023,Q3,Approved,2023-04-24 00:00:00.000,2023-05-09 00:00:00.000,2023-06-06 00:00:00.000,CZK,Service,,,2023-05-14 00:00:00.000,2026-07-10 08:00:00.000
2287,65,Synthetic Site 065,2023,Q4,Approved,2023-07-21 00:00:00.000,2023-07-30 00:00:00.000,2023-07-07 00:00:00.000,CZK,Service,,,2023-07-31 00:00:00.000,2026-07-10 08:00:00.000
2288,65,Synthetic Site 065,2024,Q1,Approved,2023-11-30 00:00:00.000,2024-01-16 00:00:00.000,2024-01-10 00:00:00.000,CZK,Service,,,2024-01-14 00:00:00.000,2026-07-10 08:00:00.000
2289,65,Synthetic Site 065,2024,Q2,Approved,2024-02-04 00:00:00.000,2024-03-27 00:00:00.000,2024-04-02 00:00:00.000,CZK,Service,,,2024-04-01 00:00:00.000,2026-07-10 08:00:00.000
2290,65,Synthetic Site 065,2024,Q3,Approved,2024-04-13 00:00:00.000,2024-04-20 00:00:00.000,2024-04-02 00:00:00.000,CZK,Service,,,2024-04-21 00:00:00.000,2026-07-10 08:00:00.000
2291,65,Synthetic Site 065,2024,Q4,Approved,2024-08-07 00:00:00.000,2024-10-04 00:00:00.000,2024-10-21 00:00:00.000,CZK,Service,,,2024-09-30 00:00:00.000,2026-07-10 08:00:00.000
2292,65,Synthetic Site 065,2025,Q1,Approved,2024-11-26 00:00:00.000,2025-01-21 00:00:00.000,2025-02-01 00:00:00.000,CZK,Service,,,2025-01-17 00:00:00.000,2026-07-10 08:00:00.000
2293,65,Synthetic Site 065,2025,Q2,Approved,2025-01-22 00:00:00.000,2025-02-03 00:00:00.000,2025-02-16 00:00:00.000,CZK,Service,,,2025-02-08 00:00:00.000,2026-07-10 08:00:00.000
2294,65,Synthetic Site 065,2025,Q3,Approved,2025-05-15 00:00:00.000,2025-06-29 00:00:00.000,2025-06-08 00:00:00.000,CZK,Service,,,2025-07-04 00:00:00.000,2026-07-10 08:00:00.000
2295,65,Synthetic Site 065,2025,Q4,Approved,2025-07-16 00:00:00.000,2025-09-04 00:00:00.000,2025-08-21 00:00:00.000,CZK,Service,,,2025-09-04 00:00:00.000,2026-07-10 08:00:00.000
2296,65,Synthetic Site 065,2026,Q1,Approved,2025-11-22 00:00:00.000,2025-12-24 00:00:00.000,2025-12-07 00:00:00.000,CZK,Service,,,2025-12-29 00:00:00.000,2026-07-10 08:00:00.000
2297,65,Synthetic Site 065,2026,Q2,Approved,2026-01-22 00:00:00.000,2026-03-09 00:00:00.000,2026-04-01 00:00:00.000,CZK,Service,,,2026-03-09 00:00:00.000,2026-07-10 08:00:00.000
2298,65,Synthetic Site 065,2026,Q3,Approved,2026-05-11 00:00:00.000,2026-07-01 00:00:00.000,2026-07-19 00:00:00.000,CZK,Service,,,2026-06-26 00:00:00.000,2026-07-10 08:00:00.000
2299,65,Synthetic Site 065,2026,Q4,Approved,2026-08-23 00:00:00.000,2026-09-29 00:00:00.000,2026-10-29 00:00:00.000,CZK,Service,Report scope: full site boundary per ISO 14001.,,2026-09-28 00:00:00.000,2026-07-10 08:00:00.000
2300,66,Synthetic Site 066,2022,Q1,Approved,2021-10-23 00:00:00.000,2021-11-03 00:00:00.000,2021-10-14 00:00:00.000,GBP,Heavy Equipment,,,2021-11-06 00:00:00.000,2026-07-10 08:00:00.000
2301,66,Synthetic Site 066,2022,Q2,Approved,2022-01-28 00:00:00.000,2022-02-26 00:00:00.000,2022-03-26 00:00:00.000,GBP,Heavy Equipment,,,2022-02-25 00:00:00.000,2026-07-10 08:00:00.000
2302,66,Synthetic Site 066,2022,Q3,Approved,2022-04-29 00:00:00.000,2022-05-14 00:00:00.000,2022-06-03 00:00:00.000,GBP,Heavy Equipment,,,2022-05-11 00:00:00.000,2026-07-10 08:00:00.000
2303,66,Synthetic Site 066,2022,Q4,Approved,2022-08-09 00:00:00.000,,2022-08-17 00:00:00.000,GBP,Heavy Equipment,,,2022-08-11 00:00:00.000,2026-07-10 08:00:00.000
2304,66,Synthetic Site 066,2023,Q1,Approved,2022-11-27 00:00:00.000,2022-12-04 00:00:00.000,2022-12-13 00:00:00.000,GBP,Heavy Equipment,,,2022-11-29 00:00:00.000,2026-07-10 08:00:00.000
2305,66,Synthetic Site 066,2023,Q2,Approved,2023-02-23 00:00:00.000,2023-04-07 00:00:00.000,2023-04-01 00:00:00.000,GBP,Heavy Equipment,,,2023-04-12 00:00:00.000,2026-07-10 08:00:00.000
2306,66,Synthetic Site 066,2023,Q3,Approved,2023-04-15 00:00:00.000,2023-05-08 00:00:00.000,2023-05-14 00:00:00.000,GBP,Heavy Equipment,,,2023-05-06 00:00:00.000,2026-07-10 08:00:00.000
2307,66,Synthetic Site 066,2023,Q4,Approved,2023-08-06 00:00:00.000,2023-10-03 00:00:00.000,2023-10-30 00:00:00.000,,Heavy Equipment,,,2023-10-01 00:00:00.000,2026-07-10 08:00:00.000
2308,66,Synthetic Site 066,2024,Q1,Approved,2023-11-28 00:00:00.000,2023-12-12 00:00:00.000,2023-11-25 00:00:00.000,GBP,Heavy Equipment,,,2023-12-07 00:00:00.000,2026-07-10 08:00:00.000
2309,66,Synthetic Site 066,2024,Q2,Approved,2024-02-17 00:00:00.000,2024-03-26 00:00:00.000,2024-02-28 00:00:00.000,GBP,Heavy Equipment,,,2024-03-26 00:00:00.000,2026-07-10 08:00:00.000
2310,66,Synthetic Site 066,2024,Q3,Approved,2024-04-28 00:00:00.000,2024-06-13 00:00:00.000,2024-06-15 00:00:00.000,GBP,Heavy Equipment,,,2024-06-12 00:00:00.000,2026-07-10 08:00:00.000
2311,66,Synthetic Site 066,2024,Q4,Approved,2024-07-12 00:00:00.000,2024-08-24 00:00:00.000,2024-08-02 00:00:00.000,GBP,Heavy Equipment,,,2024-08-22 00:00:00.000,2026-07-10 08:00:00.000
2312,66,Synthetic Site 066,2025,Q1,Approved,2024-11-30 00:00:00.000,2024-12-03 00:00:00.000,2024-12-03 00:00:00.000,GBP,Heavy Equipment,,,2024-11-29 00:00:00.000,2026-07-10 08:00:00.000
2313,66,Synthetic Site 066,2025,Q2,Approved,2025-02-21 00:00:00.000,2025-04-18 00:00:00.000,2025-05-08 00:00:00.000,GBP,Heavy Equipment,,,2025-04-23 00:00:00.000,2026-07-10 08:00:00.000
2314,66,Synthetic Site 066,2025,Q3,Approved,2025-05-27 00:00:00.000,2025-06-27 00:00:00.000,2025-06-08 00:00:00.000,GBP,Heavy Equipment,,,,2026-07-10 08:00:00.000
2315,66,Synthetic Site 066,2025,Q4,Approved,2025-08-13 00:00:00.000,2025-09-27 00:00:00.000,2025-10-18 00:00:00.000,GBP,Heavy Equipment,,,2025-09-26 00:00:00.000,2026-07-10 08:00:00.000
2316,66,Synthetic Site 066,2026,Q1,Approved,2025-10-26 00:00:00.000,2025-12-05 00:00:00.000,2025-11-22 00:00:00.000,GBP,Heavy Equipment,,,2025-12-09 00:00:00.000,2026-07-10 08:00:00.000
2317,66,Synthetic Site 066,2026,Q2,Approved,2026-01-20 00:00:00.000,2026-01-29 00:00:00.000,2026-01-03 00:00:00.000,GBP,Heavy Equipment,,,2026-01-27 00:00:00.000,2026-07-10 08:00:00.000
2318,66,Synthetic Site 066,2026,Q3,Approved,2026-04-20 00:00:00.000,2026-05-18 00:00:00.000,2026-05-20 00:00:00.000,GBP,Heavy Equipment,,,2026-05-14 00:00:00.000,2026-07-10 08:00:00.000
2319,66,Synthetic Site 066,2026,Q4,Approved,2026-08-13 00:00:00.000,2026-08-24 00:00:00.000,2026-07-31 00:00:00.000,GBP,Heavy Equipment,,,2026-08-25 00:00:00.000,2026-07-10 08:00:00.000
2320,67,Synthetic Site 067,2022,Q1,Approved,2021-10-17 00:00:00.000,2021-11-07 00:00:00.000,2021-11-17 00:00:00.000,HUF,Other,,Data verified by site manager.,,2026-07-10 08:00:00.000
2321,67,Synthetic Site 067,2022,Q2,Approved,2022-02-16 00:00:00.000,2022-03-03 00:00:00.000,2022-03-22 00:00:00.000,HUF,Other,,,2022-03-02 00:00:00.000,2026-07-10 08:00:00.000
2322,67,Synthetic Site 067,2022,Q3,Approved,2022-05-14 00:00:00.000,2022-06-06 00:00:00.000,2022-05-17 00:00:00.000,HUF,Other,,,2022-06-10 00:00:00.000,2026-07-10 08:00:00.000
2323,67,Synthetic Site 067,2022,Q4,Approved,2022-07-23 00:00:00.000,2022-08-05 00:00:00.000,2022-08-25 00:00:00.000,HUF,Other,,,2022-08-06 00:00:00.000,2026-07-10 08:00:00.000
2324,67,Synthetic Site 067,2023,Q1,Approved,2022-11-05 00:00:00.000,2022-12-14 00:00:00.000,2022-12-03 00:00:00.000,HUF,Other,,,2022-12-17 00:00:00.000,2026-07-10 08:00:00.000
2325,67,Synthetic Site 067,2023,Q2,Approved,2023-01-17 00:00:00.000,2023-01-26 00:00:00.000,2023-02-09 00:00:00.000,HUF,Other,,,2023-01-24 00:00:00.000,2026-07-10 08:00:00.000
2326,67,Synthetic Site 067,2023,Q3,Approved,2023-04-14 00:00:00.000,2023-04-29 00:00:00.000,2023-05-26 00:00:00.000,,Other,,,2023-05-01 00:00:00.000,2026-07-10 08:00:00.000
2327,67,Synthetic Site 067,2023,Q4,Approved,2023-08-06 00:00:00.000,2023-08-26 00:00:00.000,2023-09-05 00:00:00.000,HUF,Other,,,2023-08-23 00:00:00.000,2026-07-10 08:00:00.000
2328,67,Synthetic Site 067,2024,Q1,Approved,2023-11-16 00:00:00.000,2023-11-29 00:00:00.000,2023-11-12 00:00:00.000,HUF,Other,,,,2026-07-10 08:00:00.000
2329,67,Synthetic Site 067,2024,Q2,Approved,2024-01-27 00:00:00.000,2024-02-10 00:00:00.000,2024-01-27 00:00:00.000,HUF,Other,,,2024-02-15 00:00:00.000,2026-07-10 08:00:00.000
2330,67,Synthetic Site 067,2024,Q3,Approved,2024-04-25 00:00:00.000,2024-05-06 00:00:00.000,2024-04-22 00:00:00.000,HUF,Other,,,2024-05-01 00:00:00.000,2026-07-10 08:00:00.000
2331,67,Synthetic Site 067,2024,Q4,Approved,2024-07-16 00:00:00.000,2024-09-08 00:00:00.000,2024-08-20 00:00:00.000,HUF,Other,,,2024-09-09 00:00:00.000,2026-07-10 08:00:00.000
2332,67,Synthetic Site 067,2025,Q1,Approved,2024-11-12 00:00:00.000,2024-12-29 00:00:00.000,2024-12-28 00:00:00.000,HUF,Other,,,2024-12-25 00:00:00.000,2026-07-10 08:00:00.000
2333,67,Synthetic Site 067,2025,Q2,Approved,2025-02-11 00:00:00.000,2025-04-12 00:00:00.000,2025-03-26 00:00:00.000,HUF,Other,,,2025-04-14 00:00:00.000,2026-07-10 08:00:00.000
2334,67,Synthetic Site 067,2025,Q3,Approved,2025-04-27 00:00:00.000,2025-05-16 00:00:00.000,2025-04-24 00:00:00.000,HUF,Other,,,2025-05-16 00:00:00.000,2026-07-10 08:00:00.000
2335,67,Synthetic Site 067,2025,Q4,Approved,2025-08-20 00:00:00.000,2025-08-23 00:00:00.000,2025-09-08 00:00:00.000,HUF,Other,,,2025-08-19 00:00:00.000,2026-07-10 08:00:00.000
2336,67,Synthetic Site 067,2026,Q1,Approved,2025-11-21 00:00:00.000,2026-01-04 00:00:00.000,2025-12-13 00:00:00.000,HUF,Other,,,2026-01-07 00:00:00.000,2026-07-10 08:00:00.000
2337,67,Synthetic Site 067,2026,Q2,Approved,2026-02-01 00:00:00.000,2026-04-01 00:00:00.000,2026-04-03 00:00:00.000,HUF,Other,,,2026-03-31 00:00:00.000,2026-07-10 08:00:00.000
2338,67,Synthetic Site 067,2026,Q3,Approved,2026-05-19 00:00:00.000,2026-06-29 00:00:00.000,2026-06-21 00:00:00.000,HUF,Other,,,2026-07-04 00:00:00.000,2026-07-10 08:00:00.000
2339,67,Synthetic Site 067,2026,Q4,Approved,2026-08-14 00:00:00.000,2026-08-15 00:00:00.000,2026-08-05 00:00:00.000,HUF,Other,,,2026-08-17 00:00:00.000,2026-07-10 08:00:00.000
2340,68,Synthetic Site 068,2022,Q1,Approved,2021-11-22 00:00:00.000,2021-11-28 00:00:00.000,2021-11-04 00:00:00.000,EUR,Mechanical Production,,,2021-11-23 00:00:00.000,2026-07-10 08:00:00.000
2341,68,Synthetic Site 068,2022,Q2,Approved,2022-01-19 00:00:00.000,2022-03-01 00:00:00.000,2022-02-27 00:00:00.000,EUR,Mechanical Production,,,2022-02-24 00:00:00.000,2026-07-10 08:00:00.000
2342,68,Synthetic Site 068,2022,Q3,Approved,2022-05-26 00:00:00.000,2022-06-11 00:00:00.000,2022-06-20 00:00:00.000,EUR,Mechanical Production,,,2022-06-08 00:00:00.000,2026-07-10 08:00:00.000
2343,68,Synthetic Site 068,2022,Q4,Approved,2022-07-20 00:00:00.000,2022-08-21 00:00:00.000,2022-08-16 00:00:00.000,EUR,Mechanical Production,,,2022-08-20 00:00:00.000,2026-07-10 08:00:00.000
2344,68,Synthetic Site 068,2023,Q1,Approved,2022-11-08 00:00:00.000,2022-12-19 00:00:00.000,2022-12-24 00:00:00.000,EUR,Mechanical Production,,,2022-12-23 00:00:00.000,2026-07-10 08:00:00.000
2345,68,Synthetic Site 068,2023,Q2,Approved,2023-01-15 00:00:00.000,2023-03-06 00:00:00.000,2023-02-11 00:00:00.000,EUR,Mechanical Production,,,2023-03-05 00:00:00.000,2026-07-10 08:00:00.000
2346,68,Synthetic Site 068,2023,Q3,Approved,2023-04-26 00:00:00.000,2023-05-28 00:00:00.000,2023-05-17 00:00:00.000,EUR,Mechanical Production,,,2023-05-25 00:00:00.000,2026-07-10 08:00:00.000
2347,68,Synthetic Site 068,2023,Q4,Approved,2023-08-13 00:00:00.000,2023-08-29 00:00:00.000,2023-08-16 00:00:00.000,EUR,Mechanical Production,,,2023-08-31 00:00:00.000,2026-07-10 08:00:00.000
2348,68,Synthetic Site 068,2024,Q1,Approved,2023-11-28 00:00:00.000,2023-12-05 00:00:00.000,2023-11-20 00:00:00.000,EUR,Mechanical Production,,,2023-12-04 00:00:00.000,2026-07-10 08:00:00.000
2349,68,Synthetic Site 068,2024,Q2,Approved,2024-02-25 00:00:00.000,2024-03-05 00:00:00.000,2024-03-27 00:00:00.000,EUR,Mechanical Production,,,2024-03-04 00:00:00.000,2026-07-10 08:00:00.000
2350,68,Synthetic Site 068,2024,Q3,Approved,2024-05-27 00:00:00.000,2024-06-20 00:00:00.000,2024-06-05 00:00:00.000,EUR,Mechanical Production,,,2024-06-21 00:00:00.000,2026-07-10 08:00:00.000
2351,68,Synthetic Site 068,2024,Q4,Approved,2024-08-23 00:00:00.000,2024-09-06 00:00:00.000,2024-08-08 00:00:00.000,EUR,Mechanical Production,,,2024-09-02 00:00:00.000,2026-07-10 08:00:00.000
2352,68,Synthetic Site 068,2025,Q1,Approved,2024-10-31 00:00:00.000,2024-12-01 00:00:00.000,2024-12-11 00:00:00.000,EUR,Mechanical Production,,,2024-11-28 00:00:00.000,2026-07-10 08:00:00.000
2353,68,Synthetic Site 068,2025,Q2,Approved,2025-02-08 00:00:00.000,2025-02-21 00:00:00.000,2025-03-22 00:00:00.000,EUR,Mechanical Production,,,2025-02-18 00:00:00.000,2026-07-10 08:00:00.000
2354,68,Synthetic Site 068,2025,Q3,Approved,2025-05-29 00:00:00.000,2025-07-23 00:00:00.000,2025-06-29 00:00:00.000,EUR,Mechanical Production,,,2025-07-24 00:00:00.000,2026-07-10 08:00:00.000
2355,68,Synthetic Site 068,2025,Q4,Approved,2025-07-20 00:00:00.000,2025-08-05 00:00:00.000,2025-08-16 00:00:00.000,EUR,Mechanical Production,,,2025-08-01 00:00:00.000,2026-07-10 08:00:00.000
2356,68,Synthetic Site 068,2026,Q1,Approved,2025-10-29 00:00:00.000,2025-12-27 00:00:00.000,2026-01-17 00:00:00.000,EUR,Mechanical Production,,,2026-01-01 00:00:00.000,2026-07-10 08:00:00.000
2357,68,Synthetic Site 068,2026,Q2,Approved,2026-02-05 00:00:00.000,2026-02-27 00:00:00.000,2026-02-14 00:00:00.000,EUR,Mechanical Production,,,2026-03-01 00:00:00.000,2026-07-10 08:00:00.000
2358,68,Synthetic Site 068,2026,Q3,Approved,2026-04-22 00:00:00.000,2026-06-02 00:00:00.000,2026-05-26 00:00:00.000,EUR,Mechanical Production,,,2026-06-02 00:00:00.000,2026-07-10 08:00:00.000
2359,68,Synthetic Site 068,2026,Q4,Approved,2026-07-23 00:00:00.000,2026-08-30 00:00:00.000,2026-09-12 00:00:00.000,EUR,Mechanical Production,,,2026-08-30 00:00:00.000,2026-07-10 08:00:00.000
2360,69,Synthetic Site 069,2022,Q1,Approved,2021-11-26 00:00:00.000,2021-12-03 00:00:00.000,2021-12-07 00:00:00.000,EUR,Mechanical Production,,,2021-12-06 00:00:00.000,2026-07-10 08:00:00.000
2361,69,Synthetic Site 069,2022,Q2,Approved,2022-01-23 00:00:00.000,2022-02-05 00:00:00.000,2022-01-12 00:00:00.000,EUR,,,,2022-02-02 00:00:00.000,2026-07-10 08:00:00.000
2362,69,Synthetic Site 069,2022,Q3,Approved,2022-04-27 00:00:00.000,2022-06-08 00:00:00.000,2022-07-07 00:00:00.000,EUR,Mechanical Production,,Auto-generated synthetic remark.,2022-06-12 00:00:00.000,2026-07-10 08:00:00.000
2363,69,Synthetic Site 069,2022,Q4,Approved,2022-07-24 00:00:00.000,2022-09-22 00:00:00.000,2022-10-20 00:00:00.000,EUR,Mechanical Production,,,2022-09-17 00:00:00.000,2026-07-10 08:00:00.000
2364,69,Synthetic Site 069,2023,Q1,Approved,2022-11-24 00:00:00.000,2022-11-30 00:00:00.000,2022-11-27 00:00:00.000,EUR,,,,2022-12-03 00:00:00.000,2026-07-10 08:00:00.000
2365,69,Synthetic Site 069,2023,Q2,Approved,2023-02-03 00:00:00.000,2023-02-12 00:00:00.000,2023-01-16 00:00:00.000,EUR,Mechanical Production,,,2023-02-09 00:00:00.000,2026-07-10 08:00:00.000
2366,69,Synthetic Site 069,2023,Q3,Approved,2023-04-17 00:00:00.000,2023-05-10 00:00:00.000,2023-05-27 00:00:00.000,EUR,Mechanical Production,,,2023-05-08 00:00:00.000,2026-07-10 08:00:00.000
2367,69,Synthetic Site 069,2023,Q4,Approved,2023-07-22 00:00:00.000,2023-08-16 00:00:00.000,2023-09-15 00:00:00.000,EUR,Mechanical Production,,,2023-08-19 00:00:00.000,2026-07-10 08:00:00.000
2368,69,Synthetic Site 069,2024,Q1,Approved,2023-10-23 00:00:00.000,2023-11-03 00:00:00.000,2023-10-22 00:00:00.000,EUR,Mechanical Production,,,2023-11-04 00:00:00.000,2026-07-10 08:00:00.000
2369,69,Synthetic Site 069,2024,Q2,Approved,2024-01-30 00:00:00.000,,2024-02-22 00:00:00.000,EUR,Mechanical Production,,,2024-03-12 00:00:00.000,2026-07-10 08:00:00.000
2370,69,Synthetic Site 069,2024,Q3,Approved,2024-05-08 00:00:00.000,2024-05-21 00:00:00.000,2024-06-19 00:00:00.000,EUR,Mechanical Production,,,2024-05-18 00:00:00.000,2026-07-10 08:00:00.000
2371,69,Synthetic Site 069,2024,Q4,Approved,2024-08-08 00:00:00.000,2024-09-08 00:00:00.000,2024-09-26 00:00:00.000,EUR,Mechanical Production,,,2024-09-04 00:00:00.000,2026-07-10 08:00:00.000
2372,69,Synthetic Site 069,2025,Q1,Approved,2024-11-08 00:00:00.000,2024-12-01 00:00:00.000,2024-11-12 00:00:00.000,EUR,Mechanical Production,,,2024-12-03 00:00:00.000,2026-07-10 08:00:00.000
2373,69,Synthetic Site 069,2025,Q2,Approved,2025-02-13 00:00:00.000,2025-03-30 00:00:00.000,2025-03-06 00:00:00.000,EUR,Mechanical Production,,,2025-04-03 00:00:00.000,2026-07-10 08:00:00.000
2374,69,Synthetic Site 069,2025,Q3,Approved,2025-05-12 00:00:00.000,2025-06-27 00:00:00.000,2025-06-20 00:00:00.000,EUR,Mechanical Production,,,2025-07-01 00:00:00.000,2026-07-10 08:00:00.000
2375,69,Synthetic Site 069,2025,Q4,Approved,2025-08-23 00:00:00.000,2025-10-05 00:00:00.000,2025-10-26 00:00:00.000,EUR,Mechanical Production,,,2025-10-06 00:00:00.000,2026-07-10 08:00:00.000
2376,69,Synthetic Site 069,2026,Q1,Approved,2025-11-21 00:00:00.000,2025-11-26 00:00:00.000,2025-11-28 00:00:00.000,EUR,Mechanical Production,,,2025-11-24 00:00:00.000,2026-07-10 08:00:00.000
2377,69,Synthetic Site 069,2026,Q2,Approved,2026-02-01 00:00:00.000,2026-02-20 00:00:00.000,2026-02-07 00:00:00.000,EUR,Mechanical Production,,,2026-02-22 00:00:00.000,2026-07-10 08:00:00.000
2378,69,Synthetic Site 069,2026,Q3,Approved,2026-05-21 00:00:00.000,2026-06-21 00:00:00.000,2026-07-06 00:00:00.000,EUR,Mechanical Production,,,2026-06-25 00:00:00.000,2026-07-10 08:00:00.000
2379,69,Synthetic Site 069,2026,Q4,Approved,2026-08-05 00:00:00.000,2026-08-05 00:00:00.000,2026-07-22 00:00:00.000,EUR,Mechanical Production,,,2026-08-09 00:00:00.000,2026-07-10 08:00:00.000
2380,70,Synthetic Site 070,2022,Q1,Approved,2021-10-28 00:00:00.000,2021-12-05 00:00:00.000,2021-11-22 00:00:00.000,EUR,Other,,,2021-12-02 00:00:00.000,2026-07-10 08:00:00.000
2381,70,Synthetic Site 070,2022,Q2,Approved,2022-01-15 00:00:00.000,2022-02-17 00:00:00.000,2022-03-01 00:00:00.000,EUR,Other,,,2022-02-18 00:00:00.000,2026-07-10 08:00:00.000
2382,70,Synthetic Site 070,2022,Q3,Approved,2022-04-30 00:00:00.000,2022-06-09 00:00:00.000,2022-06-27 00:00:00.000,EUR,Other,,,2022-06-09 00:00:00.000,2026-07-10 08:00:00.000
2383,70,Synthetic Site 070,2022,Q4,Approved,2022-07-14 00:00:00.000,2022-09-03 00:00:00.000,2022-08-11 00:00:00.000,EUR,Other,,,2022-08-30 00:00:00.000,2026-07-10 08:00:00.000
2384,70,Synthetic Site 070,2023,Q1,Approved,2022-11-22 00:00:00.000,2023-01-12 00:00:00.000,2023-01-03 00:00:00.000,EUR,Other,,,2023-01-15 00:00:00.000,2026-07-10 08:00:00.000
2385,70,Synthetic Site 070,2023,Q2,Approved,2023-01-14 00:00:00.000,2023-02-20 00:00:00.000,2023-02-20 00:00:00.000,EUR,Other,,,2023-02-23 00:00:00.000,2026-07-10 08:00:00.000
2386,70,Synthetic Site 070,2023,Q3,Approved,2023-05-17 00:00:00.000,2023-06-08 00:00:00.000,2023-06-09 00:00:00.000,EUR,Other,,,2023-06-05 00:00:00.000,2026-07-10 08:00:00.000
2387,70,Synthetic Site 070,2023,Q4,Approved,2023-08-20 00:00:00.000,2023-09-15 00:00:00.000,2023-08-27 00:00:00.000,EUR,Other,,,2023-09-11 00:00:00.000,2026-07-10 08:00:00.000
2388,70,Synthetic Site 070,2024,Q1,Approved,2023-11-14 00:00:00.000,2024-01-07 00:00:00.000,2023-12-29 00:00:00.000,EUR,Other,,,2024-01-07 00:00:00.000,2026-07-10 08:00:00.000
2389,70,Synthetic Site 070,2024,Q2,Approved,2024-02-14 00:00:00.000,2024-03-06 00:00:00.000,2024-03-07 00:00:00.000,EUR,Other,,,2024-03-06 00:00:00.000,2026-07-10 08:00:00.000
2390,70,Synthetic Site 070,2024,Q3,Approved,2024-05-11 00:00:00.000,2024-06-09 00:00:00.000,2024-05-23 00:00:00.000,EUR,Other,,,2024-06-05 00:00:00.000,2026-07-10 08:00:00.000
2391,70,Synthetic Site 070,2024,Q4,Approved,2024-08-06 00:00:00.000,2024-09-06 00:00:00.000,2024-10-03 00:00:00.000,EUR,Other,,,2024-09-01 00:00:00.000,2026-07-10 08:00:00.000
2392,70,Synthetic Site 070,2025,Q1,Approved,2024-11-01 00:00:00.000,2024-11-07 00:00:00.000,2024-12-04 00:00:00.000,EUR,Other,,,2024-11-12 00:00:00.000,2026-07-10 08:00:00.000
2393,70,Synthetic Site 070,2025,Q2,Approved,2025-02-13 00:00:00.000,2025-04-14 00:00:00.000,2025-05-01 00:00:00.000,EUR,Other,,,2025-04-16 00:00:00.000,2026-07-10 08:00:00.000
2394,70,Synthetic Site 070,2025,Q3,Approved,2025-05-24 00:00:00.000,2025-06-22 00:00:00.000,2025-06-26 00:00:00.000,EUR,Other,,,2025-06-25 00:00:00.000,2026-07-10 08:00:00.000
2395,70,Synthetic Site 070,2025,Q4,Approved,2025-08-05 00:00:00.000,2025-08-17 00:00:00.000,2025-07-18 00:00:00.000,EUR,Other,Covers manufacturing and support operations on-site.,,2025-08-12 00:00:00.000,2026-07-10 08:00:00.000
2396,70,Synthetic Site 070,2026,Q1,Approved,2025-11-08 00:00:00.000,2025-12-28 00:00:00.000,2026-01-17 00:00:00.000,EUR,Other,,,2026-01-02 00:00:00.000,2026-07-10 08:00:00.000
2397,70,Synthetic Site 070,2026,Q2,Approved,2026-01-31 00:00:00.000,2026-03-01 00:00:00.000,2026-03-08 00:00:00.000,EUR,Other,,,2026-03-05 00:00:00.000,2026-07-10 08:00:00.000
2398,70,Synthetic Site 070,2026,Q3,Approved,2026-04-25 00:00:00.000,2026-05-21 00:00:00.000,2026-06-14 00:00:00.000,EUR,Other,,,2026-05-17 00:00:00.000,2026-07-10 08:00:00.000
2399,70,Synthetic Site 070,2026,Q4,Approved,2026-07-27 00:00:00.000,2026-09-07 00:00:00.000,2026-08-24 00:00:00.000,EUR,Other,,,,2026-07-10 08:00:00.000
2400,71,Synthetic Site 071,2022,Q1,Approved,2021-11-23 00:00:00.000,2021-12-15 00:00:00.000,2022-01-14 00:00:00.000,SEK,Service,,,2021-12-14 00:00:00.000,2026-07-10 08:00:00.000
2401,71,Synthetic Site 071,2022,Q2,Approved,2022-02-27 00:00:00.000,2022-03-13 00:00:00.000,2022-02-25 00:00:00.000,SEK,Service,,,2022-03-08 00:00:00.000,2026-07-10 08:00:00.000
2402,71,Synthetic Site 071,2022,Q3,Approved,2022-05-17 00:00:00.000,2022-07-14 00:00:00.000,2022-07-27 00:00:00.000,SEK,Service,,,2022-07-17 00:00:00.000,2026-07-10 08:00:00.000
2403,71,Synthetic Site 071,2022,Q4,Approved,2022-08-23 00:00:00.000,2022-09-15 00:00:00.000,2022-09-05 00:00:00.000,SEK,Service,,,2022-09-16 00:00:00.000,2026-07-10 08:00:00.000
2404,71,Synthetic Site 071,2023,Q1,Approved,2022-11-25 00:00:00.000,2022-12-24 00:00:00.000,2023-01-08 00:00:00.000,SEK,Service,,,2022-12-25 00:00:00.000,2026-07-10 08:00:00.000
2405,71,Synthetic Site 071,2023,Q2,Approved,2023-02-07 00:00:00.000,2023-03-31 00:00:00.000,2023-04-29 00:00:00.000,SEK,Service,,,2023-04-03 00:00:00.000,2026-07-10 08:00:00.000
2406,71,Synthetic Site 071,2023,Q3,Approved,2023-05-09 00:00:00.000,2023-06-28 00:00:00.000,2023-06-05 00:00:00.000,SEK,Service,,,2023-06-27 00:00:00.000,2026-07-10 08:00:00.000
2407,71,Synthetic Site 071,2023,Q4,Approved,2023-08-08 00:00:00.000,2023-08-31 00:00:00.000,2023-09-04 00:00:00.000,SEK,Service,,,2023-08-30 00:00:00.000,2026-07-10 08:00:00.000
2408,71,Synthetic Site 071,2024,Q1,Approved,2023-10-17 00:00:00.000,2023-11-20 00:00:00.000,2023-12-07 00:00:00.000,SEK,Service,,,2023-11-20 00:00:00.000,2026-07-10 08:00:00.000
2409,71,Synthetic Site 071,2024,Q2,Approved,2024-02-11 00:00:00.000,2024-03-04 00:00:00.000,2024-03-26 00:00:00.000,SEK,,,,2024-03-06 00:00:00.000,2026-07-10 08:00:00.000
2410,71,Synthetic Site 071,2024,Q3,Approved,2024-05-28 00:00:00.000,2024-07-06 00:00:00.000,2024-07-09 00:00:00.000,SEK,Service,,,2024-07-01 00:00:00.000,2026-07-10 08:00:00.000
2411,71,Synthetic Site 071,2024,Q4,Approved,2024-08-08 00:00:00.000,2024-10-07 00:00:00.000,2024-10-07 00:00:00.000,SEK,Service,,,2024-10-11 00:00:00.000,2026-07-10 08:00:00.000
2412,71,Synthetic Site 071,2025,Q1,Approved,2024-11-05 00:00:00.000,2024-11-18 00:00:00.000,2024-10-25 00:00:00.000,SEK,Service,Site-level environmental report covering all activities.,,2024-11-17 00:00:00.000,2026-07-10 08:00:00.000
2413,71,Synthetic Site 071,2025,Q2,Approved,2025-01-29 00:00:00.000,2025-03-03 00:00:00.000,2025-02-20 00:00:00.000,SEK,Service,,,2025-03-05 00:00:00.000,2026-07-10 08:00:00.000
2414,71,Synthetic Site 071,2025,Q3,Approved,2025-05-09 00:00:00.000,2025-06-12 00:00:00.000,2025-05-25 00:00:00.000,SEK,Service,,,2025-06-14 00:00:00.000,2026-07-10 08:00:00.000
2415,71,Synthetic Site 071,2025,Q4,Approved,2025-07-14 00:00:00.000,2025-08-31 00:00:00.000,2025-08-25 00:00:00.000,SEK,Service,,,2025-09-01 00:00:00.000,2026-07-10 08:00:00.000
2416,71,Synthetic Site 071,2026,Q1,Approved,2025-11-27 00:00:00.000,2025-11-30 00:00:00.000,2025-12-27 00:00:00.000,SEK,Service,,,2025-11-29 00:00:00.000,2026-07-10 08:00:00.000
2417,71,Synthetic Site 071,2026,Q2,Approved,2026-02-07 00:00:00.000,2026-03-21 00:00:00.000,2026-04-14 00:00:00.000,SEK,Service,,,2026-03-17 00:00:00.000,2026-07-10 08:00:00.000
2418,71,Synthetic Site 071,2026,Q3,Approved,2026-05-08 00:00:00.000,2026-06-10 00:00:00.000,2026-07-09 00:00:00.000,SEK,Service,,,2026-06-07 00:00:00.000,2026-07-10 08:00:00.000
2419,71,Synthetic Site 071,2026,Q4,Approved,2026-08-19 00:00:00.000,2026-09-07 00:00:00.000,2026-08-17 00:00:00.000,SEK,Service,,,2026-09-12 00:00:00.000,2026-07-10 08:00:00.000
2420,72,Synthetic Site 072,2022,Q1,Approved,2021-11-06 00:00:00.000,2021-12-30 00:00:00.000,2021-12-30 00:00:00.000,EUR,Other,,,2022-01-03 00:00:00.000,2026-07-10 08:00:00.000
2421,72,Synthetic Site 072,2022,Q2,Approved,2022-02-04 00:00:00.000,2022-03-20 00:00:00.000,2022-03-01 00:00:00.000,EUR,Other,,,2022-03-24 00:00:00.000,2026-07-10 08:00:00.000
2422,72,Synthetic Site 072,2022,Q3,Approved,2022-05-26 00:00:00.000,2022-06-11 00:00:00.000,2022-06-18 00:00:00.000,EUR,Other,,,2022-06-09 00:00:00.000,2026-07-10 08:00:00.000
2423,72,Synthetic Site 072,2022,Q4,Approved,2022-07-23 00:00:00.000,2022-09-19 00:00:00.000,2022-08-22 00:00:00.000,EUR,,,,2022-09-18 00:00:00.000,2026-07-10 08:00:00.000
2424,72,Synthetic Site 072,2023,Q1,Approved,2022-11-12 00:00:00.000,2022-11-24 00:00:00.000,2022-11-11 00:00:00.000,EUR,Other,,,2022-11-21 00:00:00.000,2026-07-10 08:00:00.000
2425,72,Synthetic Site 072,2023,Q2,Approved,2023-02-26 00:00:00.000,2023-03-12 00:00:00.000,2023-03-24 00:00:00.000,EUR,Other,,Data verified by site manager.,2023-03-10 00:00:00.000,2026-07-10 08:00:00.000
2426,72,Synthetic Site 072,2023,Q3,Approved,2023-05-09 00:00:00.000,2023-05-09 00:00:00.000,2023-04-11 00:00:00.000,EUR,,,,2023-05-13 00:00:00.000,2026-07-10 08:00:00.000
2427,72,Synthetic Site 072,2023,Q4,Approved,2023-08-15 00:00:00.000,2023-08-19 00:00:00.000,2023-08-13 00:00:00.000,EUR,Other,,,2023-08-21 00:00:00.000,2026-07-10 08:00:00.000
2428,72,Synthetic Site 072,2024,Q1,Approved,2023-10-20 00:00:00.000,2023-12-19 00:00:00.000,2023-12-01 00:00:00.000,EUR,Other,,,2023-12-18 00:00:00.000,2026-07-10 08:00:00.000
2429,72,Synthetic Site 072,2024,Q2,Approved,2024-01-23 00:00:00.000,2024-03-05 00:00:00.000,2024-04-04 00:00:00.000,EUR,Other,,,2024-03-05 00:00:00.000,2026-07-10 08:00:00.000
2430,72,Synthetic Site 072,2024,Q3,Approved,2024-04-25 00:00:00.000,2024-06-17 00:00:00.000,2024-06-12 00:00:00.000,EUR,Other,,,2024-06-16 00:00:00.000,2026-07-10 08:00:00.000
2431,72,Synthetic Site 072,2024,Q4,Approved,2024-08-07 00:00:00.000,2024-08-23 00:00:00.000,2024-08-15 00:00:00.000,EUR,Other,,,2024-08-28 00:00:00.000,2026-07-10 08:00:00.000
2432,72,Synthetic Site 072,2025,Q1,Approved,2024-10-25 00:00:00.000,2024-11-23 00:00:00.000,2024-12-19 00:00:00.000,EUR,Other,,,2024-11-28 00:00:00.000,2026-07-10 08:00:00.000
2433,72,Synthetic Site 072,2025,Q2,Approved,2025-01-31 00:00:00.000,2025-02-20 00:00:00.000,2025-03-21 00:00:00.000,EUR,Other,,,2025-02-20 00:00:00.000,2026-07-10 08:00:00.000
2434,72,Synthetic Site 072,2025,Q3,Approved,2025-05-13 00:00:00.000,2025-05-15 00:00:00.000,2025-06-05 00:00:00.000,EUR,Other,,,2025-05-10 00:00:00.000,2026-07-10 08:00:00.000
2435,72,Synthetic Site 072,2025,Q4,Approved,2025-07-19 00:00:00.000,,2025-08-07 00:00:00.000,EUR,,,,2025-08-09 00:00:00.000,2026-07-10 08:00:00.000
2436,72,Synthetic Site 072,2026,Q1,Approved,2025-11-25 00:00:00.000,2025-11-30 00:00:00.000,2025-11-05 00:00:00.000,EUR,Other,,,2025-12-05 00:00:00.000,2026-07-10 08:00:00.000
2437,72,Synthetic Site 072,2026,Q2,Approved,2026-01-31 00:00:00.000,2026-03-06 00:00:00.000,2026-03-02 00:00:00.000,EUR,Other,,,2026-03-03 00:00:00.000,2026-07-10 08:00:00.000
2438,72,Synthetic Site 072,2026,Q3,Approved,2026-05-13 00:00:00.000,2026-05-20 00:00:00.000,2026-05-03 00:00:00.000,EUR,Other,,,2026-05-16 00:00:00.000,2026-07-10 08:00:00.000
2439,72,Synthetic Site 072,2026,Q4,Approved,2026-08-05 00:00:00.000,2026-08-11 00:00:00.000,2026-09-09 00:00:00.000,EUR,Other,,,2026-08-06 00:00:00.000,2026-07-10 08:00:00.000
2440,73,Synthetic Site 073,2022,Q1,Approved,2021-11-12 00:00:00.000,2022-01-05 00:00:00.000,2022-01-16 00:00:00.000,RON,Mechanical Production,,,2022-01-08 00:00:00.000,2026-07-10 08:00:00.000
2441,73,Synthetic Site 073,2022,Q2,Approved,2022-01-30 00:00:00.000,2022-03-16 00:00:00.000,2022-02-27 00:00:00.000,RON,Mechanical Production,,,,2026-07-10 08:00:00.000
2442,73,Synthetic Site 073,2022,Q3,Approved,2022-05-27 00:00:00.000,2022-07-13 00:00:00.000,2022-08-12 00:00:00.000,RON,Mechanical Production,,,2022-07-08 00:00:00.000,2026-07-10 08:00:00.000
2443,73,Synthetic Site 073,2022,Q4,Approved,2022-07-24 00:00:00.000,2022-09-19 00:00:00.000,2022-10-19 00:00:00.000,RON,Mechanical Production,,,2022-09-16 00:00:00.000,2026-07-10 08:00:00.000
2444,73,Synthetic Site 073,2023,Q1,Approved,2022-10-21 00:00:00.000,2022-12-13 00:00:00.000,2022-12-07 00:00:00.000,RON,Mechanical Production,,,2022-12-08 00:00:00.000,2026-07-10 08:00:00.000
2445,73,Synthetic Site 073,2023,Q2,Approved,2023-02-21 00:00:00.000,2023-03-03 00:00:00.000,2023-02-14 00:00:00.000,RON,Mechanical Production,,,2023-03-04 00:00:00.000,2026-07-10 08:00:00.000
2446,73,Synthetic Site 073,2023,Q3,Approved,2023-05-08 00:00:00.000,2023-06-11 00:00:00.000,2023-06-05 00:00:00.000,RON,Mechanical Production,,,2023-06-14 00:00:00.000,2026-07-10 08:00:00.000
2447,73,Synthetic Site 073,2023,Q4,Approved,2023-07-31 00:00:00.000,2023-08-15 00:00:00.000,2023-07-18 00:00:00.000,RON,Mechanical Production,,,2023-08-18 00:00:00.000,2026-07-10 08:00:00.000
2448,73,Synthetic Site 073,2024,Q1,Approved,2023-11-04 00:00:00.000,2023-11-05 00:00:00.000,2023-10-14 00:00:00.000,RON,Mechanical Production,,,2023-11-04 00:00:00.000,2026-07-10 08:00:00.000
2449,73,Synthetic Site 073,2024,Q2,Approved,2024-02-15 00:00:00.000,2024-03-02 00:00:00.000,2024-02-15 00:00:00.000,RON,Mechanical Production,,,2024-03-02 00:00:00.000,2026-07-10 08:00:00.000
2450,73,Synthetic Site 073,2024,Q3,Approved,2024-04-24 00:00:00.000,2024-06-17 00:00:00.000,2024-07-10 00:00:00.000,RON,Mechanical Production,,,2024-06-15 00:00:00.000,2026-07-10 08:00:00.000
2451,73,Synthetic Site 073,2024,Q4,Approved,2024-08-22 00:00:00.000,2024-10-15 00:00:00.000,2024-09-25 00:00:00.000,RON,Mechanical Production,,,2024-10-16 00:00:00.000,2026-07-10 08:00:00.000
2452,73,Synthetic Site 073,2025,Q1,Approved,2024-11-16 00:00:00.000,2024-12-24 00:00:00.000,2025-01-23 00:00:00.000,RON,Mechanical Production,,,2024-12-25 00:00:00.000,2026-07-10 08:00:00.000
2453,73,Synthetic Site 073,2025,Q2,Approved,2025-02-07 00:00:00.000,2025-03-27 00:00:00.000,2025-03-01 00:00:00.000,RON,Mechanical Production,,,2025-04-01 00:00:00.000,2026-07-10 08:00:00.000
2454,73,Synthetic Site 073,2025,Q3,Approved,2025-04-23 00:00:00.000,2025-05-10 00:00:00.000,2025-06-05 00:00:00.000,RON,Mechanical Production,,,2025-05-15 00:00:00.000,2026-07-10 08:00:00.000
2455,73,Synthetic Site 073,2025,Q4,Approved,2025-08-14 00:00:00.000,2025-10-06 00:00:00.000,2025-09-15 00:00:00.000,RON,Mechanical Production,,,2025-10-01 00:00:00.000,2026-07-10 08:00:00.000
2456,73,Synthetic Site 073,2026,Q1,Approved,2025-11-21 00:00:00.000,2026-01-09 00:00:00.000,2026-01-12 00:00:00.000,RON,Mechanical Production,,,2026-01-10 00:00:00.000,2026-07-10 08:00:00.000
2457,73,Synthetic Site 073,2026,Q2,Approved,2026-01-14 00:00:00.000,2026-03-02 00:00:00.000,2026-02-25 00:00:00.000,RON,Mechanical Production,,,2026-03-05 00:00:00.000,2026-07-10 08:00:00.000
2458,73,Synthetic Site 073,2026,Q3,Approved,2026-04-22 00:00:00.000,2026-05-06 00:00:00.000,2026-04-14 00:00:00.000,RON,Mechanical Production,,,2026-05-06 00:00:00.000,2026-07-10 08:00:00.000
2459,73,Synthetic Site 073,2026,Q4,Approved,2026-08-02 00:00:00.000,2026-09-11 00:00:00.000,2026-09-09 00:00:00.000,RON,Mechanical Production,,,2026-09-14 00:00:00.000,2026-07-10 08:00:00.000
2460,74,Synthetic Site 074,2022,Q1,Approved,2021-10-27 00:00:00.000,2021-12-21 00:00:00.000,2021-12-06 00:00:00.000,CZK,Mechanical Production,,,2021-12-17 00:00:00.000,2026-07-10 08:00:00.000
2461,74,Synthetic Site 074,2022,Q2,Approved,2022-01-23 00:00:00.000,2022-03-20 00:00:00.000,2022-04-17 00:00:00.000,CZK,Mechanical Production,,,2022-03-24 00:00:00.000,2026-07-10 08:00:00.000
2462,74,Synthetic Site 074,2022,Q3,Approved,2022-05-29 00:00:00.000,2022-06-15 00:00:00.000,2022-06-11 00:00:00.000,CZK,Mechanical Production,,,2022-06-18 00:00:00.000,2026-07-10 08:00:00.000
2463,74,Synthetic Site 074,2022,Q4,Approved,2022-07-27 00:00:00.000,2022-09-10 00:00:00.000,2022-10-04 00:00:00.000,CZK,Mechanical Production,,,2022-09-15 00:00:00.000,2026-07-10 08:00:00.000
2464,74,Synthetic Site 074,2023,Q1,Approved,2022-11-16 00:00:00.000,2023-01-04 00:00:00.000,2023-01-29 00:00:00.000,CZK,Mechanical Production,,,2022-12-31 00:00:00.000,2026-07-10 08:00:00.000
2465,74,Synthetic Site 074,2023,Q2,Approved,2023-02-02 00:00:00.000,2023-03-17 00:00:00.000,2023-02-28 00:00:00.000,CZK,Mechanical Production,,,2023-03-13 00:00:00.000,2026-07-10 08:00:00.000
2466,74,Synthetic Site 074,2023,Q3,Approved,2023-05-22 00:00:00.000,2023-06-28 00:00:00.000,2023-07-20 00:00:00.000,CZK,Mechanical Production,,,2023-06-23 00:00:00.000,2026-07-10 08:00:00.000
2467,74,Synthetic Site 074,2023,Q4,Approved,2023-07-21 00:00:00.000,2023-08-21 00:00:00.000,2023-07-31 00:00:00.000,CZK,Mechanical Production,,,2023-08-16 00:00:00.000,2026-07-10 08:00:00.000
2468,74,Synthetic Site 074,2024,Q1,Approved,2023-10-30 00:00:00.000,2023-11-27 00:00:00.000,2023-12-03 00:00:00.000,CZK,Mechanical Production,,,2023-12-02 00:00:00.000,2026-07-10 08:00:00.000
2469,74,Synthetic Site 074,2024,Q2,Approved,2024-02-04 00:00:00.000,2024-03-18 00:00:00.000,2024-03-18 00:00:00.000,CZK,Mechanical Production,,,2024-03-17 00:00:00.000,2026-07-10 08:00:00.000
2470,74,Synthetic Site 074,2024,Q3,Approved,2024-04-26 00:00:00.000,2024-05-08 00:00:00.000,2024-05-30 00:00:00.000,CZK,Mechanical Production,,,2024-05-11 00:00:00.000,2026-07-10 08:00:00.000
2471,74,Synthetic Site 074,2024,Q4,Approved,2024-07-16 00:00:00.000,2024-07-17 00:00:00.000,2024-07-23 00:00:00.000,CZK,Mechanical Production,,,2024-07-14 00:00:00.000,2026-07-10 08:00:00.000
2472,74,Synthetic Site 074,2025,Q1,Approved,2024-11-17 00:00:00.000,2024-11-28 00:00:00.000,2024-11-08 00:00:00.000,CZK,Mechanical Production,,,2024-11-30 00:00:00.000,2026-07-10 08:00:00.000
2473,74,Synthetic Site 074,2025,Q2,Approved,2025-02-23 00:00:00.000,2025-04-01 00:00:00.000,2025-03-05 00:00:00.000,CZK,Mechanical Production,,,2025-03-28 00:00:00.000,2026-07-10 08:00:00.000
2474,74,Synthetic Site 074,2025,Q3,Approved,2025-05-19 00:00:00.000,2025-07-03 00:00:00.000,2025-06-12 00:00:00.000,CZK,Mechanical Production,,,2025-07-05 00:00:00.000,2026-07-10 08:00:00.000
2475,74,Synthetic Site 074,2025,Q4,Approved,2025-07-26 00:00:00.000,2025-08-28 00:00:00.000,2025-09-04 00:00:00.000,CZK,Mechanical Production,,,2025-09-02 00:00:00.000,2026-07-10 08:00:00.000
2476,74,Synthetic Site 074,2026,Q1,Approved,2025-11-15 00:00:00.000,2026-01-07 00:00:00.000,2025-12-28 00:00:00.000,CZK,Mechanical Production,,,2026-01-12 00:00:00.000,2026-07-10 08:00:00.000
2477,74,Synthetic Site 074,2026,Q2,Approved,2026-01-30 00:00:00.000,2026-02-12 00:00:00.000,2026-02-23 00:00:00.000,CZK,Mechanical Production,,,2026-02-09 00:00:00.000,2026-07-10 08:00:00.000
2478,74,Synthetic Site 074,2026,Q3,Approved,2026-04-14 00:00:00.000,2026-05-02 00:00:00.000,2026-05-20 00:00:00.000,CZK,Mechanical Production,,,2026-05-06 00:00:00.000,2026-07-10 08:00:00.000
2479,74,Synthetic Site 074,2026,Q4,Approved,2026-08-15 00:00:00.000,2026-10-03 00:00:00.000,2026-10-04 00:00:00.000,CZK,Mechanical Production,,,2026-09-29 00:00:00.000,2026-07-10 08:00:00.000
2480,75,Synthetic Site 075,2022,Q1,Approved,2021-11-30 00:00:00.000,2022-01-20 00:00:00.000,2022-01-17 00:00:00.000,PLN,Assembling,,,2022-01-19 00:00:00.000,2026-07-10 08:00:00.000
2481,75,Synthetic Site 075,2022,Q2,Approved,2022-01-22 00:00:00.000,2022-01-26 00:00:00.000,2022-02-06 00:00:00.000,PLN,Assembling,Site-level environmental report covering all activities.,,2022-01-27 00:00:00.000,2026-07-10 08:00:00.000
2482,75,Synthetic Site 075,2022,Q3,Approved,2022-05-11 00:00:00.000,2022-05-11 00:00:00.000,2022-04-22 00:00:00.000,PLN,Assembling,,,2022-05-07 00:00:00.000,2026-07-10 08:00:00.000
2483,75,Synthetic Site 075,2022,Q4,Approved,2022-07-30 00:00:00.000,2022-09-23 00:00:00.000,2022-09-07 00:00:00.000,PLN,Assembling,,,2022-09-23 00:00:00.000,2026-07-10 08:00:00.000
2484,75,Synthetic Site 075,2023,Q1,Approved,2022-10-20 00:00:00.000,2022-11-03 00:00:00.000,2022-10-30 00:00:00.000,PLN,Assembling,,,2022-11-07 00:00:00.000,2026-07-10 08:00:00.000
2485,75,Synthetic Site 075,2023,Q2,Approved,2023-01-26 00:00:00.000,2023-03-04 00:00:00.000,2023-03-12 00:00:00.000,PLN,Assembling,,,2023-02-27 00:00:00.000,2026-07-10 08:00:00.000
2486,75,Synthetic Site 075,2023,Q3,Approved,2023-05-21 00:00:00.000,2023-06-06 00:00:00.000,2023-06-02 00:00:00.000,PLN,Assembling,,,2023-06-10 00:00:00.000,2026-07-10 08:00:00.000
2487,75,Synthetic Site 075,2023,Q4,Approved,2023-08-27 00:00:00.000,2023-09-05 00:00:00.000,2023-09-10 00:00:00.000,PLN,Assembling,Site-level environmental report covering all activities.,,2023-09-01 00:00:00.000,2026-07-10 08:00:00.000
2488,75,Synthetic Site 075,2024,Q1,Approved,2023-11-29 00:00:00.000,,2023-12-16 00:00:00.000,PLN,Assembling,,,2024-01-02 00:00:00.000,2026-07-10 08:00:00.000
2489,75,Synthetic Site 075,2024,Q2,Approved,2024-01-19 00:00:00.000,2024-01-25 00:00:00.000,2024-02-10 00:00:00.000,PLN,Assembling,,,2024-01-28 00:00:00.000,2026-07-10 08:00:00.000
2490,75,Synthetic Site 075,2024,Q3,Approved,2024-04-30 00:00:00.000,2024-06-20 00:00:00.000,2024-07-14 00:00:00.000,PLN,Assembling,,,2024-06-19 00:00:00.000,2026-07-10 08:00:00.000
2491,75,Synthetic Site 075,2024,Q4,Approved,2024-08-22 00:00:00.000,2024-09-13 00:00:00.000,2024-10-07 00:00:00.000,PLN,Assembling,,,2024-09-11 00:00:00.000,2026-07-10 08:00:00.000
2492,75,Synthetic Site 075,2025,Q1,Approved,2024-11-01 00:00:00.000,2024-11-25 00:00:00.000,2024-12-01 00:00:00.000,PLN,Assembling,,,2024-11-20 00:00:00.000,2026-07-10 08:00:00.000
2493,75,Synthetic Site 075,2025,Q2,Approved,2025-01-15 00:00:00.000,2025-01-29 00:00:00.000,2024-12-31 00:00:00.000,PLN,Assembling,,,2025-01-25 00:00:00.000,2026-07-10 08:00:00.000
2494,75,Synthetic Site 075,2025,Q3,Approved,2025-05-03 00:00:00.000,2025-05-08 00:00:00.000,2025-05-15 00:00:00.000,PLN,Assembling,,,2025-05-12 00:00:00.000,2026-07-10 08:00:00.000
2495,75,Synthetic Site 075,2025,Q4,Approved,2025-08-18 00:00:00.000,2025-08-28 00:00:00.000,2025-08-13 00:00:00.000,PLN,,,,2025-08-31 00:00:00.000,2026-07-10 08:00:00.000
2496,75,Synthetic Site 075,2026,Q1,Approved,2025-10-18 00:00:00.000,2025-11-06 00:00:00.000,2025-12-03 00:00:00.000,PLN,Assembling,,,2025-11-08 00:00:00.000,2026-07-10 08:00:00.000
2497,75,Synthetic Site 075,2026,Q2,Approved,2026-02-07 00:00:00.000,2026-04-07 00:00:00.000,2026-03-28 00:00:00.000,PLN,Assembling,,,2026-04-07 00:00:00.000,2026-07-10 08:00:00.000
2498,75,Synthetic Site 075,2026,Q3,Approved,2026-05-21 00:00:00.000,2026-07-11 00:00:00.000,2026-07-30 00:00:00.000,PLN,Assembling,,,2026-07-06 00:00:00.000,2026-07-10 08:00:00.000
2499,75,Synthetic Site 075,2026,Q4,Approved,2026-08-16 00:00:00.000,2026-09-24 00:00:00.000,2026-10-13 00:00:00.000,PLN,Assembling,,,2026-09-28 00:00:00.000,2026-07-10 08:00:00.000
2500,76,Synthetic Site 076,2022,Q1,Approved,2021-11-08 00:00:00.000,2021-11-29 00:00:00.000,2021-11-11 00:00:00.000,EUR,Office/Administration,,,2021-12-02 00:00:00.000,2026-07-10 08:00:00.000
2501,76,Synthetic Site 076,2022,Q2,Approved,2022-02-10 00:00:00.000,2022-03-31 00:00:00.000,2022-04-04 00:00:00.000,EUR,Office/Administration,,,2022-03-31 00:00:00.000,2026-07-10 08:00:00.000
2502,76,Synthetic Site 076,2022,Q3,Approved,2022-04-23 00:00:00.000,2022-06-09 00:00:00.000,2022-07-04 00:00:00.000,EUR,Office/Administration,,,2022-06-08 00:00:00.000,2026-07-10 08:00:00.000
2503,76,Synthetic Site 076,2022,Q4,Approved,2022-07-25 00:00:00.000,2022-09-03 00:00:00.000,2022-09-25 00:00:00.000,EUR,Office/Administration,,,2022-09-06 00:00:00.000,2026-07-10 08:00:00.000
2504,76,Synthetic Site 076,2023,Q1,Approved,2022-11-30 00:00:00.000,2022-12-13 00:00:00.000,2023-01-04 00:00:00.000,,Office/Administration,,,2022-12-17 00:00:00.000,2026-07-10 08:00:00.000
2505,76,Synthetic Site 076,2023,Q2,Approved,2023-01-16 00:00:00.000,2023-02-16 00:00:00.000,2023-01-21 00:00:00.000,EUR,Office/Administration,,,2023-02-17 00:00:00.000,2026-07-10 08:00:00.000
2506,76,Synthetic Site 076,2023,Q3,Approved,2023-05-08 00:00:00.000,2023-06-11 00:00:00.000,2023-05-16 00:00:00.000,EUR,Office/Administration,,,2023-06-15 00:00:00.000,2026-07-10 08:00:00.000
2507,76,Synthetic Site 076,2023,Q4,Approved,2023-08-19 00:00:00.000,2023-08-29 00:00:00.000,2023-09-08 00:00:00.000,EUR,Office/Administration,,,2023-08-29 00:00:00.000,2026-07-10 08:00:00.000
2508,76,Synthetic Site 076,2024,Q1,Approved,2023-11-23 00:00:00.000,2023-12-31 00:00:00.000,2023-12-09 00:00:00.000,EUR,Office/Administration,,,2024-01-01 00:00:00.000,2026-07-10 08:00:00.000
2509,76,Synthetic Site 076,2024,Q2,Approved,2024-01-31 00:00:00.000,2024-03-17 00:00:00.000,2024-03-25 00:00:00.000,EUR,Office/Administration,,,2024-03-15 00:00:00.000,2026-07-10 08:00:00.000
2510,76,Synthetic Site 076,2024,Q3,Approved,2024-05-13 00:00:00.000,2024-06-30 00:00:00.000,2024-07-03 00:00:00.000,EUR,Office/Administration,,,2024-07-01 00:00:00.000,2026-07-10 08:00:00.000
2511,76,Synthetic Site 076,2024,Q4,Approved,2024-08-04 00:00:00.000,2024-08-05 00:00:00.000,2024-08-16 00:00:00.000,EUR,Office/Administration,,,2024-08-04 00:00:00.000,2026-07-10 08:00:00.000
2512,76,Synthetic Site 076,2025,Q1,Approved,2024-11-13 00:00:00.000,2025-01-07 00:00:00.000,2025-01-09 00:00:00.000,EUR,Office/Administration,,,2025-01-02 00:00:00.000,2026-07-10 08:00:00.000
2513,76,Synthetic Site 076,2025,Q2,Approved,2025-01-26 00:00:00.000,2025-03-15 00:00:00.000,2025-03-19 00:00:00.000,EUR,Office/Administration,,,2025-03-15 00:00:00.000,2026-07-10 08:00:00.000
2514,76,Synthetic Site 076,2025,Q3,Approved,2025-05-17 00:00:00.000,2025-06-16 00:00:00.000,2025-06-23 00:00:00.000,EUR,Office/Administration,,,2025-06-17 00:00:00.000,2026-07-10 08:00:00.000
2515,76,Synthetic Site 076,2025,Q4,Approved,2025-07-23 00:00:00.000,2025-08-19 00:00:00.000,2025-08-17 00:00:00.000,EUR,Office/Administration,,,2025-08-17 00:00:00.000,2026-07-10 08:00:00.000
2516,76,Synthetic Site 076,2026,Q1,Approved,2025-11-27 00:00:00.000,2025-12-10 00:00:00.000,2025-12-14 00:00:00.000,EUR,Office/Administration,,,2025-12-11 00:00:00.000,2026-07-10 08:00:00.000
2517,76,Synthetic Site 076,2026,Q2,Approved,2026-01-22 00:00:00.000,2026-02-13 00:00:00.000,2026-02-04 00:00:00.000,EUR,Office/Administration,,,2026-02-13 00:00:00.000,2026-07-10 08:00:00.000
2518,76,Synthetic Site 076,2026,Q3,Approved,2026-05-06 00:00:00.000,2026-06-26 00:00:00.000,2026-07-19 00:00:00.000,EUR,Office/Administration,,,2026-06-21 00:00:00.000,2026-07-10 08:00:00.000
2519,76,Synthetic Site 076,2026,Q4,Approved,2026-08-24 00:00:00.000,2026-09-29 00:00:00.000,2026-09-21 00:00:00.000,EUR,Office/Administration,,,2026-10-04 00:00:00.000,2026-07-10 08:00:00.000
2520,77,Synthetic Site 077,2022,Q1,Approved,2021-11-28 00:00:00.000,2021-12-16 00:00:00.000,2021-12-17 00:00:00.000,EUR,Office/Administration,,,2021-12-17 00:00:00.000,2026-07-10 08:00:00.000
2521,77,Synthetic Site 077,2022,Q2,Approved,2022-02-13 00:00:00.000,2022-04-01 00:00:00.000,2022-03-18 00:00:00.000,EUR,Office/Administration,,,2022-03-29 00:00:00.000,2026-07-10 08:00:00.000
2522,77,Synthetic Site 077,2022,Q3,Approved,2022-04-15 00:00:00.000,2022-05-26 00:00:00.000,2022-05-14 00:00:00.000,EUR,Office/Administration,,Data verified by site manager.,2022-05-24 00:00:00.000,2026-07-10 08:00:00.000
2523,77,Synthetic Site 077,2022,Q4,Approved,2022-08-27 00:00:00.000,2022-09-26 00:00:00.000,2022-09-22 00:00:00.000,EUR,Office/Administration,,,2022-09-26 00:00:00.000,2026-07-10 08:00:00.000
2524,77,Synthetic Site 077,2023,Q1,Approved,2022-11-06 00:00:00.000,2022-12-06 00:00:00.000,2022-12-31 00:00:00.000,EUR,Office/Administration,,,2022-12-01 00:00:00.000,2026-07-10 08:00:00.000
2525,77,Synthetic Site 077,2023,Q2,Approved,2023-01-30 00:00:00.000,2023-03-29 00:00:00.000,2023-03-28 00:00:00.000,EUR,Office/Administration,,,2023-04-02 00:00:00.000,2026-07-10 08:00:00.000
2526,77,Synthetic Site 077,2023,Q3,Approved,2023-05-23 00:00:00.000,2023-06-06 00:00:00.000,2023-06-16 00:00:00.000,EUR,Office/Administration,,,2023-06-02 00:00:00.000,2026-07-10 08:00:00.000
2527,77,Synthetic Site 077,2023,Q4,Approved,2023-08-08 00:00:00.000,2023-08-23 00:00:00.000,2023-08-21 00:00:00.000,,Office/Administration,,,2023-08-19 00:00:00.000,2026-07-10 08:00:00.000
2528,77,Synthetic Site 077,2024,Q1,Approved,2023-10-24 00:00:00.000,2023-12-04 00:00:00.000,2024-01-02 00:00:00.000,EUR,Office/Administration,,,2023-12-05 00:00:00.000,2026-07-10 08:00:00.000
2529,77,Synthetic Site 077,2024,Q2,Approved,2024-01-27 00:00:00.000,2024-03-16 00:00:00.000,2024-03-07 00:00:00.000,EUR,Office/Administration,,,2024-03-13 00:00:00.000,2026-07-10 08:00:00.000
2530,77,Synthetic Site 077,2024,Q3,Approved,2024-04-14 00:00:00.000,2024-05-15 00:00:00.000,2024-04-18 00:00:00.000,EUR,Office/Administration,,,2024-05-19 00:00:00.000,2026-07-10 08:00:00.000
2531,77,Synthetic Site 077,2024,Q4,Approved,2024-08-12 00:00:00.000,2024-08-27 00:00:00.000,2024-08-11 00:00:00.000,EUR,Office/Administration,,,2024-08-24 00:00:00.000,2026-07-10 08:00:00.000
2532,77,Synthetic Site 077,2025,Q1,Approved,2024-11-03 00:00:00.000,2024-12-17 00:00:00.000,2024-12-06 00:00:00.000,EUR,Office/Administration,,,2024-12-16 00:00:00.000,2026-07-10 08:00:00.000
2533,77,Synthetic Site 077,2025,Q2,Approved,2025-01-28 00:00:00.000,2025-02-01 00:00:00.000,2025-03-02 00:00:00.000,EUR,Office/Administration,,,2025-02-06 00:00:00.000,2026-07-10 08:00:00.000
2534,77,Synthetic Site 077,2025,Q3,In Work,2025-04-27 00:00:00.000,2025-05-31 00:00:00.000,,,Office/Administration,,,2025-05-26 00:00:00.000,2026-07-10 08:00:00.000
2535,77,Synthetic Site 077,2025,Q4,Approved,2025-07-23 00:00:00.000,2025-09-02 00:00:00.000,2025-08-13 00:00:00.000,EUR,Office/Administration,,,2025-09-07 00:00:00.000,2026-07-10 08:00:00.000
2536,77,Synthetic Site 077,2026,Q1,Approved,2025-11-08 00:00:00.000,2025-11-17 00:00:00.000,2025-12-01 00:00:00.000,EUR,,,,2025-11-12 00:00:00.000,2026-07-10 08:00:00.000
2537,77,Synthetic Site 077,2026,Q2,Approved,2026-01-18 00:00:00.000,2026-01-22 00:00:00.000,2026-02-14 00:00:00.000,EUR,Office/Administration,,,2026-01-17 00:00:00.000,2026-07-10 08:00:00.000
2538,77,Synthetic Site 077,2026,Q3,Approved,2026-05-15 00:00:00.000,2026-06-24 00:00:00.000,2026-06-13 00:00:00.000,EUR,Office/Administration,,,2026-06-28 00:00:00.000,2026-07-10 08:00:00.000
2539,77,Synthetic Site 077,2026,Q4,Approved,2026-08-15 00:00:00.000,2026-08-15 00:00:00.000,2026-09-04 00:00:00.000,EUR,Office/Administration,,,2026-08-17 00:00:00.000,2026-07-10 08:00:00.000
2540,78,Synthetic Site 078,2022,Q1,Approved,2021-10-20 00:00:00.000,2021-12-10 00:00:00.000,2021-12-13 00:00:00.000,EUR,Mechanical Production,,,2021-12-08 00:00:00.000,2026-07-10 08:00:00.000
2541,78,Synthetic Site 078,2022,Q2,Approved,2022-01-23 00:00:00.000,2022-02-28 00:00:00.000,2022-03-11 00:00:00.000,EUR,Mechanical Production,,,2022-02-25 00:00:00.000,2026-07-10 08:00:00.000
2542,78,Synthetic Site 078,2022,Q3,Approved,2022-05-09 00:00:00.000,2022-05-31 00:00:00.000,2022-06-15 00:00:00.000,EUR,Mechanical Production,,,2022-05-31 00:00:00.000,2026-07-10 08:00:00.000
2543,78,Synthetic Site 078,2022,Q4,Approved,2022-07-24 00:00:00.000,2022-08-06 00:00:00.000,2022-07-07 00:00:00.000,EUR,Mechanical Production,,,2022-08-06 00:00:00.000,2026-07-10 08:00:00.000
2544,78,Synthetic Site 078,2023,Q1,Approved,2022-11-08 00:00:00.000,2022-12-22 00:00:00.000,2023-01-09 00:00:00.000,EUR,Mechanical Production,,,2022-12-23 00:00:00.000,2026-07-10 08:00:00.000
2545,78,Synthetic Site 078,2023,Q2,Approved,2023-01-24 00:00:00.000,2023-02-20 00:00:00.000,2023-02-06 00:00:00.000,EUR,Mechanical Production,,,2023-02-19 00:00:00.000,2026-07-10 08:00:00.000
2546,78,Synthetic Site 078,2023,Q3,Approved,2023-05-25 00:00:00.000,2023-06-09 00:00:00.000,2023-05-17 00:00:00.000,EUR,Mechanical Production,,,2023-06-11 00:00:00.000,2026-07-10 08:00:00.000
2547,78,Synthetic Site 078,2023,Q4,Approved,2023-07-22 00:00:00.000,2023-08-04 00:00:00.000,2023-07-08 00:00:00.000,EUR,Mechanical Production,,,2023-08-01 00:00:00.000,2026-07-10 08:00:00.000
2548,78,Synthetic Site 078,2024,Q1,Approved,2023-11-22 00:00:00.000,2023-12-28 00:00:00.000,2024-01-21 00:00:00.000,EUR,Mechanical Production,,,2023-12-25 00:00:00.000,2026-07-10 08:00:00.000
2549,78,Synthetic Site 078,2024,Q2,Approved,2024-02-07 00:00:00.000,2024-04-06 00:00:00.000,2024-03-14 00:00:00.000,EUR,Mechanical Production,,,2024-04-01 00:00:00.000,2026-07-10 08:00:00.000
2550,78,Synthetic Site 078,2024,Q3,Approved,2024-04-17 00:00:00.000,2024-06-09 00:00:00.000,2024-06-04 00:00:00.000,EUR,Mechanical Production,,,2024-06-05 00:00:00.000,2026-07-10 08:00:00.000
2551,78,Synthetic Site 078,2024,Q4,Approved,2024-07-25 00:00:00.000,2024-07-26 00:00:00.000,2024-08-25 00:00:00.000,EUR,Mechanical Production,,,2024-07-30 00:00:00.000,2026-07-10 08:00:00.000
2552,78,Synthetic Site 078,2025,Q1,Approved,2024-10-24 00:00:00.000,2024-12-16 00:00:00.000,2024-12-08 00:00:00.000,EUR,Mechanical Production,,,2024-12-18 00:00:00.000,2026-07-10 08:00:00.000
2553,78,Synthetic Site 078,2025,Q2,Approved,2025-01-21 00:00:00.000,2025-01-26 00:00:00.000,2025-01-03 00:00:00.000,EUR,Mechanical Production,,,2025-01-24 00:00:00.000,2026-07-10 08:00:00.000
2554,78,Synthetic Site 078,2025,Q3,Approved,2025-05-13 00:00:00.000,2025-07-07 00:00:00.000,2025-08-03 00:00:00.000,EUR,Mechanical Production,All environmental data for the site premises.,,2025-07-11 00:00:00.000,2026-07-10 08:00:00.000
2555,78,Synthetic Site 078,2025,Q4,Approved,2025-08-17 00:00:00.000,2025-09-09 00:00:00.000,2025-09-11 00:00:00.000,EUR,Mechanical Production,,,2025-09-13 00:00:00.000,2026-07-10 08:00:00.000
2556,78,Synthetic Site 078,2026,Q1,Approved,2025-11-21 00:00:00.000,2026-01-11 00:00:00.000,2026-01-20 00:00:00.000,EUR,Mechanical Production,,,2026-01-16 00:00:00.000,2026-07-10 08:00:00.000
2557,78,Synthetic Site 078,2026,Q2,Approved,,2026-03-12 00:00:00.000,2026-04-07 00:00:00.000,EUR,Mechanical Production,,,2026-03-12 00:00:00.000,2026-07-10 08:00:00.000
2558,78,Synthetic Site 078,2026,Q3,Approved,2026-05-09 00:00:00.000,2026-06-17 00:00:00.000,2026-07-02 00:00:00.000,EUR,Mechanical Production,,,2026-06-17 00:00:00.000,2026-07-10 08:00:00.000
2559,78,Synthetic Site 078,2026,Q4,Approved,2026-08-05 00:00:00.000,2026-08-16 00:00:00.000,2026-07-23 00:00:00.000,EUR,Mechanical Production,,,,2026-07-10 08:00:00.000
2560,79,Synthetic Site 079,2022,Q1,Approved,2021-11-21 00:00:00.000,2021-12-09 00:00:00.000,2021-12-08 00:00:00.000,PLN,Office/Administration,,,2021-12-11 00:00:00.000,2026-07-10 08:00:00.000
2561,79,Synthetic Site 079,2022,Q2,Approved,2022-02-12 00:00:00.000,2022-04-13 00:00:00.000,2022-03-15 00:00:00.000,PLN,Office/Administration,,,2022-04-14 00:00:00.000,2026-07-10 08:00:00.000
2562,79,Synthetic Site 079,2022,Q3,Approved,2022-05-09 00:00:00.000,2022-06-20 00:00:00.000,2022-05-22 00:00:00.000,PLN,Office/Administration,,,2022-06-25 00:00:00.000,2026-07-10 08:00:00.000
2563,79,Synthetic Site 079,2022,Q4,Approved,2022-08-10 00:00:00.000,2022-09-15 00:00:00.000,2022-09-30 00:00:00.000,PLN,Office/Administration,,,2022-09-12 00:00:00.000,2026-07-10 08:00:00.000
2564,79,Synthetic Site 079,2023,Q1,Approved,2022-10-17 00:00:00.000,2022-11-12 00:00:00.000,2022-12-05 00:00:00.000,PLN,Office/Administration,,,2022-11-14 00:00:00.000,2026-07-10 08:00:00.000
2565,79,Synthetic Site 079,2023,Q2,Approved,2023-02-17 00:00:00.000,2023-03-13 00:00:00.000,2023-02-11 00:00:00.000,PLN,Office/Administration,,,2023-03-13 00:00:00.000,2026-07-10 08:00:00.000
2566,79,Synthetic Site 079,2023,Q3,Approved,2023-05-22 00:00:00.000,2023-07-11 00:00:00.000,2023-06-30 00:00:00.000,PLN,Office/Administration,,,2023-07-16 00:00:00.000,2026-07-10 08:00:00.000
2567,79,Synthetic Site 079,2023,Q4,Approved,2023-07-14 00:00:00.000,2023-07-28 00:00:00.000,2023-08-06 00:00:00.000,PLN,Office/Administration,,,2023-07-24 00:00:00.000,2026-07-10 08:00:00.000
2568,79,Synthetic Site 079,2024,Q1,Approved,2023-10-24 00:00:00.000,2023-11-10 00:00:00.000,2023-11-12 00:00:00.000,PLN,Office/Administration,Includes all energy and emissions from site operations.,,2023-11-07 00:00:00.000,2026-07-10 08:00:00.000
2569,79,Synthetic Site 079,2024,Q2,Approved,2024-01-21 00:00:00.000,2024-01-21 00:00:00.000,2024-02-08 00:00:00.000,PLN,Office/Administration,,,2024-01-18 00:00:00.000,2026-07-10 08:00:00.000
2570,79,Synthetic Site 079,2024,Q3,Approved,2024-04-18 00:00:00.000,2024-04-19 00:00:00.000,2024-05-07 00:00:00.000,PLN,Office/Administration,Includes all energy and emissions from site operations.,,2024-04-21 00:00:00.000,2026-07-10 08:00:00.000
2571,79,Synthetic Site 079,2024,Q4,Approved,,2024-09-04 00:00:00.000,2024-09-24 00:00:00.000,PLN,Office/Administration,,,2024-09-07 00:00:00.000,2026-07-10 08:00:00.000
2572,79,Synthetic Site 079,2025,Q1,Approved,2024-11-13 00:00:00.000,2024-12-22 00:00:00.000,2025-01-04 00:00:00.000,PLN,Office/Administration,,,2024-12-27 00:00:00.000,2026-07-10 08:00:00.000
2573,79,Synthetic Site 079,2025,Q2,Approved,2025-02-10 00:00:00.000,2025-04-08 00:00:00.000,2025-04-23 00:00:00.000,PLN,Office/Administration,,,2025-04-06 00:00:00.000,2026-07-10 08:00:00.000
2574,79,Synthetic Site 079,2025,Q3,Approved,2025-05-27 00:00:00.000,2025-06-27 00:00:00.000,2025-07-09 00:00:00.000,PLN,Office/Administration,,,2025-07-02 00:00:00.000,2026-07-10 08:00:00.000
2575,79,Synthetic Site 079,2025,Q4,Approved,2025-08-20 00:00:00.000,2025-10-13 00:00:00.000,2025-10-20 00:00:00.000,PLN,Office/Administration,,,2025-10-14 00:00:00.000,2026-07-10 08:00:00.000
2576,79,Synthetic Site 079,2026,Q1,Approved,2025-10-19 00:00:00.000,2025-10-27 00:00:00.000,2025-10-29 00:00:00.000,PLN,Office/Administration,,,2025-10-29 00:00:00.000,2026-07-10 08:00:00.000
2577,79,Synthetic Site 079,2026,Q2,Approved,2026-02-04 00:00:00.000,2026-03-04 00:00:00.000,2026-03-05 00:00:00.000,PLN,,,,,2026-07-10 08:00:00.000
2578,79,Synthetic Site 079,2026,Q3,Approved,2026-05-01 00:00:00.000,2026-06-18 00:00:00.000,2026-05-26 00:00:00.000,PLN,Office/Administration,,,2026-06-18 00:00:00.000,2026-07-10 08:00:00.000
2579,79,Synthetic Site 079,2026,Q4,Approved,2026-08-03 00:00:00.000,2026-09-08 00:00:00.000,2026-08-22 00:00:00.000,,Office/Administration,,,2026-09-04 00:00:00.000,2026-07-10 08:00:00.000
2580,80,Synthetic Site 080,2022,Q1,Approved,2021-11-07 00:00:00.000,2021-11-14 00:00:00.000,2021-10-26 00:00:00.000,EUR,Assembling,,Data verified by site manager.,2021-11-18 00:00:00.000,2026-07-10 08:00:00.000
2581,80,Synthetic Site 080,2022,Q2,Approved,2022-01-31 00:00:00.000,2022-03-05 00:00:00.000,2022-04-04 00:00:00.000,EUR,Assembling,Includes all energy and emissions from site operations.,,2022-03-09 00:00:00.000,2026-07-10 08:00:00.000
2582,80,Synthetic Site 080,2022,Q3,Approved,2022-05-17 00:00:00.000,2022-07-09 00:00:00.000,2022-08-07 00:00:00.000,EUR,Assembling,,,2022-07-14 00:00:00.000,2026-07-10 08:00:00.000
2583,80,Synthetic Site 080,2022,Q4,Approved,2022-07-17 00:00:00.000,2022-07-29 00:00:00.000,2022-08-04 00:00:00.000,EUR,Assembling,,,2022-07-30 00:00:00.000,2026-07-10 08:00:00.000
2584,80,Synthetic Site 080,2023,Q1,Approved,2022-11-01 00:00:00.000,2022-12-31 00:00:00.000,2023-01-06 00:00:00.000,EUR,Assembling,,,2022-12-26 00:00:00.000,2026-07-10 08:00:00.000
2585,80,Synthetic Site 080,2023,Q2,Approved,2023-01-15 00:00:00.000,2023-01-30 00:00:00.000,2023-01-05 00:00:00.000,EUR,Assembling,,,2023-01-31 00:00:00.000,2026-07-10 08:00:00.000
2586,80,Synthetic Site 080,2023,Q3,Approved,2023-05-26 00:00:00.000,2023-06-28 00:00:00.000,2023-06-23 00:00:00.000,EUR,Assembling,,,2023-06-29 00:00:00.000,2026-07-10 08:00:00.000
2587,80,Synthetic Site 080,2023,Q4,Approved,2023-08-26 00:00:00.000,2023-10-17 00:00:00.000,2023-11-15 00:00:00.000,EUR,Assembling,,,2023-10-22 00:00:00.000,2026-07-10 08:00:00.000
2588,80,Synthetic Site 080,2024,Q1,Approved,2023-11-15 00:00:00.000,2023-12-26 00:00:00.000,2024-01-05 00:00:00.000,EUR,Assembling,,,2023-12-30 00:00:00.000,2026-07-10 08:00:00.000
2589,80,Synthetic Site 080,2024,Q2,Approved,2024-02-27 00:00:00.000,2024-03-19 00:00:00.000,2024-04-08 00:00:00.000,EUR,Assembling,,,2024-03-19 00:00:00.000,2026-07-10 08:00:00.000
2590,80,Synthetic Site 080,2024,Q3,Approved,2024-05-14 00:00:00.000,2024-06-20 00:00:00.000,2024-07-01 00:00:00.000,EUR,Assembling,,,2024-06-16 00:00:00.000,2026-07-10 08:00:00.000
2591,80,Synthetic Site 080,2024,Q4,Approved,2024-08-16 00:00:00.000,2024-08-17 00:00:00.000,2024-09-13 00:00:00.000,,Assembling,,,2024-08-19 00:00:00.000,2026-07-10 08:00:00.000
2592,80,Synthetic Site 080,2025,Q1,Approved,2024-11-22 00:00:00.000,,2025-01-04 00:00:00.000,EUR,Assembling,,,2024-12-24 00:00:00.000,2026-07-10 08:00:00.000
2593,80,Synthetic Site 080,2025,Q2,Approved,2025-02-26 00:00:00.000,2025-03-15 00:00:00.000,2025-03-22 00:00:00.000,EUR,Assembling,,,2025-03-17 00:00:00.000,2026-07-10 08:00:00.000
2594,80,Synthetic Site 080,2025,Q3,Approved,2025-05-12 00:00:00.000,2025-07-03 00:00:00.000,2025-07-31 00:00:00.000,,Assembling,,,2025-06-30 00:00:00.000,2026-07-10 08:00:00.000
2595,80,Synthetic Site 080,2025,Q4,Approved,2025-07-27 00:00:00.000,2025-09-10 00:00:00.000,2025-09-22 00:00:00.000,EUR,,,,2025-09-13 00:00:00.000,2026-07-10 08:00:00.000
2596,80,Synthetic Site 080,2026,Q1,Approved,2025-10-26 00:00:00.000,2025-12-02 00:00:00.000,2025-11-15 00:00:00.000,EUR,Assembling,,,2025-11-29 00:00:00.000,2026-07-10 08:00:00.000
2597,80,Synthetic Site 080,2026,Q2,Approved,2026-02-02 00:00:00.000,2026-03-12 00:00:00.000,2026-04-10 00:00:00.000,EUR,Assembling,,,2026-03-13 00:00:00.000,2026-07-10 08:00:00.000
2598,80,Synthetic Site 080,2026,Q3,Approved,2026-04-30 00:00:00.000,2026-06-24 00:00:00.000,2026-06-21 00:00:00.000,EUR,Assembling,,,2026-06-24 00:00:00.000,2026-07-10 08:00:00.000
2599,80,Synthetic Site 080,2026,Q4,Approved,2026-08-06 00:00:00.000,2026-08-26 00:00:00.000,2026-08-01 00:00:00.000,EUR,Assembling,,,2026-08-28 00:00:00.000,2026-07-10 08:00:00.000
